# Made in Blockbench 5.0.7
mtllib athen-catenary-5m-double.mtl

o cube
v -0.0625 0.5 -0.1875
v -0.125 0.5 -0.1875
v -0.125 7.3125 -0.1875
v -0.0625 7.3125 -0.1875
v -0.0625 0.5 0.1875
v -0.0625 7.3125 0.1875
v -0.125 0.5 0.1875
v -0.125 7.3125 0.1875
vt 0.125 0.484375
vt 0.12890625 0.484375
vt 0.12890625 0.91015625
vt 0.125 0.91015625
vt 0 0.515625
vt 0.0234375 0.515625
vt 0.0234375 0.94140625
vt 0 0.94140625
vt 0.12890625 0.484375
vt 0.1328125 0.484375
vt 0.1328125 0.91015625
vt 0.12890625 0.91015625
vt 0.0234375 0.515625
vt 0.046875 0.515625
vt 0.046875 0.94140625
vt 0.0234375 0.94140625
vt 0.17578125 0.76953125
vt 0.171875 0.76953125
vt 0.171875 0.74609375
vt 0.17578125 0.74609375
vt 0.1796875 0.74609375
vt 0.17578125 0.74609375
vt 0.17578125 0.76953125
vt 0.1796875 0.76953125
vn 0 0 -1
vn 1 0 0
vn 0 0 1
vn -1 0 0
vn 0 1 0
vn 0 -1 0
usemtl m_9e15a070-b9c2-da85-8d3a-f2bca1e25526
f 1/1/1 2/2/1 3/3/1 4/4/1
f 5/5/2 1/6/2 4/7/2 6/8/2
f 7/9/3 5/10/3 6/11/3 8/12/3
f 2/13/4 7/14/4 8/15/4 3/16/4
f 8/17/5 6/18/5 4/19/5 3/20/5
f 2/21/6 1/22/6 5/23/6 7/24/6
o cube
v 4.5 6.25 -0.0625
v 0.25 6.25 -0.0625
v 0.25 6.375 -0.0625
v 4.5 6.375 -0.0625
v 4.5 6.25 0.0625
v 4.5 6.375 0.0625
v 0.25 6.25 0.0625
v 0.25 6.375 0.0625
vt 0.125 0.9921875
vt 0.390625 0.9921875
vt 0.390625 1
vt 0.125 1
vt 0.23828125 0.7734375
vt 0.24609375 0.7734375
vt 0.24609375 0.78125
vt 0.23828125 0.78125
vt 0.125 0.984375
vt 0.390625 0.984375
vt 0.390625 0.9921875
vt 0.125 0.9921875
vt 0.23828125 0.765625
vt 0.24609375 0.765625
vt 0.24609375 0.7734375
vt 0.23828125 0.7734375
vt 0.390625 0.984375
vt 0.125 0.984375
vt 0.125 0.9765625
vt 0.390625 0.9765625
vt 0.390625 0.96875
vt 0.125 0.96875
vt 0.125 0.9765625
vt 0.390625 0.9765625
vn 0 0 -1
vn 1 0 0
vn 0 0 1
vn -1 0 0
vn 0 1 0
vn 0 -1 0
usemtl m_9e15a070-b9c2-da85-8d3a-f2bca1e25526
f 9/25/7 10/26/7 11/27/7 12/28/7
f 13/29/8 9/30/8 12/31/8 14/32/8
f 15/33/9 13/34/9 14/35/9 16/36/9
f 10/37/10 15/38/10 16/39/10 11/40/10
f 16/41/11 14/42/11 12/43/11 11/44/11
f 10/45/12 9/46/12 13/47/12 15/48/12
o cube
v 0.6875 6.1875 -0.125
v 0.625 6.1875 -0.125
v 0.625 6.4375 -0.125
v 0.6875 6.4375 -0.125
v 0.6875 6.1875 0.125
v 0.6875 6.4375 0.125
v 0.625 6.1875 0.125
v 0.625 6.4375 0.125
vt 0.23828125 0.75
vt 0.2421875 0.75
vt 0.2421875 0.765625
vt 0.23828125 0.765625
vt 0.171875 0.84375
vt 0.1875 0.84375
vt 0.1875 0.859375
vt 0.171875 0.859375
vt 0.2421875 0.84375
vt 0.24609375 0.84375
vt 0.24609375 0.859375
vt 0.2421875 0.859375
vt 0.1953125 0.875
vt 0.2109375 0.875
vt 0.2109375 0.890625
vt 0.1953125 0.890625
vt 0.24609375 0.84375
vt 0.2421875 0.84375
vt 0.2421875 0.828125
vt 0.24609375 0.828125
vt 0.24609375 0.8125
vt 0.2421875 0.8125
vt 0.2421875 0.828125
vt 0.24609375 0.828125
vn 0 0 -1
vn 1 0 0
vn 0 0 1
vn -1 0 0
vn 0 1 0
vn 0 -1 0
usemtl m_9e15a070-b9c2-da85-8d3a-f2bca1e25526
f 17/49/13 18/50/13 19/51/13 20/52/13
f 21/53/14 17/54/14 20/55/14 22/56/14
f 23/57/15 21/58/15 22/59/15 24/60/15
f 18/61/16 23/62/16 24/63/16 19/64/16
f 24/65/17 22/66/17 20/67/17 19/68/17
f 18/69/18 17/70/18 21/71/18 23/72/18
o cube
v 0.8125 6.1875 -0.125
v 0.75 6.1875 -0.125
v 0.75 6.4375 -0.125
v 0.8125 6.4375 -0.125
v 0.8125 6.1875 0.125
v 0.8125 6.4375 0.125
v 0.75 6.1875 0.125
v 0.75 6.4375 0.125
vt 0.1796875 0.7421875
vt 0.18359375 0.7421875
vt 0.18359375 0.7578125
vt 0.1796875 0.7578125
vt 0.1953125 0.859375
vt 0.2109375 0.859375
vt 0.2109375 0.875
vt 0.1953125 0.875
vt 0.18359375 0.7421875
vt 0.1875 0.7421875
vt 0.1875 0.7578125
vt 0.18359375 0.7578125
vt 0.1953125 0.84375
vt 0.2109375 0.84375
vt 0.2109375 0.859375
vt 0.1953125 0.859375
vt 0.23828125 0.7578125
vt 0.234375 0.7578125
vt 0.234375 0.7421875
vt 0.23828125 0.7421875
vt 0.24609375 0.75
vt 0.2421875 0.75
vt 0.2421875 0.765625
vt 0.24609375 0.765625
vn 0 0 -1
vn 1 0 0
vn 0 0 1
vn -1 0 0
vn 0 1 0
vn 0 -1 0
usemtl m_9e15a070-b9c2-da85-8d3a-f2bca1e25526
f 25/73/19 26/74/19 27/75/19 28/76/19
f 29/77/20 25/78/20 28/79/20 30/80/20
f 31/81/21 29/82/21 30/83/21 32/84/21
f 26/85/22 31/86/22 32/87/22 27/88/22
f 32/89/23 30/90/23 28/91/23 27/92/23
f 26/93/24 25/94/24 29/95/24 31/96/24
o cube
v 0.9375 6.1875 -0.125
v 0.875 6.1875 -0.125
v 0.875 6.4375 -0.125
v 0.9375 6.4375 -0.125
v 0.9375 6.1875 0.125
v 0.9375 6.4375 0.125
v 0.875 6.1875 0.125
v 0.875 6.4375 0.125
vt 0.24609375 0.875
vt 0.25 0.875
vt 0.25 0.890625
vt 0.24609375 0.890625
vt 0.1953125 0.8125
vt 0.2109375 0.8125
vt 0.2109375 0.828125
vt 0.1953125 0.828125
vt 0.24609375 0.859375
vt 0.25 0.859375
vt 0.25 0.875
vt 0.24609375 0.875
vt 0.1953125 0.796875
vt 0.2109375 0.796875
vt 0.2109375 0.8125
vt 0.1953125 0.8125
vt 0.14453125 0.75390625
vt 0.140625 0.75390625
vt 0.140625 0.73828125
vt 0.14453125 0.73828125
vt 0.25 0.84375
vt 0.24609375 0.84375
vt 0.24609375 0.859375
vt 0.25 0.859375
vn 0 0 -1
vn 1 0 0
vn 0 0 1
vn -1 0 0
vn 0 1 0
vn 0 -1 0
usemtl m_9e15a070-b9c2-da85-8d3a-f2bca1e25526
f 33/97/25 34/98/25 35/99/25 36/100/25
f 37/101/26 33/102/26 36/103/26 38/104/26
f 39/105/27 37/106/27 38/107/27 40/108/27
f 34/109/28 39/110/28 40/111/28 35/112/28
f 40/113/29 38/114/29 36/115/29 35/116/29
f 34/117/30 33/118/30 37/119/30 39/120/30
o cube
v 1.0625 6.1875 -0.125
v 1 6.1875 -0.125
v 1 6.4375 -0.125
v 1.0625 6.4375 -0.125
v 1.0625 6.1875 0.125
v 1.0625 6.4375 0.125
v 1 6.1875 0.125
v 1 6.4375 0.125
vt 0.14453125 0.73828125
vt 0.1484375 0.73828125
vt 0.1484375 0.75390625
vt 0.14453125 0.75390625
vt 0.140625 0.78125
vt 0.15625 0.78125
vt 0.15625 0.796875
vt 0.140625 0.796875
vt 0.15625 0.73828125
vt 0.16015625 0.73828125
vt 0.16015625 0.75390625
vt 0.15625 0.75390625
vt 0.15625 0.78125
vt 0.171875 0.78125
vt 0.171875 0.796875
vt 0.15625 0.796875
vt 0.25 0.84375
vt 0.24609375 0.84375
vt 0.24609375 0.828125
vt 0.25 0.828125
vt 0.1640625 0.73828125
vt 0.16015625 0.73828125
vt 0.16015625 0.75390625
vt 0.1640625 0.75390625
vn 0 0 -1
vn 1 0 0
vn 0 0 1
vn -1 0 0
vn 0 1 0
vn 0 -1 0
usemtl m_9e15a070-b9c2-da85-8d3a-f2bca1e25526
f 41/121/31 42/122/31 43/123/31 44/124/31
f 45/125/32 41/126/32 44/127/32 46/128/32
f 47/129/33 45/130/33 46/131/33 48/132/33
f 42/133/34 47/134/34 48/135/34 43/136/34
f 48/137/35 46/138/35 44/139/35 43/140/35
f 42/141/36 41/142/36 45/143/36 47/144/36
o cube
v 3.6875 6.1875 -0.0625
v 3.5 6.1875 -0.0625
v 3.5 6.25 -0.0625
v 3.6875 6.25 -0.0625
v 3.6875 6.1875 0.0625
v 3.6875 6.25 0.0625
v 3.5 6.1875 0.0625
v 3.5 6.25 0.0625
vt 0.2578125 0.84765625
vt 0.26953125 0.84765625
vt 0.26953125 0.8515625
vt 0.2578125 0.8515625
vt 0.1875 0.84375
vt 0.1953125 0.84375
vt 0.1953125 0.84765625
vt 0.1875 0.84765625
vt 0.2578125 0.84375
vt 0.26953125 0.84375
vt 0.26953125 0.84765625
vt 0.2578125 0.84765625
vt 0.234375 0.8125
vt 0.2421875 0.8125
vt 0.2421875 0.81640625
vt 0.234375 0.81640625
vt 0.24609375 0.890625
vt 0.234375 0.890625
vt 0.234375 0.8828125
vt 0.24609375 0.8828125
vt 0.24609375 0.875
vt 0.234375 0.875
vt 0.234375 0.8828125
vt 0.24609375 0.8828125
vn 0 0 -1
vn 1 0 0
vn 0 0 1
vn -1 0 0
vn 0 1 0
vn 0 -1 0
usemtl m_9e15a070-b9c2-da85-8d3a-f2bca1e25526
f 49/145/37 50/146/37 51/147/37 52/148/37
f 53/149/38 49/150/38 52/151/38 54/152/38
f 55/153/39 53/154/39 54/155/39 56/156/39
f 50/157/40 55/158/40 56/159/40 51/160/40
f 56/161/41 54/162/41 52/163/41 51/164/41
f 50/165/42 49/166/42 53/167/42 55/168/42
o cube
v 3.5624999879131845 6.187500157462818 -0.0625
v 0.4444065656875922 4.895943573230639 -0.0625
v 0.396571136641956 5.0114285147945505 -0.0625
v 3.514664558867549 6.302985099026728 -0.0625
v 3.5624999879131845 6.187500157462818 0.0625
v 3.514664558867549 6.302985099026728 0.0625
v 0.4444065656875922 4.895943573230639 0.0625
v 0.396571136641956 5.0114285147945505 0.0625
vt 0.140625 0.9296875
vt 0.3515625 0.9296875
vt 0.3515625 0.9375
vt 0.140625 0.9375
vt 0.24609375 0.8203125
vt 0.25390625 0.8203125
vt 0.25390625 0.828125
vt 0.24609375 0.828125
vt 0.140625 0.921875
vt 0.3515625 0.921875
vt 0.3515625 0.9296875
vt 0.140625 0.9296875
vt 0.24609375 0.8125
vt 0.25390625 0.8125
vt 0.25390625 0.8203125
vt 0.24609375 0.8203125
vt 0.3515625 0.921875
vt 0.140625 0.921875
vt 0.140625 0.9140625
vt 0.3515625 0.9140625
vt 0.3515625 0.90625
vt 0.140625 0.90625
vt 0.140625 0.9140625
vt 0.3515625 0.9140625
vn 0 0 -1
vn 0.9238795325112876 0.38268343236508784 0
vn 0 0 1
vn -0.9238795325112878 -0.3826834323650874 0
vn -0.38268343236508956 0.9238795325112868 0
vn 0.3826834323650901 -0.9238795325112867 0
usemtl m_9e15a070-b9c2-da85-8d3a-f2bca1e25526
f 57/169/43 58/170/43 59/171/43 60/172/43
f 61/173/44 57/174/44 60/175/44 62/176/44
f 63/177/45 61/178/45 62/179/45 64/180/45
f 58/181/46 63/182/46 64/183/46 59/184/46
f 64/185/47 62/186/47 60/187/47 59/188/47
f 58/189/48 57/190/48 61/191/48 63/192/48
o cube
v 0.8147791049021424 4.981707389585592 -0.125
v 0.7570366341201871 4.957789675062774 -0.125
v 0.6613657760289147 5.188759558190595 -0.125
v 0.71910824681087 5.212677272713414 -0.125
v 0.8147791049021424 4.981707389585592 0.125
v 0.71910824681087 5.212677272713414 0.125
v 0.7570366341201871 4.957789675062774 0.125
v 0.6613657760289147 5.188759558190595 0.125
vt 0.24609375 0.78125
vt 0.25 0.78125
vt 0.25 0.796875
vt 0.24609375 0.796875
vt 0.1953125 0.78125
vt 0.2109375 0.78125
vt 0.2109375 0.796875
vt 0.1953125 0.796875
vt 0.24609375 0.765625
vt 0.25 0.765625
vt 0.25 0.78125
vt 0.24609375 0.78125
vt 0.2109375 0.875
vt 0.2265625 0.875
vt 0.2265625 0.890625
vt 0.2109375 0.890625
vt 0.25 0.765625
vt 0.24609375 0.765625
vt 0.24609375 0.75
vt 0.25 0.75
vt 0.25390625 0.875
vt 0.25 0.875
vt 0.25 0.890625
vt 0.25390625 0.890625
vn 0 0 -1
vn 0.9238795325112867 0.3826834323650899 0
vn 0 0 1
vn -0.9238795325112867 -0.3826834323650899 0
vn -0.3826834323650975 0.9238795325112836 0
vn 0.3826834323650975 -0.9238795325112836 0
usemtl m_9e15a070-b9c2-da85-8d3a-f2bca1e25526
f 65/193/49 66/194/49 67/195/49 68/196/49
f 69/197/50 65/198/50 68/199/50 70/200/50
f 71/201/51 69/202/51 70/203/51 72/204/51
f 66/205/52 71/206/52 72/207/52 67/208/52
f 72/209/53 70/210/53 68/211/53 67/212/53
f 66/213/54 65/214/54 69/215/54 71/216/54
o cube
v 0.9302640464660532 5.029542818631228 -0.125
v 0.8725215756840978 5.005625104108411 -0.125
v 0.7768507175928254 5.2365949872362325 -0.125
v 0.8345931883747808 5.260512701759051 -0.125
v 0.9302640464660532 5.029542818631228 0.125
v 0.8345931883747808 5.260512701759051 0.125
v 0.8725215756840978 5.005625104108411 0.125
v 0.7768507175928254 5.2365949872362325 0.125
vt 0.25 0.859375
vt 0.25390625 0.859375
vt 0.25390625 0.875
vt 0.25 0.875
vt 0.2109375 0.859375
vt 0.2265625 0.859375
vt 0.2265625 0.875
vt 0.2109375 0.875
vt 0.25 0.84375
vt 0.25390625 0.84375
vt 0.25390625 0.859375
vt 0.25 0.859375
vt 0.2109375 0.84375
vt 0.2265625 0.84375
vt 0.2265625 0.859375
vt 0.2109375 0.859375
vt 0.25390625 0.84375
vt 0.25 0.84375
vt 0.25 0.828125
vt 0.25390625 0.828125
vt 0.19140625 0.734375
vt 0.1875 0.734375
vt 0.1875 0.75
vt 0.19140625 0.75
vn 0 0 -1
vn 0.9238795325112878 0.3826834323650874 0
vn 0 0 1
vn -0.9238795325112867 -0.3826834323650899 0
vn -0.3826834323650975 0.9238795325112836 0
vn 0.38268343236507324 -0.9238795325112936 0
usemtl m_9e15a070-b9c2-da85-8d3a-f2bca1e25526
f 73/217/55 74/218/55 75/219/55 76/220/55
f 77/221/56 73/222/56 76/223/56 78/224/56
f 79/225/57 77/226/57 78/227/57 80/228/57
f 74/229/58 79/230/58 80/231/58 75/232/58
f 80/233/59 78/234/59 76/235/59 75/236/59
f 74/237/60 73/238/60 77/239/60 79/240/60
o cube
v 1.1612339295938754 5.125213676722501 -0.125
v 1.1034914588119196 5.101295962199682 -0.125
v 1.0078206007206474 5.332265845327505 -0.125
v 1.0655630715026028 5.356183559850322 -0.125
v 1.1612339295938754 5.125213676722501 0.125
v 1.0655630715026028 5.356183559850322 0.125
v 1.1034914588119196 5.101295962199682 0.125
v 1.0078206007206474 5.332265845327505 0.125
vt 0.19140625 0.734375
vt 0.1953125 0.734375
vt 0.1953125 0.75
vt 0.19140625 0.75
vt 0.2109375 0.8125
vt 0.2265625 0.8125
vt 0.2265625 0.828125
vt 0.2109375 0.828125
vt 0.25 0.78125
vt 0.25390625 0.78125
vt 0.25390625 0.796875
vt 0.25 0.796875
vt 0.2109375 0.796875
vt 0.2265625 0.796875
vt 0.2265625 0.8125
vt 0.2109375 0.8125
vt 0.25390625 0.78125
vt 0.25 0.78125
vt 0.25 0.765625
vt 0.25390625 0.765625
vt 0.25390625 0.75
vt 0.25 0.75
vt 0.25 0.765625
vt 0.25390625 0.765625
vn 0 0 -1
vn 0.9238795325112864 0.3826834323650906 0
vn 0 0 1
vn -0.9238795325112881 -0.3826834323650866 0
vn -0.38268343236507324 0.9238795325112936 0
vn 0.382683432365095 -0.9238795325112847 0
usemtl m_9e15a070-b9c2-da85-8d3a-f2bca1e25526
f 81/241/61 82/242/61 83/243/61 84/244/61
f 85/245/62 81/246/62 84/247/62 86/248/62
f 87/249/63 85/250/63 86/251/63 88/252/63
f 82/253/64 87/254/64 88/255/64 83/256/64
f 88/257/65 86/258/65 84/259/65 83/260/65
f 82/261/66 81/262/66 85/263/66 87/264/66
o cube
v 1.045748988029964 5.077378247676865 -0.125
v 0.9880065172480086 5.0534605331540465 -0.125
v 0.8923356591567362 5.284430416281868 -0.125
v 0.9500781299386916 5.308348130804687 -0.125
v 1.045748988029964 5.077378247676865 0.125
v 0.9500781299386916 5.308348130804687 0.125
v 0.9880065172480086 5.0534605331540465 0.125
v 0.8923356591567362 5.284430416281868 0.125
vt 0.23828125 0.734375
vt 0.2421875 0.734375
vt 0.2421875 0.75
vt 0.23828125 0.75
vt 0.2109375 0.78125
vt 0.2265625 0.78125
vt 0.2265625 0.796875
vt 0.2109375 0.796875
vt 0.2421875 0.734375
vt 0.24609375 0.734375
vt 0.24609375 0.75
vt 0.2421875 0.75
vt 0.171875 0.76953125
vt 0.1875 0.76953125
vt 0.1875 0.78515625
vt 0.171875 0.78515625
vt 0.25 0.75
vt 0.24609375 0.75
vt 0.24609375 0.734375
vt 0.25 0.734375
vt 0.25390625 0.734375
vt 0.25 0.734375
vt 0.25 0.75
vt 0.25390625 0.75
vn 0 0 -1
vn 0.9238795325112867 0.3826834323650899 0
vn 0 0 1
vn -0.9238795325112867 -0.3826834323650899 0
vn -0.3826834323650975 0.9238795325112836 0
vn 0.3826834323650975 -0.9238795325112836 0
usemtl m_9e15a070-b9c2-da85-8d3a-f2bca1e25526
f 89/265/67 90/266/67 91/267/67 92/268/67
f 93/269/68 89/270/68 92/271/68 94/272/68
f 95/273/69 93/274/69 94/275/69 96/276/69
f 90/277/70 95/278/70 96/279/70 91/280/70
f 96/281/71 94/282/71 92/283/71 91/284/71
f 90/285/72 89/286/72 93/287/72 95/288/72
o cube
v 1.1612339295938754 5.125213676722501 -0.125
v 1.1034914588119196 5.101295962199682 -0.125
v 1.0078206007206474 5.332265845327505 -0.125
v 1.0655630715026028 5.356183559850322 -0.125
v 1.1612339295938754 5.125213676722501 0.125
v 1.0655630715026028 5.356183559850322 0.125
v 1.1034914588119196 5.101295962199682 0.125
v 1.0078206007206474 5.332265845327505 0.125
vt 0.25390625 0.875
vt 0.2578125 0.875
vt 0.2578125 0.890625
vt 0.25390625 0.890625
vt 0.140625 0.765625
vt 0.15625 0.765625
vt 0.15625 0.78125
vt 0.140625 0.78125
vt 0.25390625 0.859375
vt 0.2578125 0.859375
vt 0.2578125 0.875
vt 0.25390625 0.875
vt 0.15625 0.765625
vt 0.171875 0.765625
vt 0.171875 0.78125
vt 0.15625 0.78125
vt 0.2578125 0.859375
vt 0.25390625 0.859375
vt 0.25390625 0.84375
vt 0.2578125 0.84375
vt 0.2578125 0.828125
vt 0.25390625 0.828125
vt 0.25390625 0.84375
vt 0.2578125 0.84375
vn 0 0 -1
vn 0.9238795325112864 0.3826834323650906 0
vn 0 0 1
vn -0.9238795325112881 -0.3826834323650866 0
vn -0.38268343236507324 0.9238795325112936 0
vn 0.382683432365095 -0.9238795325112847 0
usemtl m_9e15a070-b9c2-da85-8d3a-f2bca1e25526
f 97/289/73 98/290/73 99/291/73 100/292/73
f 101/293/74 97/294/74 100/295/74 102/296/74
f 103/297/75 101/298/75 102/299/75 104/300/75
f 98/301/76 103/302/76 104/303/76 99/304/76
f 104/305/77 102/306/77 100/307/77 99/308/77
f 98/309/78 97/310/78 101/311/78 103/312/78
o cube
v 5.8125 5.375 -0.0625
v 2.0625 5.375 -0.0625
v 2.0625 5.5 -0.0625
v 5.8125 5.5 -0.0625
v 5.8125 5.375 0.0625
v 5.8125 5.5 0.0625
v 2.0625 5.375 0.0625
v 2.0625 5.5 0.0625
vt 0.140625 0.9609375
vt 0.375 0.9609375
vt 0.375 0.96875
vt 0.140625 0.96875
vt 0.1640625 0.73828125
vt 0.171875 0.73828125
vt 0.171875 0.74609375
vt 0.1640625 0.74609375
vt 0.140625 0.953125
vt 0.375 0.953125
vt 0.375 0.9609375
vt 0.140625 0.9609375
vt 0.171875 0.73828125
vt 0.1796875 0.73828125
vt 0.1796875 0.74609375
vt 0.171875 0.74609375
vt 0.375 0.953125
vt 0.140625 0.953125
vt 0.140625 0.9453125
vt 0.375 0.9453125
vt 0.375 0.9375
vt 0.140625 0.9375
vt 0.140625 0.9453125
vt 0.375 0.9453125
vn 0 0 -1
vn 1 0 0
vn 0 0 1
vn -1 0 0
vn 0 1 0
vn 0 -1 0
usemtl m_9e15a070-b9c2-da85-8d3a-f2bca1e25526
f 105/313/79 106/314/79 107/315/79 108/316/79
f 109/317/80 105/318/80 108/319/80 110/320/80
f 111/321/81 109/322/81 110/323/81 112/324/81
f 106/325/82 111/326/82 112/327/82 107/328/82
f 112/329/83 110/330/83 108/331/83 107/332/83
f 106/333/84 105/334/84 109/335/84 111/336/84
o cube
v 5.0625 5.4375 -0.0625
v 5 5.4375 -0.0625
v 5 5.5625 -0.0625
v 5.0625 5.5625 -0.0625
v 5.0625 5.4375 0
v 5.0625 5.5625 0
v 5 5.4375 0
v 5 5.5625 0
vt 0.14453125 0.73046875
vt 0.1484375 0.73046875
vt 0.1484375 0.73828125
vt 0.14453125 0.73828125
vt 0.15625 0.73046875
vt 0.16015625 0.73046875
vt 0.16015625 0.73828125
vt 0.15625 0.73828125
vt 0.16015625 0.73046875
vt 0.1640625 0.73046875
vt 0.1640625 0.73828125
vt 0.16015625 0.73828125
vt 0.1640625 0.73046875
vt 0.16796875 0.73046875
vt 0.16796875 0.73828125
vt 0.1640625 0.73828125
vt 0.26953125 0.8203125
vt 0.265625 0.8203125
vt 0.265625 0.81640625
vt 0.26953125 0.81640625
vt 0.26953125 0.8125
vt 0.265625 0.8125
vt 0.265625 0.81640625
vt 0.26953125 0.81640625
vn 0 0 -1
vn 1 0 0
vn 0 0 1
vn -1 0 0
vn 0 1 0
vn 0 -1 0
usemtl m_9e15a070-b9c2-da85-8d3a-f2bca1e25526
f 113/337/85 114/338/85 115/339/85 116/340/85
f 117/341/86 113/342/86 116/343/86 118/344/86
f 119/345/87 117/346/87 118/347/87 120/348/87
f 114/349/88 119/350/88 120/351/88 115/352/88
f 120/353/89 118/354/89 116/355/89 115/356/89
f 114/357/90 113/358/90 117/359/90 119/360/90
o cube
v 5.062499914682904 5.562499702730342 0
v 5.0289186891612285 5.509787737367037 0
v 3.9746793818951214 6.181412247800567 0
v 4.008260607416798 6.234124213163872 0
v 5.062499914682904 5.562499702730342 0
v 4.008260607416798 6.234124213163872 0
v 5.0289186891612285 5.509787737367037 0
v 3.9746793818951214 6.181412247800567 0
vt 0.1875 0.75
vt 0.19140625 0.75
vt 0.19140625 0.828125
vt 0.1875 0.828125
vt 0 0.921875
vt 0 0.921875
vt 0 1
vt 0 1
vt 0.19140625 0.75
vt 0.1953125 0.75
vt 0.1953125 0.828125
vt 0.19140625 0.828125
vt 0 0.921875
vt 0 0.921875
vt 0 1
vt 0 1
vt 0.00390625 1
vt 0 1
vt 0 1
vt 0.00390625 1
vt 0.00390625 1
vt 0 1
vt 0 1
vt 0.00390625 1
vn 0 0 -1
vn 0 0 0
vn 0 0 1
vn 0 0 0
vn 0 0 0
vn 0 0 0
usemtl m_9e15a070-b9c2-da85-8d3a-f2bca1e25526
f 121/361/91 122/362/91 123/363/91 124/364/91
f 125/365/92 121/366/92 124/367/92 126/368/92
f 127/369/93 125/370/93 126/371/93 128/372/93
f 122/373/94 127/374/94 128/375/94 123/376/94
f 128/377/95 126/378/95 124/379/95 123/380/95
f 122/381/96 121/382/96 125/383/96 127/384/96
o cube
v 5.0625 5.4375 0
v 5 5.4375 0
v 5 5.5625 0
v 5.0625 5.5625 0
v 5.0625 5.4375 0.0625
v 5.0625 5.5625 0.0625
v 5 5.4375 0.0625
v 5 5.5625 0.0625
vt 0.26171875 0.828125
vt 0.265625 0.828125
vt 0.265625 0.8359375
vt 0.26171875 0.8359375
vt 0.16796875 0.73046875
vt 0.171875 0.73046875
vt 0.171875 0.73828125
vt 0.16796875 0.73828125
vt 0.171875 0.73046875
vt 0.17578125 0.73046875
vt 0.17578125 0.73828125
vt 0.171875 0.73828125
vt 0.26171875 0.8203125
vt 0.265625 0.8203125
vt 0.265625 0.828125
vt 0.26171875 0.828125
vt 0.19140625 0.734375
vt 0.1875 0.734375
vt 0.1875 0.73046875
vt 0.19140625 0.73046875
vt 0.26953125 0.80859375
vt 0.265625 0.80859375
vt 0.265625 0.8125
vt 0.26953125 0.8125
vn 0 0 -1
vn 1 0 0
vn 0 0 1
vn -1 0 0
vn 0 1 0
vn 0 -1 0
usemtl m_9e15a070-b9c2-da85-8d3a-f2bca1e25526
f 129/385/97 130/386/97 131/387/97 132/388/97
f 133/389/98 129/390/98 132/391/98 134/392/98
f 135/393/99 133/394/99 134/395/99 136/396/99
f 130/397/100 135/398/100 136/399/100 131/400/100
f 136/401/101 134/402/101 132/403/101 131/404/101
f 130/405/102 129/406/102 133/407/102 135/408/102
o cube
v 3.75 6.1875 -0.0625
v 3.5625 6.1875 -0.0625
v 3.5625 6.25 -0.0625
v 3.75 6.25 -0.0625
v 3.75 6.1875 0.0625
v 3.75 6.25 0.0625
v 3.5625 6.1875 0.0625
v 3.5625 6.25 0.0625
vt 0.2578125 0.83984375
vt 0.26953125 0.83984375
vt 0.26953125 0.84375
vt 0.2578125 0.84375
vt 0.2578125 0.796875
vt 0.265625 0.796875
vt 0.265625 0.80078125
vt 0.2578125 0.80078125
vt 0.2578125 0.8359375
vt 0.26953125 0.8359375
vt 0.26953125 0.83984375
vt 0.2578125 0.83984375
vt 0.2578125 0.7734375
vt 0.265625 0.7734375
vt 0.265625 0.77734375
vt 0.2578125 0.77734375
vt 0.24609375 0.875
vt 0.234375 0.875
vt 0.234375 0.8671875
vt 0.24609375 0.8671875
vt 0.24609375 0.859375
vt 0.234375 0.859375
vt 0.234375 0.8671875
vt 0.24609375 0.8671875
vn 0 0 -1
vn 1 0 0
vn 0 0 1
vn -1 0 0
vn 0 1 0
vn 0 -1 0
usemtl m_9e15a070-b9c2-da85-8d3a-f2bca1e25526
f 137/409/103 138/410/103 139/411/103 140/412/103
f 141/413/104 137/414/104 140/415/104 142/416/104
f 143/417/105 141/418/105 142/419/105 144/420/105
f 138/421/106 143/422/106 144/423/106 139/424/106
f 144/425/107 142/426/107 140/427/107 139/428/107
f 138/429/108 137/430/108 141/431/108 143/432/108
o cube
v 4.037179375 6.1814125 0.00006249999999999312
v 3.974679375 6.1814125 0.00006249999999999312
v 3.974679375 6.3064125 0.00006249999999999312
v 4.037179375 6.3064125 0.00006249999999999312
v 4.037179375 6.1814125 0.0625625
v 4.037179375 6.3064125 0.0625625
v 3.974679375 6.1814125 0.0625625
v 3.974679375 6.3064125 0.0625625
vt 0.17578125 0.73046875
vt 0.1796875 0.73046875
vt 0.1796875 0.73828125
vt 0.17578125 0.73828125
vt 0.26171875 0.8125
vt 0.265625 0.8125
vt 0.265625 0.8203125
vt 0.26171875 0.8203125
vt 0.26171875 0.8046875
vt 0.265625 0.8046875
vt 0.265625 0.8125
vt 0.26171875 0.8125
vt 0.26171875 0.7890625
vt 0.265625 0.7890625
vt 0.265625 0.796875
vt 0.26171875 0.796875
vt 0.1953125 0.734375
vt 0.19140625 0.734375
vt 0.19140625 0.73046875
vt 0.1953125 0.73046875
vt 0.26953125 0.8046875
vt 0.265625 0.8046875
vt 0.265625 0.80859375
vt 0.26953125 0.80859375
vn 0 0 -1
vn 1 0 0
vn 0 0 1
vn -1 0 0
vn 0 1 0
vn 0 -1 0
usemtl m_9e15a070-b9c2-da85-8d3a-f2bca1e25526
f 145/433/109 146/434/109 147/435/109 148/436/109
f 149/437/110 145/438/110 148/439/110 150/440/110
f 151/441/111 149/442/111 150/443/111 152/444/111
f 146/445/112 151/446/112 152/447/112 147/448/112
f 152/449/113 150/450/113 148/451/113 147/452/113
f 146/453/114 145/454/114 149/455/114 151/456/114
o cube
v 4.037179375 6.1814125 -0.0625
v 3.974679375 6.1814125 -0.0625
v 3.974679375 6.3064125 -0.0625
v 4.037179375 6.3064125 -0.0625
v 4.037179375 6.1814125 0
v 4.037179375 6.3064125 0
v 3.974679375 6.1814125 0
v 3.974679375 6.3064125 0
vt 0.2578125 0.828125
vt 0.26171875 0.828125
vt 0.26171875 0.8359375
vt 0.2578125 0.8359375
vt 0.2578125 0.81640625
vt 0.26171875 0.81640625
vt 0.26171875 0.82421875
vt 0.2578125 0.82421875
vt 0.1796875 0.734375
vt 0.18359375 0.734375
vt 0.18359375 0.7421875
vt 0.1796875 0.7421875
vt 0.18359375 0.734375
vt 0.1875 0.734375
vt 0.1875 0.7421875
vt 0.18359375 0.7421875
vt 0.26953125 0.80078125
vt 0.265625 0.80078125
vt 0.265625 0.796875
vt 0.26953125 0.796875
vt 0.26953125 0.79296875
vt 0.265625 0.79296875
vt 0.265625 0.796875
vt 0.26953125 0.796875
vn 0 0 -1
vn 1 0 0
vn 0 0 1
vn -1 0 0
vn 0 1 0
vn 0 -1 0
usemtl m_9e15a070-b9c2-da85-8d3a-f2bca1e25526
f 153/457/115 154/458/115 155/459/115 156/460/115
f 157/461/116 153/462/116 156/463/116 158/464/116
f 159/465/117 157/466/117 158/467/117 160/468/117
f 154/469/118 159/470/118 160/471/118 155/472/118
f 160/473/119 158/474/119 156/475/119 155/476/119
f 154/477/120 153/478/120 157/479/120 159/480/120
o cube
v 5.3125 5.1875 -0.0625
v 5.25 5.1875 -0.0625
v 5.25 5.375 -0.0625
v 5.3125 5.375 -0.0625
v 5.3125 5.1875 0.0625
v 5.3125 5.375 0.0625
v 5.25 5.1875 0.0625
v 5.25 5.375 0.0625
vt 0.2578125 0.80078125
vt 0.26171875 0.80078125
vt 0.26171875 0.8125
vt 0.2578125 0.8125
vt 0.171875 0.78515625
vt 0.1796875 0.78515625
vt 0.1796875 0.796875
vt 0.171875 0.796875
vt 0.2578125 0.77734375
vt 0.26171875 0.77734375
vt 0.26171875 0.7890625
vt 0.2578125 0.7890625
vt 0.1796875 0.7578125
vt 0.1875 0.7578125
vt 0.1875 0.76953125
vt 0.1796875 0.76953125
vt 0.2109375 0.73828125
vt 0.20703125 0.73828125
vt 0.20703125 0.73046875
vt 0.2109375 0.73046875
vt 0.21484375 0.73046875
vt 0.2109375 0.73046875
vt 0.2109375 0.73828125
vt 0.21484375 0.73828125
vn 0 0 -1
vn 1 0 0
vn 0 0 1
vn -1 0 0
vn 0 1 0
vn 0 -1 0
usemtl m_9e15a070-b9c2-da85-8d3a-f2bca1e25526
f 161/481/121 162/482/121 163/483/121 164/484/121
f 165/485/122 161/486/122 164/487/122 166/488/122
f 167/489/123 165/490/123 166/491/123 168/492/123
f 162/493/124 167/494/124 168/495/124 163/496/124
f 168/497/125 166/498/125 164/499/125 163/500/125
f 162/501/126 161/502/126 165/503/126 167/504/126
o cube
v 5.3125 5.1875 0
v 5.25 5.1875 0
v 5.25 5.25 0
v 5.3125 5.25 0
v 5.3125 5.1875 0.0625
v 5.3125 5.25 0.0625
v 5.25 5.1875 0.0625
v 5.25 5.25 0.0625
vt 0.265625 0.7890625
vt 0.26953125 0.7890625
vt 0.26953125 0.79296875
vt 0.265625 0.79296875
vt 0.265625 0.78515625
vt 0.26953125 0.78515625
vt 0.26953125 0.7890625
vt 0.265625 0.7890625
vt 0.265625 0.78125
vt 0.26953125 0.78125
vt 0.26953125 0.78515625
vt 0.265625 0.78515625
vt 0.265625 0.7734375
vt 0.26953125 0.7734375
vt 0.26953125 0.77734375
vt 0.265625 0.77734375
vt 0.26953125 0.7734375
vt 0.265625 0.7734375
vt 0.265625 0.76953125
vt 0.26953125 0.76953125
vt 0.26953125 0.765625
vt 0.265625 0.765625
vt 0.265625 0.76953125
vt 0.26953125 0.76953125
vn 0 0 -1
vn 1 0 0
vn 0 0 1
vn -1 0 0
vn 0 1 0
vn 0 -1 0
usemtl m_9e15a070-b9c2-da85-8d3a-f2bca1e25526
f 169/505/127 170/506/127 171/507/127 172/508/127
f 173/509/128 169/510/128 172/511/128 174/512/128
f 175/513/129 173/514/129 174/515/129 176/516/129
f 170/517/130 175/518/130 176/519/130 171/520/130
f 176/521/131 174/522/131 172/523/131 171/524/131
f 170/525/132 169/526/132 173/527/132 175/528/132
o cube
v 5.268793862638336 5.247107602500165 -0.0625
v 5.249999750169319 5.187500293078401 -0.0625
v 5.011570512482262 5.2626767429544685 -0.0625
v 5.030364624951279 5.322284052376233 -0.0625
v 5.268793862638336 5.247107602500165 0.0625
v 5.030364624951279 5.322284052376233 0.0625
v 5.249999750169319 5.187500293078401 0.0625
v 5.011570512482262 5.2626767429544685 0.0625
vt 0.25390625 0.8125
vt 0.2578125 0.8125
vt 0.2578125 0.828125
vt 0.25390625 0.828125
vt 0.2265625 0.875
vt 0.234375 0.875
vt 0.234375 0.890625
vt 0.2265625 0.890625
vt 0.1953125 0.73046875
vt 0.19921875 0.73046875
vt 0.19921875 0.74609375
vt 0.1953125 0.74609375
vt 0.2265625 0.859375
vt 0.234375 0.859375
vt 0.234375 0.875
vt 0.2265625 0.875
vt 0.265625 0.7890625
vt 0.26171875 0.7890625
vt 0.26171875 0.78125
vt 0.265625 0.78125
vt 0.22265625 0.73046875
vt 0.21875 0.73046875
vt 0.21875 0.73828125
vt 0.22265625 0.73828125
vn 0 0 -1
vn 0.3007057995042707 0.9537169507482278 0
vn 0 0 1
vn -0.3007057995042707 -0.9537169507482278 0
vn -0.9537169507482278 0.3007057995042707 0
vn 0.9537169507482278 -0.3007057995042707 0
usemtl m_9e15a070-b9c2-da85-8d3a-f2bca1e25526
f 177/529/133 178/530/133 179/531/133 180/532/133
f 181/533/134 177/534/134 180/535/134 182/536/134
f 183/537/135 181/538/135 182/539/135 184/540/135
f 178/541/136 183/542/136 184/543/136 179/544/136
f 184/545/137 182/546/137 180/547/137 179/548/137
f 178/549/138 177/550/138 181/551/138 183/552/138
o cube
v 5.030364616129214 5.322284027294596 -0.0625
v 5.02763840441888 5.2598435134457295 -0.0625
v 4.7778763490234155 5.2707483602870635 -0.0625
v 4.780602560733749 5.33318887413593 -0.0625
v 5.030364616129214 5.322284027294596 0.0625
v 4.780602560733749 5.33318887413593 0.0625
v 5.02763840441888 5.2598435134457295 0.0625
v 4.7778763490234155 5.2707483602870635 0.0625
vt 0.19921875 0.73046875
vt 0.203125 0.73046875
vt 0.203125 0.74609375
vt 0.19921875 0.74609375
vt 0.2265625 0.84375
vt 0.234375 0.84375
vt 0.234375 0.859375
vt 0.2265625 0.859375
vt 0.203125 0.73046875
vt 0.20703125 0.73046875
vt 0.20703125 0.74609375
vt 0.203125 0.74609375
vt 0.2265625 0.8125
vt 0.234375 0.8125
vt 0.234375 0.828125
vt 0.2265625 0.828125
vt 0.2265625 0.73828125
vt 0.22265625 0.73828125
vt 0.22265625 0.73046875
vt 0.2265625 0.73046875
vt 0.23046875 0.73046875
vt 0.2265625 0.73046875
vt 0.2265625 0.73828125
vt 0.23046875 0.73828125
vn 0 0 -1
vn 0.04361938736533584 0.9990482215818579 0
vn 0 0 1
vn -0.04361938736533584 -0.9990482215818579 0
vn -0.9990482215818577 0.043619387365339386 0
vn 0.9990482215818577 -0.043619387365339386 0
usemtl m_9e15a070-b9c2-da85-8d3a-f2bca1e25526
f 185/553/139 186/554/139 187/555/139 188/556/139
f 189/557/140 185/558/140 188/559/140 190/560/140
f 191/561/141 189/562/141 190/563/141 192/564/141
f 186/565/142 191/566/142 192/567/142 187/568/142
f 192/569/143 190/570/143 188/571/143 187/572/143
f 186/573/144 185/574/144 189/575/144 191/576/144
o cube
v 4.780602972626631 5.333188894439684 -0.0625
v 4.788760859640384 5.271223590603821 -0.0625
v 4.602864948132794 5.2467499295625615 -0.0625
v 4.594707061119041 5.308715233398424 -0.0625
v 4.780602972626631 5.333188894439684 0.0625
v 4.594707061119041 5.308715233398424 0.0625
v 4.788760859640384 5.271223590603821 0.0625
v 4.602864948132794 5.2467499295625615 0.0625
vt 0.234375 0.73046875
vt 0.23828125 0.73046875
vt 0.23828125 0.7421875
vt 0.234375 0.7421875
vt 0.140625 0.75390625
vt 0.1484375 0.75390625
vt 0.1484375 0.765625
vt 0.140625 0.765625
vt 0.2578125 0.73828125
vt 0.26171875 0.73828125
vt 0.26171875 0.75
vt 0.2578125 0.75
vt 0.234375 0.84765625
vt 0.2421875 0.84765625
vt 0.2421875 0.859375
vt 0.234375 0.859375
vt 0.265625 0.7734375
vt 0.26171875 0.7734375
vt 0.26171875 0.765625
vt 0.265625 0.765625
vt 0.234375 0.73046875
vt 0.23046875 0.73046875
vt 0.23046875 0.73828125
vt 0.234375 0.73828125
vn 0 0 -1
vn -0.13052619222005035 0.9914448613738107 0
vn 0 0 1
vn 0.13052619222005035 -0.9914448613738107 0
vn -0.9914448613738112 -0.1305261922200463 0
vn 0.9914448613738112 0.1305261922200463 0
usemtl m_9e15a070-b9c2-da85-8d3a-f2bca1e25526
f 193/577/145 194/578/145 195/579/145 196/580/145
f 197/581/146 193/582/146 196/583/146 198/584/146
f 199/585/147 197/586/147 198/587/147 200/588/147
f 194/589/148 199/590/148 200/591/148 195/592/148
f 200/593/149 198/594/149 196/595/149 195/596/149
f 194/597/150 193/598/150 197/599/150 199/600/150
o cube
v 4.594707012679216 5.308714724234232 -0.0625
v 4.616083271637071 5.249983935435112 -0.0625
v 3.9700445948467586 5.014845086898715 -0.0625
v 3.9486683358889043 5.073575875697835 -0.0625
v 4.594707012679216 5.308714724234232 0.0625
v 3.9486683358889043 5.073575875697835 0.0625
v 4.616083271637071 5.249983935435112 0.0625
v 3.9700445948467586 5.014845086898715 0.0625
vt 0.21875 0.73828125
vt 0.22265625 0.73828125
vt 0.22265625 0.78125
vt 0.21875 0.78125
vt 0.1796875 0.78515625
vt 0.1875 0.78515625
vt 0.1875 0.828125
vt 0.1796875 0.828125
vt 0.22265625 0.73828125
vt 0.2265625 0.73828125
vt 0.2265625 0.78125
vt 0.22265625 0.78125
vt 0.1875 0.84765625
vt 0.1953125 0.84765625
vt 0.1953125 0.890625
vt 0.1875 0.890625
vt 0.265625 0.765625
vt 0.26171875 0.765625
vt 0.26171875 0.7578125
vt 0.265625 0.7578125
vt 0.265625 0.75
vt 0.26171875 0.75
vt 0.26171875 0.7578125
vt 0.265625 0.7578125
vn 0 0 -1
vn -0.3420201433256681 0.9396926207859088 0
vn 0 0 1
vn 0.3420201433256681 -0.9396926207859088 0
vn -0.9396926207859095 -0.34202014332566566 0
vn 0.9396926207859095 0.34202014332566566 0
usemtl m_9e15a070-b9c2-da85-8d3a-f2bca1e25526
f 201/601/151 202/602/151 203/603/151 204/604/151
f 205/605/152 201/606/152 204/607/152 206/608/152
f 207/609/153 205/610/153 206/611/153 208/612/153
f 202/613/154 207/614/154 208/615/154 203/616/154
f 208/617/155 206/618/155 204/619/155 203/620/155
f 202/621/156 201/622/156 205/623/156 207/624/156
o cube
v 4.011168125 4.94857625 -0.0625
v 3.948668125 4.94857625 -0.0625
v 3.948668125 5.07357625 -0.0625
v 4.011168125 5.07357625 -0.0625
v 4.011168125 4.94857625 0.0625
v 4.011168125 5.07357625 0.0625
v 3.948668125 4.94857625 0.0625
v 3.948668125 5.07357625 0.0625
vt 0.26171875 0.7421875
vt 0.265625 0.7421875
vt 0.265625 0.75
vt 0.26171875 0.75
vt 0.25390625 0.7890625
vt 0.26171875 0.7890625
vt 0.26171875 0.796875
vt 0.25390625 0.796875
vt 0.2578125 0.73046875
vt 0.26171875 0.73046875
vt 0.26171875 0.73828125
vt 0.2578125 0.73828125
vt 0.20703125 0.73828125
vt 0.21484375 0.73828125
vt 0.21484375 0.74609375
vt 0.20703125 0.74609375
vt 0.265625 0.7421875
vt 0.26171875 0.7421875
vt 0.26171875 0.734375
vt 0.265625 0.734375
vt 0.26953125 0.8984375
vt 0.265625 0.8984375
vt 0.265625 0.90625
vt 0.26953125 0.90625
vn 0 0 -1
vn 1 0 0
vn 0 0 1
vn -1 0 0
vn 0 1 0
vn 0 -1 0
usemtl m_9e15a070-b9c2-da85-8d3a-f2bca1e25526
f 209/625/157 210/626/157 211/627/157 212/628/157
f 213/629/158 209/630/158 212/631/158 214/632/158
f 215/633/159 213/634/159 214/635/159 216/636/159
f 210/637/160 215/638/160 216/639/160 211/640/160
f 216/641/161 214/642/161 212/643/161 211/644/161
f 210/645/162 209/646/162 213/647/162 215/648/162
o cube
v 0.25 0 -0.25
v -0.25 0 -0.25
v -0.25 0.0625 -0.25
v 0.25 0.0625 -0.25
v 0.25 0 0.25
v 0.25 0.0625 0.25
v -0.25 0 0.25
v -0.25 0.0625 0.25
vt 0.2265625 0.80859375
vt 0.2578125 0.80859375
vt 0.2578125 0.8125
vt 0.2265625 0.8125
vt 0.2265625 0.8046875
vt 0.2578125 0.8046875
vt 0.2578125 0.80859375
vt 0.2265625 0.80859375
vt 0.2265625 0.80078125
vt 0.2578125 0.80078125
vt 0.2578125 0.8046875
vt 0.2265625 0.8046875
vt 0.2265625 0.796875
vt 0.2578125 0.796875
vt 0.2578125 0.80078125
vt 0.2265625 0.80078125
vt 0.171875 0.90625
vt 0.140625 0.90625
vt 0.140625 0.875
vt 0.171875 0.875
vt 0.171875 0.84375
vt 0.140625 0.84375
vt 0.140625 0.875
vt 0.171875 0.875
vn 0 0 -1
vn 1 0 0
vn 0 0 1
vn -1 0 0
vn 0 1 0
vn 0 -1 0
usemtl m_9e15a070-b9c2-da85-8d3a-f2bca1e25526
f 217/649/163 218/650/163 219/651/163 220/652/163
f 221/653/164 217/654/164 220/655/164 222/656/164
f 223/657/165 221/658/165 222/659/165 224/660/165
f 218/661/166 223/662/166 224/663/166 219/664/166
f 224/665/167 222/666/167 220/667/167 219/668/167
f 218/669/168 217/670/168 221/671/168 223/672/168
o cube
v 0.125 0.5 -0.1875
v 0.0625 0.5 -0.1875
v 0.0625 7.3125 -0.1875
v 0.125 7.3125 -0.1875
v 0.125 0.5 0.1875
v 0.125 7.3125 0.1875
v 0.0625 0.5 0.1875
v 0.0625 7.3125 0.1875
vt 0.1328125 0.484375
vt 0.13671875 0.484375
vt 0.13671875 0.91015625
vt 0.1328125 0.91015625
vt 0.046875 0.515625
vt 0.0703125 0.515625
vt 0.0703125 0.94140625
vt 0.046875 0.94140625
vt 0.13671875 0.484375
vt 0.140625 0.484375
vt 0.140625 0.91015625
vt 0.13671875 0.91015625
vt 0.0703125 0.515625
vt 0.09375 0.515625
vt 0.09375 0.94140625
vt 0.0703125 0.94140625
vt 0.15234375 0.765625
vt 0.1484375 0.765625
vt 0.1484375 0.7421875
vt 0.15234375 0.7421875
vt 0.15625 0.7421875
vt 0.15234375 0.7421875
vt 0.15234375 0.765625
vt 0.15625 0.765625
vn 0 0 -1
vn 1 0 0
vn 0 0 1
vn -1 0 0
vn 0 1 0
vn 0 -1 0
usemtl m_9e15a070-b9c2-da85-8d3a-f2bca1e25526
f 225/673/169 226/674/169 227/675/169 228/676/169
f 229/677/170 225/678/170 228/679/170 230/680/170
f 231/681/171 229/682/171 230/683/171 232/684/171
f 226/685/172 231/686/172 232/687/172 227/688/172
f 232/689/173 230/690/173 228/691/173 227/692/173
f 226/693/174 225/694/174 229/695/174 231/696/174
o cube
v 0.0625 1.4375 -0.0625
v -0.0625 1.4375 -0.0625
v -0.0625 7.3125 -0.0625
v 0.0625 7.3125 -0.0625
v 0.0625 1.4375 0.0625
v 0.0625 7.3125 0.0625
v -0.0625 1.4375 0.0625
v -0.0625 7.3125 0.0625
vt 0.09375 0.515625
vt 0.1015625 0.515625
vt 0.1015625 1
vt 0.09375 1
vt 0.1015625 0.515625
vt 0.109375 0.515625
vt 0.109375 1
vt 0.1015625 1
vt 0.109375 0.515625
vt 0.1171875 0.515625
vt 0.1171875 1
vt 0.109375 1
vt 0.1171875 0.515625
vt 0.125 0.515625
vt 0.125 1
vt 0.1171875 1
vt 0.26171875 0.765625
vt 0.25390625 0.765625
vt 0.25390625 0.7578125
vt 0.26171875 0.7578125
vt 0.26171875 0.75
vt 0.25390625 0.75
vt 0.25390625 0.7578125
vt 0.26171875 0.7578125
vn 0 0 -1
vn 1 0 0
vn 0 0 1
vn -1 0 0
vn 0 1 0
vn 0 -1 0
usemtl m_9e15a070-b9c2-da85-8d3a-f2bca1e25526
f 233/697/175 234/698/175 235/699/175 236/700/175
f 237/701/176 233/702/176 236/703/176 238/704/176
f 239/705/177 237/706/177 238/707/177 240/708/177
f 234/709/178 239/710/178 240/711/178 235/712/178
f 240/713/179 238/714/179 236/715/179 235/716/179
f 234/717/180 233/718/180 237/719/180 239/720/180
o cube
v 2.0625 5.375 -0.0625
v 2 5.375 -0.0625
v 2 5.625 -0.0625
v 2.0625 5.625 -0.0625
v 2.0625 5.375 0.0625
v 2.0625 5.625 0.0625
v 2 5.375 0.0625
v 2 5.625 0.0625
vt 0.25390625 0.734375
vt 0.2578125 0.734375
vt 0.2578125 0.75
vt 0.25390625 0.75
vt 0.2265625 0.78125
vt 0.234375 0.78125
vt 0.234375 0.796875
vt 0.2265625 0.796875
vt 0.2578125 0.875
vt 0.26171875 0.875
vt 0.26171875 0.890625
vt 0.2578125 0.890625
vt 0.2265625 0.765625
vt 0.234375 0.765625
vt 0.234375 0.78125
vt 0.2265625 0.78125
vt 0.26953125 0.875
vt 0.265625 0.875
vt 0.265625 0.8671875
vt 0.26953125 0.8671875
vt 0.26953125 0.859375
vt 0.265625 0.859375
vt 0.265625 0.8671875
vt 0.26953125 0.8671875
vn 0 0 -1
vn 1 0 0
vn 0 0 1
vn -1 0 0
vn 0 1 0
vn 0 -1 0
usemtl m_9e15a070-b9c2-da85-8d3a-f2bca1e25526
f 241/721/181 242/722/181 243/723/181 244/724/181
f 245/725/182 241/726/182 244/727/182 246/728/182
f 247/729/183 245/730/183 246/731/183 248/732/183
f 242/733/184 247/734/184 248/735/184 243/736/184
f 248/737/185 246/738/185 244/739/185 243/740/185
f 242/741/186 241/742/186 245/743/186 247/744/186
o cube
v 5.3125 5.3125 -0.0625
v 5.1875 5.3125 -0.0625
v 5.1875 5.375 -0.0625
v 5.3125 5.375 -0.0625
v 5.3125 5.3125 0.0625
v 5.3125 5.375 0.0625
v 5.1875 5.3125 0.0625
v 5.1875 5.375 0.0625
vt 0.26171875 0.77734375
vt 0.26953125 0.77734375
vt 0.26953125 0.78125
vt 0.26171875 0.78125
vt 0.265625 0.87890625
vt 0.2734375 0.87890625
vt 0.2734375 0.8828125
vt 0.265625 0.8828125
vt 0.265625 0.85546875
vt 0.2734375 0.85546875
vt 0.2734375 0.859375
vt 0.265625 0.859375
vt 0.265625 0.8515625
vt 0.2734375 0.8515625
vt 0.2734375 0.85546875
vt 0.265625 0.85546875
vt 0.265625 0.875
vt 0.2578125 0.875
vt 0.2578125 0.8671875
vt 0.265625 0.8671875
vt 0.265625 0.859375
vt 0.2578125 0.859375
vt 0.2578125 0.8671875
vt 0.265625 0.8671875
vn 0 0 -1
vn 1 0 0
vn 0 0 1
vn -1 0 0
vn 0 1 0
vn 0 -1 0
usemtl m_9e15a070-b9c2-da85-8d3a-f2bca1e25526
f 249/745/187 250/746/187 251/747/187 252/748/187
f 253/749/188 249/750/188 252/751/188 254/752/188
f 255/753/189 253/754/189 254/755/189 256/756/189
f 250/757/190 255/758/190 256/759/190 251/760/190
f 256/761/191 254/762/191 252/763/191 251/764/191
f 250/765/192 249/766/192 253/767/192 255/768/192
o cube
v 5.3125 5.1875 -0.0625
v 5.25 5.1875 -0.0625
v 5.25 5.375 -0.0625
v 5.3125 5.375 -0.0625
v 5.3125 5.1875 0.0625
v 5.3125 5.375 0.0625
v 5.25 5.1875 0.0625
v 5.25 5.375 0.0625
vt 0.26171875 0.87890625
vt 0.265625 0.87890625
vt 0.265625 0.890625
vt 0.26171875 0.890625
vt 0.234375 0.8359375
vt 0.2421875 0.8359375
vt 0.2421875 0.84765625
vt 0.234375 0.84765625
vt 0.140625 0.7265625
vt 0.14453125 0.7265625
vt 0.14453125 0.73828125
vt 0.140625 0.73828125
vt 0.15625 0.75390625
vt 0.1640625 0.75390625
vt 0.1640625 0.765625
vt 0.15625 0.765625
vt 0.15234375 0.734375
vt 0.1484375 0.734375
vt 0.1484375 0.7265625
vt 0.15234375 0.7265625
vt 0.15625 0.7265625
vt 0.15234375 0.7265625
vt 0.15234375 0.734375
vt 0.15625 0.734375
vn 0 0 -1
vn 1 0 0
vn 0 0 1
vn -1 0 0
vn 0 1 0
vn 0 -1 0
usemtl m_9e15a070-b9c2-da85-8d3a-f2bca1e25526
f 257/769/193 258/770/193 259/771/193 260/772/193
f 261/773/194 257/774/194 260/775/194 262/776/194
f 263/777/195 261/778/195 262/779/195 264/780/195
f 258/781/196 263/782/196 264/783/196 259/784/196
f 264/785/197 262/786/197 260/787/197 259/788/197
f 258/789/198 257/790/198 261/791/198 263/792/198
o cube
v 5.375 5.3125 -0.0625
v 5.25 5.3125 -0.0625
v 5.25 5.375 -0.0625
v 5.375 5.375 -0.0625
v 5.375 5.3125 0.0625
v 5.375 5.375 0.0625
v 5.25 5.3125 0.0625
v 5.25 5.375 0.0625
vt 0.265625 0.83203125
vt 0.2734375 0.83203125
vt 0.2734375 0.8359375
vt 0.265625 0.8359375
vt 0.265625 0.828125
vt 0.2734375 0.828125
vt 0.2734375 0.83203125
vt 0.265625 0.83203125
vt 0.265625 0.82421875
vt 0.2734375 0.82421875
vt 0.2734375 0.828125
vt 0.265625 0.828125
vt 0.265625 0.8203125
vt 0.2734375 0.8203125
vt 0.2734375 0.82421875
vt 0.265625 0.82421875
vt 0.265625 0.859375
vt 0.2578125 0.859375
vt 0.2578125 0.8515625
vt 0.265625 0.8515625
vt 0.15625 0.734375
vt 0.1484375 0.734375
vt 0.1484375 0.7421875
vt 0.15625 0.7421875
vn 0 0 -1
vn 1 0 0
vn 0 0 1
vn -1 0 0
vn 0 1 0
vn 0 -1 0
usemtl m_9e15a070-b9c2-da85-8d3a-f2bca1e25526
f 265/793/199 266/794/199 267/795/199 268/796/199
f 269/797/200 265/798/200 268/799/200 270/800/200
f 271/801/201 269/802/201 270/803/201 272/804/201
f 266/805/202 271/806/202 272/807/202 267/808/202
f 272/809/203 270/810/203 268/811/203 267/812/203
f 266/813/204 265/814/204 269/815/204 271/816/204
o cube
v -0.0625 0.3125 -0.1875
v -0.125 0.3125 -0.1875
v -0.125 7.125 -0.1875
v -0.0625 7.125 -0.1875
v -0.0625 0.3125 0.1875
v -0.0625 7.125 0.1875
v -0.125 0.3125 0.1875
v -0.125 7.125 0.1875
vt 0.125 0.484375
vt 0.12890625 0.484375
vt 0.12890625 0.91015625
vt 0.125 0.91015625
vt 0 0.515625
vt 0.0234375 0.515625
vt 0.0234375 0.94140625
vt 0 0.94140625
vt 0.12890625 0.484375
vt 0.1328125 0.484375
vt 0.1328125 0.91015625
vt 0.12890625 0.91015625
vt 0.0234375 0.515625
vt 0.046875 0.515625
vt 0.046875 0.94140625
vt 0.0234375 0.94140625
vt 0.17578125 0.76953125
vt 0.171875 0.76953125
vt 0.171875 0.74609375
vt 0.17578125 0.74609375
vt 0.1796875 0.74609375
vt 0.17578125 0.74609375
vt 0.17578125 0.76953125
vt 0.1796875 0.76953125
vn 0 0 -1
vn 1 0 0
vn 0 0 1
vn -1 0 0
vn 0 1 0
vn 0 -1 0
usemtl m_9e15a070-b9c2-da85-8d3a-f2bca1e25526
f 273/817/205 274/818/205 275/819/205 276/820/205
f 277/821/206 273/822/206 276/823/206 278/824/206
f 279/825/207 277/826/207 278/827/207 280/828/207
f 274/829/208 279/830/208 280/831/208 275/832/208
f 280/833/209 278/834/209 276/835/209 275/836/209
f 274/837/210 273/838/210 277/839/210 279/840/210
o cube
v 0.125 0.3125 -0.1875
v 0.0625 0.3125 -0.1875
v 0.0625 7.125 -0.1875
v 0.125 7.125 -0.1875
v 0.125 0.3125 0.1875
v 0.125 7.125 0.1875
v 0.0625 0.3125 0.1875
v 0.0625 7.125 0.1875
vt 0.1328125 0.484375
vt 0.13671875 0.484375
vt 0.13671875 0.91015625
vt 0.1328125 0.91015625
vt 0.046875 0.515625
vt 0.0703125 0.515625
vt 0.0703125 0.94140625
vt 0.046875 0.94140625
vt 0.13671875 0.484375
vt 0.140625 0.484375
vt 0.140625 0.91015625
vt 0.13671875 0.91015625
vt 0.0703125 0.515625
vt 0.09375 0.515625
vt 0.09375 0.94140625
vt 0.0703125 0.94140625
vt 0.15234375 0.765625
vt 0.1484375 0.765625
vt 0.1484375 0.7421875
vt 0.15234375 0.7421875
vt 0.15625 0.7421875
vt 0.15234375 0.7421875
vt 0.15234375 0.765625
vt 0.15625 0.765625
vn 0 0 -1
vn 1 0 0
vn 0 0 1
vn -1 0 0
vn 0 1 0
vn 0 -1 0
usemtl m_9e15a070-b9c2-da85-8d3a-f2bca1e25526
f 281/841/211 282/842/211 283/843/211 284/844/211
f 285/845/212 281/846/212 284/847/212 286/848/212
f 287/849/213 285/850/213 286/851/213 288/852/213
f 282/853/214 287/854/214 288/855/214 283/856/214
f 288/857/215 286/858/215 284/859/215 283/860/215
f 282/861/216 281/862/216 285/863/216 287/864/216
o cube
v 0.0625 1.5 -0.0625
v -0.0625 1.5 -0.0625
v -0.0625 7 -0.0625
v 0.0625 7 -0.0625
v 0.0625 1.5 0.0625
v 0.0625 7 0.0625
v -0.0625 1.5 0.0625
v -0.0625 7 0.0625
vt 0.09375 0.515625
vt 0.1015625 0.515625
vt 0.1015625 1
vt 0.09375 1
vt 0.1015625 0.515625
vt 0.109375 0.515625
vt 0.109375 1
vt 0.1015625 1
vt 0.109375 0.515625
vt 0.1171875 0.515625
vt 0.1171875 1
vt 0.109375 1
vt 0.1171875 0.515625
vt 0.125 0.515625
vt 0.125 1
vt 0.1171875 1
vt 0.26171875 0.765625
vt 0.25390625 0.765625
vt 0.25390625 0.7578125
vt 0.26171875 0.7578125
vt 0.26171875 0.75
vt 0.25390625 0.75
vt 0.25390625 0.7578125
vt 0.26171875 0.7578125
vn 0 0 -1
vn 1 0 0
vn 0 0 1
vn -1 0 0
vn 0 1 0
vn 0 -1 0
usemtl m_9e15a070-b9c2-da85-8d3a-f2bca1e25526
f 289/865/217 290/866/217 291/867/217 292/868/217
f 293/869/218 289/870/218 292/871/218 294/872/218
f 295/873/219 293/874/219 294/875/219 296/876/219
f 290/877/220 295/878/220 296/879/220 291/880/220
f 296/881/221 294/882/221 292/883/221 291/884/221
f 290/885/222 289/886/222 293/887/222 295/888/222
o cube
v 0.0625 1.6875 -0.0625
v -0.0625 1.6875 -0.0625
v -0.0625 6.0625 -0.0625
v 0.0625 6.0625 -0.0625
v 0.0625 1.6875 0.0625
v 0.0625 6.0625 0.0625
v -0.0625 1.6875 0.0625
v -0.0625 6.0625 0.0625
vt 0.09375 0.515625
vt 0.1015625 0.515625
vt 0.1015625 1
vt 0.09375 1
vt 0.1015625 0.515625
vt 0.109375 0.515625
vt 0.109375 1
vt 0.1015625 1
vt 0.109375 0.515625
vt 0.1171875 0.515625
vt 0.1171875 1
vt 0.109375 1
vt 0.1171875 0.515625
vt 0.125 0.515625
vt 0.125 1
vt 0.1171875 1
vt 0.26171875 0.765625
vt 0.25390625 0.765625
vt 0.25390625 0.7578125
vt 0.26171875 0.7578125
vt 0.26171875 0.75
vt 0.25390625 0.75
vt 0.25390625 0.7578125
vt 0.26171875 0.7578125
vn 0 0 -1
vn 1 0 0
vn 0 0 1
vn -1 0 0
vn 0 1 0
vn 0 -1 0
usemtl m_9e15a070-b9c2-da85-8d3a-f2bca1e25526
f 297/889/223 298/890/223 299/891/223 300/892/223
f 301/893/224 297/894/224 300/895/224 302/896/224
f 303/897/225 301/898/225 302/899/225 304/900/225
f 298/901/226 303/902/226 304/903/226 299/904/226
f 304/905/227 302/906/227 300/907/227 299/908/227
f 298/909/228 297/910/228 301/911/228 303/912/228
o cube
v -0.125 6.9375 0.1875
v -0.0625 0.125 -0.1875
v -0.125 0.125 -0.1875
v -0.125 6.9375 -0.1875
v -0.0625 6.9375 -0.1875
v -0.0625 0.125 0.1875
v -0.0625 6.9375 0.1875
v -0.125 0.125 0.1875
vt 0.125 0.484375
vt 0.12890625 0.484375
vt 0.12890625 0.91015625
vt 0.125 0.91015625
vt 0 0.515625
vt 0.0234375 0.515625
vt 0.0234375 0.94140625
vt 0 0.94140625
vt 0.12890625 0.484375
vt 0.1328125 0.484375
vt 0.1328125 0.91015625
vt 0.12890625 0.91015625
vt 0.0234375 0.515625
vt 0.046875 0.515625
vt 0.046875 0.94140625
vt 0.0234375 0.94140625
vt 0.17578125 0.76953125
vt 0.171875 0.76953125
vt 0.171875 0.74609375
vt 0.17578125 0.74609375
vt 0.1796875 0.74609375
vt 0.17578125 0.74609375
vt 0.17578125 0.76953125
vt 0.1796875 0.76953125
vn 0 0 -1
vn 1 0 0
vn 0 0 1
vn -1 0 0
vn 0 1 0
vn 0 -1 0
usemtl m_9e15a070-b9c2-da85-8d3a-f2bca1e25526
f 306/913/229 307/914/229 308/915/229 309/916/229
f 310/917/230 306/918/230 309/919/230 311/920/230
f 312/921/231 310/922/231 311/923/231 305/924/231
f 307/925/232 312/926/232 305/927/232 308/928/232
f 305/929/233 311/930/233 309/931/233 308/932/233
f 307/933/234 306/934/234 310/935/234 312/936/234
o cube
v 0.0625 1.25 -0.0625
v -0.0625 1.25 -0.0625
v -0.0625 6.75 -0.0625
v 0.0625 6.75 -0.0625
v 0.0625 1.25 0.0625
v 0.0625 6.75 0.0625
v -0.0625 1.25 0.0625
v -0.0625 6.75 0.0625
vt 0.09375 0.515625
vt 0.1015625 0.515625
vt 0.1015625 1
vt 0.09375 1
vt 0.1015625 0.515625
vt 0.109375 0.515625
vt 0.109375 1
vt 0.1015625 1
vt 0.109375 0.515625
vt 0.1171875 0.515625
vt 0.1171875 1
vt 0.109375 1
vt 0.1171875 0.515625
vt 0.125 0.515625
vt 0.125 1
vt 0.1171875 1
vt 0.26171875 0.765625
vt 0.25390625 0.765625
vt 0.25390625 0.7578125
vt 0.26171875 0.7578125
vt 0.26171875 0.75
vt 0.25390625 0.75
vt 0.25390625 0.7578125
vt 0.26171875 0.7578125
vn 0 0 -1
vn 1 0 0
vn 0 0 1
vn -1 0 0
vn 0 1 0
vn 0 -1 0
usemtl m_9e15a070-b9c2-da85-8d3a-f2bca1e25526
f 313/937/235 314/938/235 315/939/235 316/940/235
f 317/941/236 313/942/236 316/943/236 318/944/236
f 319/945/237 317/946/237 318/947/237 320/948/237
f 314/949/238 319/950/238 320/951/238 315/952/238
f 320/953/239 318/954/239 316/955/239 315/956/239
f 314/957/240 313/958/240 317/959/240 319/960/240
o cube
v 0.125 0.0625 -0.1875
v 0.0625 0.0625 -0.1875
v 0.0625 6.875 -0.1875
v 0.125 6.875 -0.1875
v 0.125 0.0625 0.1875
v 0.125 6.875 0.1875
v 0.0625 0.0625 0.1875
v 0.0625 6.875 0.1875
vt 0.1328125 0.484375
vt 0.13671875 0.484375
vt 0.13671875 0.91015625
vt 0.1328125 0.91015625
vt 0.046875 0.515625
vt 0.0703125 0.515625
vt 0.0703125 0.94140625
vt 0.046875 0.94140625
vt 0.13671875 0.484375
vt 0.140625 0.484375
vt 0.140625 0.91015625
vt 0.13671875 0.91015625
vt 0.0703125 0.515625
vt 0.09375 0.515625
vt 0.09375 0.94140625
vt 0.0703125 0.94140625
vt 0.15234375 0.765625
vt 0.1484375 0.765625
vt 0.1484375 0.7421875
vt 0.15234375 0.7421875
vt 0.15625 0.7421875
vt 0.15234375 0.7421875
vt 0.15234375 0.765625
vt 0.15625 0.765625
vn 0 0 -1
vn 1 0 0
vn 0 0 1
vn -1 0 0
vn 0 1 0
vn 0 -1 0
usemtl m_9e15a070-b9c2-da85-8d3a-f2bca1e25526
f 321/961/241 322/962/241 323/963/241 324/964/241
f 325/965/242 321/966/242 324/967/242 326/968/242
f 327/969/243 325/970/243 326/971/243 328/972/243
f 322/973/244 327/974/244 328/975/244 323/976/244
f 328/977/245 326/978/245 324/979/245 323/980/245
f 322/981/246 321/982/246 325/983/246 327/984/246
o cube
v -0.0625 0.0625 -0.1875
v -0.125 0.0625 -0.1875
v -0.125 6.875 -0.1875
v -0.0625 6.875 -0.1875
v -0.0625 0.0625 0.1875
v -0.0625 6.875 0.1875
v -0.125 0.0625 0.1875
v -0.125 6.875 0.1875
vt 0.125 0.484375
vt 0.12890625 0.484375
vt 0.12890625 0.91015625
vt 0.125 0.91015625
vt 0 0.515625
vt 0.0234375 0.515625
vt 0.0234375 0.94140625
vt 0 0.94140625
vt 0.12890625 0.484375
vt 0.1328125 0.484375
vt 0.1328125 0.91015625
vt 0.12890625 0.91015625
vt 0.0234375 0.515625
vt 0.046875 0.515625
vt 0.046875 0.94140625
vt 0.0234375 0.94140625
vt 0.17578125 0.76953125
vt 0.171875 0.76953125
vt 0.171875 0.74609375
vt 0.17578125 0.74609375
vt 0.1796875 0.74609375
vt 0.17578125 0.74609375
vt 0.17578125 0.76953125
vt 0.1796875 0.76953125
vn 0 0 -1
vn 1 0 0
vn 0 0 1
vn -1 0 0
vn 0 1 0
vn 0 -1 0
usemtl m_9e15a070-b9c2-da85-8d3a-f2bca1e25526
f 329/985/247 330/986/247 331/987/247 332/988/247
f 333/989/248 329/990/248 332/991/248 334/992/248
f 335/993/249 333/994/249 334/995/249 336/996/249
f 330/997/250 335/998/250 336/999/250 331/1000/250
f 336/1001/251 334/1002/251 332/1003/251 331/1004/251
f 330/1005/252 329/1006/252 333/1007/252 335/1008/252
o cube
v 0 0.5625 -0.0625
v -0.125 0.5625 -0.0625
v -0.125 7.3125 -0.0625
v 0 7.3125 -0.0625
v 0 0.5625 0.0625
v 0 7.3125 0.0625
v -0.125 0.5625 0.0625
v -0.125 7.3125 0.0625
vt 0.09375 0.515625
vt 0.1015625 0.515625
vt 0.1015625 1
vt 0.09375 1
vt 0.1015625 0.515625
vt 0.109375 0.515625
vt 0.109375 1
vt 0.1015625 1
vt 0.109375 0.515625
vt 0.1171875 0.515625
vt 0.1171875 1
vt 0.109375 1
vt 0.1171875 0.515625
vt 0.125 0.515625
vt 0.125 1
vt 0.1171875 1
vt 0.26171875 0.765625
vt 0.25390625 0.765625
vt 0.25390625 0.7578125
vt 0.26171875 0.7578125
vt 0.26171875 0.75
vt 0.25390625 0.75
vt 0.25390625 0.7578125
vt 0.26171875 0.7578125
vn 0 0 -1
vn 1 0 0
vn 0 0 1
vn -1 0 0
vn 0 1 0
vn 0 -1 0
usemtl m_9e15a070-b9c2-da85-8d3a-f2bca1e25526
f 337/1009/253 338/1010/253 339/1011/253 340/1012/253
f 341/1013/254 337/1014/254 340/1015/254 342/1016/254
f 343/1017/255 341/1018/255 342/1019/255 344/1020/255
f 338/1021/256 343/1022/256 344/1023/256 339/1024/256
f 344/1025/257 342/1026/257 340/1027/257 339/1028/257
f 338/1029/258 337/1030/258 341/1031/258 343/1032/258
o cube
v 0.0625 0.0625 -0.0625
v -0.0625 0.0625 -0.0625
v -0.0625 6.8125 -0.0625
v 0.0625 6.8125 -0.0625
v 0.0625 0.0625 0.0625
v 0.0625 6.8125 0.0625
v -0.0625 0.0625 0.0625
v -0.0625 6.8125 0.0625
vt 0.09375 0.515625
vt 0.1015625 0.515625
vt 0.1015625 1
vt 0.09375 1
vt 0.1015625 0.515625
vt 0.109375 0.515625
vt 0.109375 1
vt 0.1015625 1
vt 0.109375 0.515625
vt 0.1171875 0.515625
vt 0.1171875 1
vt 0.109375 1
vt 0.1171875 0.515625
vt 0.125 0.515625
vt 0.125 1
vt 0.1171875 1
vt 0.26171875 0.765625
vt 0.25390625 0.765625
vt 0.25390625 0.7578125
vt 0.26171875 0.7578125
vt 0.26171875 0.75
vt 0.25390625 0.75
vt 0.25390625 0.7578125
vt 0.26171875 0.7578125
vn 0 0 -1
vn 1 0 0
vn 0 0 1
vn -1 0 0
vn 0 1 0
vn 0 -1 0
usemtl m_9e15a070-b9c2-da85-8d3a-f2bca1e25526
f 345/1033/259 346/1034/259 347/1035/259 348/1036/259
f 349/1037/260 345/1038/260 348/1039/260 350/1040/260
f 351/1041/261 349/1042/261 350/1043/261 352/1044/261
f 346/1045/262 351/1046/262 352/1047/262 347/1048/262
f 352/1049/263 350/1050/263 348/1051/263 347/1052/263
f 346/1053/264 345/1054/264 349/1055/264 351/1056/264
o cube
v 4.5 6.25 -0.0625
v 0.25 6.25 -0.0625
v 0.25 6.375 -0.0625
v 4.5 6.375 -0.0625
v 4.5 6.25 0.0625
v 4.5 6.375 0.0625
v 0.25 6.25 0.0625
v 0.25 6.375 0.0625
vt 0.125 0.9921875
vt 0.390625 0.9921875
vt 0.390625 1
vt 0.125 1
vt 0.23828125 0.7734375
vt 0.24609375 0.7734375
vt 0.24609375 0.78125
vt 0.23828125 0.78125
vt 0.125 0.984375
vt 0.390625 0.984375
vt 0.390625 0.9921875
vt 0.125 0.9921875
vt 0.23828125 0.765625
vt 0.24609375 0.765625
vt 0.24609375 0.7734375
vt 0.23828125 0.7734375
vt 0.390625 0.984375
vt 0.125 0.984375
vt 0.125 0.9765625
vt 0.390625 0.9765625
vt 0.390625 0.96875
vt 0.125 0.96875
vt 0.125 0.9765625
vt 0.390625 0.9765625
vn 0 0 -1
vn 1 0 0
vn 0 0 1
vn -1 0 0
vn 0 1 0
vn 0 -1 0
usemtl m_9e15a070-b9c2-da85-8d3a-f2bca1e25526
f 353/1057/265 354/1058/265 355/1059/265 356/1060/265
f 357/1061/266 353/1062/266 356/1063/266 358/1064/266
f 359/1065/267 357/1066/267 358/1067/267 360/1068/267
f 354/1069/268 359/1070/268 360/1071/268 355/1072/268
f 360/1073/269 358/1074/269 356/1075/269 355/1076/269
f 354/1077/270 353/1078/270 357/1079/270 359/1080/270
o sssss
v 0.3965711366419562 5.01142851479455 0.0625
v 0.3965711366419562 5.01142851479455 -0.0625
v 0.4444065656875926 4.895943573230639 0.0625
v 0.4444065656875926 4.895943573230639 -0.0625
v 0.05011631195022348 4.867922227657641 -0.0625
v 0.05011631195022348 4.867922227657641 0.0625
v 0.0979517409958599 4.7524372860937305 -0.0625
v 0.0979517409958599 4.7524372860937305 0.0625
vt 0.9375 1
vt 1 1
vt 1 0.9375
vt 0.9375 0.9375
vt 0 1
vt 0.125 1
vt 0.125 0.9375
vt 0 0.9375
vt 0 1
vt 0.0625 1
vt 0.0625 0.9375
vt 0 0.9375
vt 0.19140625 0.7041015625
vt 0.31640625 0.7041015625
vt 0.31640625 0.6416015625
vt 0.19140625 0.6416015625
vt 0 1
vt 0.0625 1
vt 0.0625 0.875
vt 0 0.875
vt 0 1
vt 0.0625 1
vt 0.0625 0.875
vt 0 0.875
vn 0 0 -1
vn 0.9238795325112867 0.3826834323650897 0
vn 0 0 1
vn -0.9238795325112867 -0.3826834323650897 0
vn -0.3826834323650897 0.9238795325112867 0
vn 0.3826834323650897 -0.9238795325112867 0
usemtl m_9e15a070-b9c2-da85-8d3a-f2bca1e25526
f 364/1084/271 367/1083/271 365/1082/271 362/1081/271
f 363/1088/272 364/1087/272 362/1086/272 361/1085/272
f 368/1092/273 363/1091/273 361/1090/273 366/1089/273
f 367/1096/274 368/1095/274 366/1094/274 365/1093/274
f 366/1100/275 361/1099/275 362/1098/275 365/1097/275
f 367/1104/276 364/1103/276 363/1102/276 368/1101/276
o cube
v 2.1626700163597565 5.810620135783866 0.0625
v 2.1626700163597565 5.810620135783866 0
v 2.1865877308825743 5.752877665001911 0.0625
v 2.1865877308825743 5.752877665001911 0
v 2.1049275455778007 5.786702421261048 0
v 2.1049275455778007 5.786702421261048 0.0625
v 2.128845260100619 5.7289599504790925 0
v 2.128845260100619 5.7289599504790925 0.0625
vt 0.9375 1
vt 1 1
vt 1 0.9375
vt 0.9375 0.9375
vt 0 1
vt 0.125 1
vt 0.125 0.9375
vt 0 0.9375
vt 0 1
vt 0.0625 1
vt 0.0625 0.9375
vt 0 0.9375
vt 0.19140625 0.7041015625
vt 0.31640625 0.7041015625
vt 0.31640625 0.6416015625
vt 0.19140625 0.6416015625
vt 0 1
vt 0.0625 1
vt 0.0625 0.875
vt 0 0.875
vt 0 1
vt 0.0625 1
vt 0.0625 0.875
vt 0 0.875
vn 0 0 -1
vn 0.9238795325112867 0.3826834323650897 0
vn 0 0 1
vn -0.9238795325112867 -0.3826834323650897 0
vn -0.3826834323650897 0.9238795325112867 0
vn 0.3826834323650897 -0.9238795325112867 0
usemtl m_9e15a070-b9c2-da85-8d3a-f2bca1e25526
f 372/1108/277 375/1107/277 373/1106/277 370/1105/277
f 371/1112/278 372/1111/278 370/1110/278 369/1109/278
f 376/1116/279 371/1115/279 369/1114/279 374/1113/279
f 375/1120/280 376/1119/280 374/1118/280 373/1117/280
f 374/1124/281 369/1123/281 370/1122/281 373/1121/281
f 375/1128/282 372/1127/282 371/1126/282 376/1125/282
o cube
v 2.1626700163597565 5.810620135783866 0
v 2.1626700163597565 5.810620135783866 -0.0625
v 2.1865877308825743 5.752877665001911 0
v 2.1865877308825743 5.752877665001911 -0.0625
v 2.1049275455778007 5.786702421261048 -0.0625
v 2.1049275455778007 5.786702421261048 0
v 2.128845260100619 5.7289599504790925 -0.0625
v 2.128845260100619 5.7289599504790925 0
vt 0.9375 1
vt 1 1
vt 1 0.9375
vt 0.9375 0.9375
vt 0 1
vt 0.125 1
vt 0.125 0.9375
vt 0 0.9375
vt 0 1
vt 0.0625 1
vt 0.0625 0.9375
vt 0 0.9375
vt 0.19140625 0.7041015625
vt 0.31640625 0.7041015625
vt 0.31640625 0.6416015625
vt 0.19140625 0.6416015625
vt 0 1
vt 0.0625 1
vt 0.0625 0.875
vt 0 0.875
vt 0 1
vt 0.0625 1
vt 0.0625 0.875
vt 0 0.875
vn 0 0 -1
vn 0.9238795325112867 0.3826834323650897 0
vn 0 0 1
vn -0.9238795325112867 -0.3826834323650897 0
vn -0.3826834323650897 0.9238795325112867 0
vn 0.3826834323650897 -0.9238795325112867 0
usemtl m_9e15a070-b9c2-da85-8d3a-f2bca1e25526
f 380/1132/283 383/1131/283 381/1130/283 378/1129/283
f 379/1136/284 380/1135/284 378/1134/284 377/1133/284
f 384/1140/285 379/1139/285 377/1138/285 382/1137/285
f 383/1144/286 384/1143/286 382/1142/286 381/1141/286
f 382/1148/287 377/1147/287 378/1146/287 381/1145/287
f 383/1152/288 380/1151/288 379/1150/288 384/1149/288
o rfr
v 2.1626700163597565 5.810620135783866 0
v 2.133810728032568 5.755181958710227 0
v 1.0250471865597914 6.332367725254019 0
v 1.0539064748869804 6.387805902327658 0
v 2.1626700163597565 5.810620135783866 0
v 1.0539064748869804 6.387805902327658 0
v 2.133810728032568 5.755181958710227 0
v 1.0250471865597914 6.332367725254019 0
vt 0.1875 0.75
vt 0.19140625 0.75
vt 0.19140625 0.828125
vt 0.1875 0.828125
vt 0 0.921875
vt 0 0.921875
vt 0 1
vt 0 1
vt 0.19140625 0.75
vt 0.1953125 0.75
vt 0.1953125 0.828125
vt 0.19140625 0.828125
vt 0 0.921875
vt 0 0.921875
vt 0 1
vt 0 1
vt 0.00390625 1
vt 0 1
vt 0 1
vt 0.00390625 1
vt 0.00390625 1
vt 0 1
vt 0 1
vt 0.00390625 1
vn 0 0 -1
vn 0 0 0
vn 0 0 1
vn 0 0 0
vn 0 0 0
vn 0 0 0
usemtl m_9e15a070-b9c2-da85-8d3a-f2bca1e25526
f 385/1153/289 386/1154/289 387/1155/289 388/1156/289
f 389/1157/290 385/1158/290 388/1159/290 390/1160/290
f 391/1161/291 389/1162/291 390/1163/291 392/1164/291
f 386/1165/292 391/1166/292 392/1167/292 387/1168/292
f 392/1169/293 390/1170/293 388/1171/293 387/1172/293
f 386/1173/294 385/1174/294 389/1175/294 391/1176/294
o cube
v 0.5624999822318228 6.375000196967324 0.0625
v 0.5624999822318228 6.375000196967324 -0.0625
v 0.5624999822318228 6.250000196967324 0.0625
v 0.5624999822318228 6.250000196967324 -0.0625
v -0.06250001776817715 6.375000196967324 -0.0625
v -0.06250001776817715 6.375000196967324 0.0625
v -0.06250001776817715 6.250000196967324 -0.0625
v -0.06250001776817715 6.250000196967324 0.0625
vt 0.9375 1
vt 1 1
vt 1 0.9375
vt 0.9375 0.9375
vt 0 1
vt 0.125 1
vt 0.125 0.9375
vt 0 0.9375
vt 0 1
vt 0.0625 1
vt 0.0625 0.9375
vt 0 0.9375
vt 0.19140625 0.7041015625
vt 0.31640625 0.7041015625
vt 0.31640625 0.6416015625
vt 0.19140625 0.6416015625
vt 0 1
vt 0.0625 1
vt 0.0625 0.875
vt 0 0.875
vt 0 1
vt 0.0625 1
vt 0.0625 0.875
vt 0 0.875
vn 0 0 -1
vn 1 0 0
vn 0 0 1
vn -1 0 0
vn 0 1 0
vn 0 -1 0
usemtl m_9e15a070-b9c2-da85-8d3a-f2bca1e25526
f 396/1180/295 399/1179/295 397/1178/295 394/1177/295
f 395/1184/296 396/1183/296 394/1182/296 393/1181/296
f 400/1188/297 395/1187/297 393/1186/297 398/1185/297
f 399/1192/298 400/1191/298 398/1190/298 397/1189/298
f 398/1196/299 393/1195/299 394/1194/299 397/1193/299
f 399/1200/300 396/1199/300 395/1198/300 400/1197/300
o cube
v 1.2499999822318228 6.250000196967324 0.0625
v 1.2499999822318228 6.250000196967324 -0.0625
v 1.2499999822318228 6.187500196967324 0.0625
v 1.2499999822318228 6.187500196967324 -0.0625
v 1.1874999822318228 6.250000196967324 -0.0625
v 1.1874999822318228 6.250000196967324 0.0625
v 1.1874999822318228 6.187500196967324 -0.0625
v 1.1874999822318228 6.187500196967324 0.0625
vt 0.9375 1
vt 1 1
vt 1 0.9375
vt 0.9375 0.9375
vt 0 1
vt 0.125 1
vt 0.125 0.9375
vt 0 0.9375
vt 0 1
vt 0.0625 1
vt 0.0625 0.9375
vt 0 0.9375
vt 0.19140625 0.7041015625
vt 0.31640625 0.7041015625
vt 0.31640625 0.6416015625
vt 0.19140625 0.6416015625
vt 0 1
vt 0.0625 1
vt 0.0625 0.875
vt 0 0.875
vt 0 1
vt 0.0625 1
vt 0.0625 0.875
vt 0 0.875
vn 0 0 -1
vn 1 0 0
vn 0 0 1
vn -1 0 0
vn 0 1 0
vn 0 -1 0
usemtl m_9e15a070-b9c2-da85-8d3a-f2bca1e25526
f 404/1204/301 407/1203/301 405/1202/301 402/1201/301
f 403/1208/302 404/1207/302 402/1206/302 401/1205/302
f 408/1212/303 403/1211/303 401/1210/303 406/1209/303
f 407/1216/304 408/1215/304 406/1214/304 405/1213/304
f 406/1220/305 401/1219/305 402/1218/305 405/1217/305
f 407/1224/306 404/1223/306 403/1222/306 408/1221/306
o sssss
v -0.05011631195022348 4.867922227657641 0.0625
v -0.05011631195022348 4.867922227657641 -0.0625
v -0.0979517409958599 4.7524372860937305 0.0625
v -0.0979517409958599 4.7524372860937305 -0.0625
v -0.3965711366419562 5.01142851479455 -0.0625
v -0.3965711366419562 5.01142851479455 0.0625
v -0.4444065656875926 4.895943573230639 -0.0625
v -0.4444065656875926 4.895943573230639 0.0625
vt 1 1
vt 0.9375 1
vt 0.9375 0.9375
vt 1 0.9375
vt 0.31640625 0.7041015625
vt 0.19140625 0.7041015625
vt 0.19140625 0.6416015625
vt 0.31640625 0.6416015625
vt 0.0625 1
vt 0 1
vt 0 0.9375
vt 0.0625 0.9375
vt 0.125 1
vt 0 1
vt 0 0.9375
vt 0.125 0.9375
vt 0.0625 1
vt 0 1
vt 0 0.875
vt 0.0625 0.875
vt 0.0625 1
vt 0 1
vt 0 0.875
vt 0.0625 0.875
vn 0 0 -1
vn 0.9238795325112867 -0.3826834323650897 0
vn 0 0 1
vn -0.9238795325112867 0.3826834323650897 0
vn 0.3826834323650897 0.9238795325112867 0
vn -0.3826834323650897 -0.9238795325112867 0
usemtl m_9e15a070-b9c2-da85-8d3a-f2bca1e25526
f 412/1228/307 415/1227/307 413/1226/307 410/1225/307
f 411/1232/308 412/1231/308 410/1230/308 409/1229/308
f 416/1236/309 411/1235/309 409/1234/309 414/1233/309
f 415/1240/310 416/1239/310 414/1238/310 413/1237/310
f 414/1244/311 409/1243/311 410/1242/311 413/1241/311
f 415/1248/312 412/1247/312 411/1246/312 416/1245/312
o cube
v -2.1049275455778007 5.786702421261048 0.0625
v -2.1049275455778007 5.786702421261048 0
v -2.128845260100619 5.7289599504790925 0.0625
v -2.128845260100619 5.7289599504790925 0
v -2.1626700163597565 5.810620135783866 0
v -2.1626700163597565 5.810620135783866 0.0625
v -2.1865877308825743 5.752877665001911 0
v -2.1865877308825743 5.752877665001911 0.0625
vt 1 1
vt 0.9375 1
vt 0.9375 0.9375
vt 1 0.9375
vt 0.31640625 0.7041015625
vt 0.19140625 0.7041015625
vt 0.19140625 0.6416015625
vt 0.31640625 0.6416015625
vt 0.0625 1
vt 0 1
vt 0 0.9375
vt 0.0625 0.9375
vt 0.125 1
vt 0 1
vt 0 0.9375
vt 0.125 0.9375
vt 0.0625 1
vt 0 1
vt 0 0.875
vt 0.0625 0.875
vt 0.0625 1
vt 0 1
vt 0 0.875
vt 0.0625 0.875
vn 0 0 -1
vn 0.9238795325112867 -0.3826834323650897 0
vn 0 0 1
vn -0.9238795325112867 0.3826834323650897 0
vn 0.3826834323650897 0.9238795325112867 0
vn -0.3826834323650897 -0.9238795325112867 0
usemtl m_9e15a070-b9c2-da85-8d3a-f2bca1e25526
f 420/1252/313 423/1251/313 421/1250/313 418/1249/313
f 419/1256/314 420/1255/314 418/1254/314 417/1253/314
f 424/1260/315 419/1259/315 417/1258/315 422/1257/315
f 423/1264/316 424/1263/316 422/1262/316 421/1261/316
f 422/1268/317 417/1267/317 418/1266/317 421/1265/317
f 423/1272/318 420/1271/318 419/1270/318 424/1269/318
o cube
v -2.1049275455778007 5.786702421261048 0
v -2.1049275455778007 5.786702421261048 -0.0625
v -2.128845260100619 5.7289599504790925 0
v -2.128845260100619 5.7289599504790925 -0.0625
v -2.1626700163597565 5.810620135783866 -0.0625
v -2.1626700163597565 5.810620135783866 0
v -2.1865877308825743 5.752877665001911 -0.0625
v -2.1865877308825743 5.752877665001911 0
vt 1 1
vt 0.9375 1
vt 0.9375 0.9375
vt 1 0.9375
vt 0.31640625 0.7041015625
vt 0.19140625 0.7041015625
vt 0.19140625 0.6416015625
vt 0.31640625 0.6416015625
vt 0.0625 1
vt 0 1
vt 0 0.9375
vt 0.0625 0.9375
vt 0.125 1
vt 0 1
vt 0 0.9375
vt 0.125 0.9375
vt 0.0625 1
vt 0 1
vt 0 0.875
vt 0.0625 0.875
vt 0.0625 1
vt 0 1
vt 0 0.875
vt 0.0625 0.875
vn 0 0 -1
vn 0.9238795325112867 -0.3826834323650897 0
vn 0 0 1
vn -0.9238795325112867 0.3826834323650897 0
vn 0.3826834323650897 0.9238795325112867 0
vn -0.3826834323650897 -0.9238795325112867 0
usemtl m_9e15a070-b9c2-da85-8d3a-f2bca1e25526
f 428/1276/319 431/1275/319 429/1274/319 426/1273/319
f 427/1280/320 428/1279/320 426/1278/320 425/1277/320
f 432/1284/321 427/1283/321 425/1282/321 430/1281/321
f 431/1288/322 432/1287/322 430/1286/322 429/1285/322
f 430/1292/323 425/1291/323 426/1290/323 429/1289/323
f 431/1296/324 428/1295/324 427/1294/324 432/1293/324
o rfr
v -2.1626700163597565 5.810620135783866 0
v -2.133810728032568 5.755181958710227 0
v -1.0250471865597914 6.332367725254019 0
v -1.0539064748869804 6.387805902327658 0
v -2.1626700163597565 5.810620135783866 0
v -1.0539064748869804 6.387805902327658 0
v -2.133810728032568 5.755181958710227 0
v -1.0250471865597914 6.332367725254019 0
vt 0.19140625 0.828125
vt 0.19140625 0.75
vt 0.1875 0.75
vt 0.1875 0.828125
vt 0 0.921875
vt 0 0.921875
vt 0 1
vt 0 1
vt 0.1953125 0.828125
vt 0.1953125 0.75
vt 0.19140625 0.75
vt 0.19140625 0.828125
vt 0 0.921875
vt 0 0.921875
vt 0 1
vt 0 1
vt 0 1
vt 0.00390625 1
vt 0 1
vt 0.00390625 1
vt 0 1
vt 0.00390625 1
vt 0 1
vt 0.00390625 1
vn 0 0 -1
vn 0 0 0
vn 0 0 1
vn 0 0 0
vn 0 0 0
vn 0 0 0
usemtl m_9e15a070-b9c2-da85-8d3a-f2bca1e25526
f 435/1297/325 434/1298/325 433/1299/325 436/1300/325
f 433/1301/326 437/1302/326 436/1303/326 438/1304/326
f 438/1305/327 437/1306/327 439/1307/327 440/1308/327
f 439/1309/328 434/1310/328 440/1311/328 435/1312/328
f 438/1313/329 440/1314/329 436/1315/329 435/1316/329
f 433/1317/330 434/1318/330 437/1319/330 439/1320/330
o cube
v 0.06250001776817715 6.375000196967324 0.0625
v 0.06250001776817715 6.375000196967324 -0.0625
v 0.06250001776817715 6.250000196967324 0.0625
v 0.06250001776817715 6.250000196967324 -0.0625
v -0.5624999822318228 6.375000196967324 -0.0625
v -0.5624999822318228 6.375000196967324 0.0625
v -0.5624999822318228 6.250000196967324 -0.0625
v -0.5624999822318228 6.250000196967324 0.0625
vt 1 1
vt 0.9375 1
vt 0.9375 0.9375
vt 1 0.9375
vt 0.31640625 0.7041015625
vt 0.19140625 0.7041015625
vt 0.19140625 0.6416015625
vt 0.31640625 0.6416015625
vt 0.0625 1
vt 0 1
vt 0 0.9375
vt 0.0625 0.9375
vt 0.125 1
vt 0 1
vt 0 0.9375
vt 0.125 0.9375
vt 0.0625 1
vt 0 1
vt 0 0.875
vt 0.0625 0.875
vt 0.0625 1
vt 0 1
vt 0 0.875
vt 0.0625 0.875
vn 0 0 -1
vn 1 0 0
vn 0 0 1
vn -1 0 0
vn 0 1 0
vn 0 -1 0
usemtl m_9e15a070-b9c2-da85-8d3a-f2bca1e25526
f 444/1324/331 447/1323/331 445/1322/331 442/1321/331
f 443/1328/332 444/1327/332 442/1326/332 441/1325/332
f 448/1332/333 443/1331/333 441/1330/333 446/1329/333
f 447/1336/334 448/1335/334 446/1334/334 445/1333/334
f 446/1340/335 441/1339/335 442/1338/335 445/1337/335
f 447/1344/336 444/1343/336 443/1342/336 448/1341/336
o cube
v -1.1874999822318228 6.250000196967324 0.0625
v -1.1874999822318228 6.250000196967324 -0.0625
v -1.1874999822318228 6.187500196967324 0.0625
v -1.1874999822318228 6.187500196967324 -0.0625
v -1.2499999822318228 6.250000196967324 -0.0625
v -1.2499999822318228 6.250000196967324 0.0625
v -1.2499999822318228 6.187500196967324 -0.0625
v -1.2499999822318228 6.187500196967324 0.0625
vt 1 1
vt 0.9375 1
vt 0.9375 0.9375
vt 1 0.9375
vt 0.31640625 0.7041015625
vt 0.19140625 0.7041015625
vt 0.19140625 0.6416015625
vt 0.31640625 0.6416015625
vt 0.0625 1
vt 0 1
vt 0 0.9375
vt 0.0625 0.9375
vt 0.125 1
vt 0 1
vt 0 0.9375
vt 0.125 0.9375
vt 0.0625 1
vt 0 1
vt 0 0.875
vt 0.0625 0.875
vt 0.0625 1
vt 0 1
vt 0 0.875
vt 0.0625 0.875
vn 0 0 -1
vn 1 0 0
vn 0 0 1
vn -1 0 0
vn 0 1 0
vn 0 -1 0
usemtl m_9e15a070-b9c2-da85-8d3a-f2bca1e25526
f 452/1348/337 455/1347/337 453/1346/337 450/1345/337
f 451/1352/338 452/1351/338 450/1350/338 449/1349/338
f 456/1356/339 451/1355/339 449/1354/339 454/1353/339
f 455/1360/340 456/1359/340 454/1358/340 453/1357/340
f 454/1364/341 449/1363/341 450/1362/341 453/1361/341
f 455/1368/342 452/1367/342 451/1366/342 456/1365/342
o cube
v -4.5 6.25 -0.0625
v -0.25 6.25 -0.0625
v -0.25 6.375 -0.0625
v -4.5 6.375 -0.0625
v -4.5 6.25 0.0625
v -4.5 6.375 0.0625
v -0.25 6.25 0.0625
v -0.25 6.375 0.0625
vt 0.390625 1
vt 0.390625 0.9921875
vt 0.125 0.9921875
vt 0.125 1
vt 0.24609375 0.78125
vt 0.24609375 0.7734375
vt 0.23828125 0.7734375
vt 0.23828125 0.78125
vt 0.390625 0.9921875
vt 0.390625 0.984375
vt 0.125 0.984375
vt 0.125 0.9921875
vt 0.24609375 0.7734375
vt 0.24609375 0.765625
vt 0.23828125 0.765625
vt 0.23828125 0.7734375
vt 0.125 0.9765625
vt 0.125 0.984375
vt 0.390625 0.984375
vt 0.390625 0.9765625
vt 0.125 0.9765625
vt 0.125 0.96875
vt 0.390625 0.96875
vt 0.390625 0.9765625
vn 0 0 -1
vn -1 0 0
vn 0 0 1
vn 1 0 0
vn 0 1 0
vn 0 -1 0
usemtl m_9e15a070-b9c2-da85-8d3a-f2bca1e25526
f 459/1369/343 458/1370/343 457/1371/343 460/1372/343
f 460/1373/344 457/1374/344 461/1375/344 462/1376/344
f 462/1377/345 461/1378/345 463/1379/345 464/1380/345
f 464/1381/346 463/1382/346 458/1383/346 459/1384/346
f 460/1385/347 462/1386/347 464/1387/347 459/1388/347
f 461/1389/348 457/1390/348 458/1391/348 463/1392/348
o cube
v -4.037179375 6.1814125 0.00006249999999999312
v -3.974679375 6.1814125 0.00006249999999999312
v -3.974679375 6.3064125 0.00006249999999999312
v -4.037179375 6.3064125 0.00006249999999999312
v -4.037179375 6.1814125 0.0625625
v -4.037179375 6.3064125 0.0625625
v -3.974679375 6.1814125 0.0625625
v -3.974679375 6.3064125 0.0625625
vt 0.1796875 0.73828125
vt 0.1796875 0.73046875
vt 0.17578125 0.73046875
vt 0.17578125 0.73828125
vt 0.265625 0.8203125
vt 0.265625 0.8125
vt 0.26171875 0.8125
vt 0.26171875 0.8203125
vt 0.265625 0.8125
vt 0.265625 0.8046875
vt 0.26171875 0.8046875
vt 0.26171875 0.8125
vt 0.265625 0.796875
vt 0.265625 0.7890625
vt 0.26171875 0.7890625
vt 0.26171875 0.796875
vt 0.19140625 0.73046875
vt 0.19140625 0.734375
vt 0.1953125 0.734375
vt 0.1953125 0.73046875
vt 0.265625 0.80859375
vt 0.265625 0.8046875
vt 0.26953125 0.8046875
vt 0.26953125 0.80859375
vn 0 0 -1
vn -1 0 0
vn 0 0 1
vn 1 0 0
vn 0 1 0
vn 0 -1 0
usemtl m_9e15a070-b9c2-da85-8d3a-f2bca1e25526
f 467/1393/349 466/1394/349 465/1395/349 468/1396/349
f 468/1397/350 465/1398/350 469/1399/350 470/1400/350
f 470/1401/351 469/1402/351 471/1403/351 472/1404/351
f 472/1405/352 471/1406/352 466/1407/352 467/1408/352
f 468/1409/353 470/1410/353 472/1411/353 467/1412/353
f 469/1413/354 465/1414/354 466/1415/354 471/1416/354
o cube
v -5.375 5.3125 -0.0625
v -5.25 5.3125 -0.0625
v -5.25 5.375 -0.0625
v -5.375 5.375 -0.0625
v -5.375 5.3125 0.0625
v -5.375 5.375 0.0625
v -5.25 5.3125 0.0625
v -5.25 5.375 0.0625
vt 0.2734375 0.8359375
vt 0.2734375 0.83203125
vt 0.265625 0.83203125
vt 0.265625 0.8359375
vt 0.2734375 0.83203125
vt 0.2734375 0.828125
vt 0.265625 0.828125
vt 0.265625 0.83203125
vt 0.2734375 0.828125
vt 0.2734375 0.82421875
vt 0.265625 0.82421875
vt 0.265625 0.828125
vt 0.2734375 0.82421875
vt 0.2734375 0.8203125
vt 0.265625 0.8203125
vt 0.265625 0.82421875
vt 0.2578125 0.8515625
vt 0.2578125 0.859375
vt 0.265625 0.859375
vt 0.265625 0.8515625
vt 0.1484375 0.7421875
vt 0.1484375 0.734375
vt 0.15625 0.734375
vt 0.15625 0.7421875
vn 0 0 -1
vn -1 0 0
vn 0 0 1
vn 1 0 0
vn 0 1 0
vn 0 -1 0
usemtl m_9e15a070-b9c2-da85-8d3a-f2bca1e25526
f 475/1417/355 474/1418/355 473/1419/355 476/1420/355
f 476/1421/356 473/1422/356 477/1423/356 478/1424/356
f 478/1425/357 477/1426/357 479/1427/357 480/1428/357
f 480/1429/358 479/1430/358 474/1431/358 475/1432/358
f 476/1433/359 478/1434/359 480/1435/359 475/1436/359
f 477/1437/360 473/1438/360 474/1439/360 479/1440/360
o cube
v -5.3125 5.3125 -0.0625
v -5.1875 5.3125 -0.0625
v -5.1875 5.375 -0.0625
v -5.3125 5.375 -0.0625
v -5.3125 5.3125 0.0625
v -5.3125 5.375 0.0625
v -5.1875 5.3125 0.0625
v -5.1875 5.375 0.0625
vt 0.26953125 0.78125
vt 0.26953125 0.77734375
vt 0.26171875 0.77734375
vt 0.26171875 0.78125
vt 0.2734375 0.8828125
vt 0.2734375 0.87890625
vt 0.265625 0.87890625
vt 0.265625 0.8828125
vt 0.2734375 0.859375
vt 0.2734375 0.85546875
vt 0.265625 0.85546875
vt 0.265625 0.859375
vt 0.2734375 0.85546875
vt 0.2734375 0.8515625
vt 0.265625 0.8515625
vt 0.265625 0.85546875
vt 0.2578125 0.8671875
vt 0.2578125 0.875
vt 0.265625 0.875
vt 0.265625 0.8671875
vt 0.2578125 0.8671875
vt 0.2578125 0.859375
vt 0.265625 0.859375
vt 0.265625 0.8671875
vn 0 0 -1
vn -1 0 0
vn 0 0 1
vn 1 0 0
vn 0 1 0
vn 0 -1 0
usemtl m_9e15a070-b9c2-da85-8d3a-f2bca1e25526
f 483/1441/361 482/1442/361 481/1443/361 484/1444/361
f 484/1445/362 481/1446/362 485/1447/362 486/1448/362
f 486/1449/363 485/1450/363 487/1451/363 488/1452/363
f 488/1453/364 487/1454/364 482/1455/364 483/1456/364
f 484/1457/365 486/1458/365 488/1459/365 483/1460/365
f 485/1461/366 481/1462/366 482/1463/366 487/1464/366
o cube
v -4.5 6.25 -0.0625
v -0.25 6.25 -0.0625
v -0.25 6.375 -0.0625
v -4.5 6.375 -0.0625
v -4.5 6.25 0.0625
v -4.5 6.375 0.0625
v -0.25 6.25 0.0625
v -0.25 6.375 0.0625
vt 0.390625 1
vt 0.390625 0.9921875
vt 0.125 0.9921875
vt 0.125 1
vt 0.24609375 0.78125
vt 0.24609375 0.7734375
vt 0.23828125 0.7734375
vt 0.23828125 0.78125
vt 0.390625 0.9921875
vt 0.390625 0.984375
vt 0.125 0.984375
vt 0.125 0.9921875
vt 0.24609375 0.7734375
vt 0.24609375 0.765625
vt 0.23828125 0.765625
vt 0.23828125 0.7734375
vt 0.125 0.9765625
vt 0.125 0.984375
vt 0.390625 0.984375
vt 0.390625 0.9765625
vt 0.125 0.9765625
vt 0.125 0.96875
vt 0.390625 0.96875
vt 0.390625 0.9765625
vn 0 0 -1
vn -1 0 0
vn 0 0 1
vn 1 0 0
vn 0 1 0
vn 0 -1 0
usemtl m_9e15a070-b9c2-da85-8d3a-f2bca1e25526
f 491/1465/367 490/1466/367 489/1467/367 492/1468/367
f 492/1469/368 489/1470/368 493/1471/368 494/1472/368
f 494/1473/369 493/1474/369 495/1475/369 496/1476/369
f 496/1477/370 495/1478/370 490/1479/370 491/1480/370
f 492/1481/371 494/1482/371 496/1483/371 491/1484/371
f 493/1485/372 489/1486/372 490/1487/372 495/1488/372
o cube
v -5.3125 5.1875 -0.0625
v -5.25 5.1875 -0.0625
v -5.25 5.375 -0.0625
v -5.3125 5.375 -0.0625
v -5.3125 5.1875 0.0625
v -5.3125 5.375 0.0625
v -5.25 5.1875 0.0625
v -5.25 5.375 0.0625
vt 0.26171875 0.8125
vt 0.26171875 0.80078125
vt 0.2578125 0.80078125
vt 0.2578125 0.8125
vt 0.1796875 0.796875
vt 0.1796875 0.78515625
vt 0.171875 0.78515625
vt 0.171875 0.796875
vt 0.26171875 0.7890625
vt 0.26171875 0.77734375
vt 0.2578125 0.77734375
vt 0.2578125 0.7890625
vt 0.1875 0.76953125
vt 0.1875 0.7578125
vt 0.1796875 0.7578125
vt 0.1796875 0.76953125
vt 0.20703125 0.73046875
vt 0.20703125 0.73828125
vt 0.2109375 0.73828125
vt 0.2109375 0.73046875
vt 0.2109375 0.73828125
vt 0.2109375 0.73046875
vt 0.21484375 0.73046875
vt 0.21484375 0.73828125
vn 0 0 -1
vn -1 0 0
vn 0 0 1
vn 1 0 0
vn 0 1 0
vn 0 -1 0
usemtl m_9e15a070-b9c2-da85-8d3a-f2bca1e25526
f 499/1489/373 498/1490/373 497/1491/373 500/1492/373
f 500/1493/374 497/1494/374 501/1495/374 502/1496/374
f 502/1497/375 501/1498/375 503/1499/375 504/1500/375
f 504/1501/376 503/1502/376 498/1503/376 499/1504/376
f 500/1505/377 502/1506/377 504/1507/377 499/1508/377
f 501/1509/378 497/1510/378 498/1511/378 503/1512/378
o cube
v -0.6875 6.1875 -0.125
v -0.625 6.1875 -0.125
v -0.625 6.4375 -0.125
v -0.6875 6.4375 -0.125
v -0.6875 6.1875 0.125
v -0.6875 6.4375 0.125
v -0.625 6.1875 0.125
v -0.625 6.4375 0.125
vt 0.2421875 0.765625
vt 0.2421875 0.75
vt 0.23828125 0.75
vt 0.23828125 0.765625
vt 0.1875 0.859375
vt 0.1875 0.84375
vt 0.171875 0.84375
vt 0.171875 0.859375
vt 0.24609375 0.859375
vt 0.24609375 0.84375
vt 0.2421875 0.84375
vt 0.2421875 0.859375
vt 0.2109375 0.890625
vt 0.2109375 0.875
vt 0.1953125 0.875
vt 0.1953125 0.890625
vt 0.2421875 0.828125
vt 0.2421875 0.84375
vt 0.24609375 0.84375
vt 0.24609375 0.828125
vt 0.2421875 0.828125
vt 0.2421875 0.8125
vt 0.24609375 0.8125
vt 0.24609375 0.828125
vn 0 0 -1
vn -1 0 0
vn 0 0 1
vn 1 0 0
vn 0 1 0
vn 0 -1 0
usemtl m_9e15a070-b9c2-da85-8d3a-f2bca1e25526
f 507/1513/379 506/1514/379 505/1515/379 508/1516/379
f 508/1517/380 505/1518/380 509/1519/380 510/1520/380
f 510/1521/381 509/1522/381 511/1523/381 512/1524/381
f 512/1525/382 511/1526/382 506/1527/382 507/1528/382
f 508/1529/383 510/1530/383 512/1531/383 507/1532/383
f 509/1533/384 505/1534/384 506/1535/384 511/1536/384
o cube
v -0.8125 6.1875 -0.125
v -0.75 6.1875 -0.125
v -0.75 6.4375 -0.125
v -0.8125 6.4375 -0.125
v -0.8125 6.1875 0.125
v -0.8125 6.4375 0.125
v -0.75 6.1875 0.125
v -0.75 6.4375 0.125
vt 0.18359375 0.7578125
vt 0.18359375 0.7421875
vt 0.1796875 0.7421875
vt 0.1796875 0.7578125
vt 0.2109375 0.875
vt 0.2109375 0.859375
vt 0.1953125 0.859375
vt 0.1953125 0.875
vt 0.1875 0.7578125
vt 0.1875 0.7421875
vt 0.18359375 0.7421875
vt 0.18359375 0.7578125
vt 0.2109375 0.859375
vt 0.2109375 0.84375
vt 0.1953125 0.84375
vt 0.1953125 0.859375
vt 0.234375 0.7421875
vt 0.234375 0.7578125
vt 0.23828125 0.7578125
vt 0.23828125 0.7421875
vt 0.2421875 0.765625
vt 0.2421875 0.75
vt 0.24609375 0.75
vt 0.24609375 0.765625
vn 0 0 -1
vn -1 0 0
vn 0 0 1
vn 1 0 0
vn 0 1 0
vn 0 -1 0
usemtl m_9e15a070-b9c2-da85-8d3a-f2bca1e25526
f 515/1537/385 514/1538/385 513/1539/385 516/1540/385
f 516/1541/386 513/1542/386 517/1543/386 518/1544/386
f 518/1545/387 517/1546/387 519/1547/387 520/1548/387
f 520/1549/388 519/1550/388 514/1551/388 515/1552/388
f 516/1553/389 518/1554/389 520/1555/389 515/1556/389
f 517/1557/390 513/1558/390 514/1559/390 519/1560/390
o cube
v -0.9375 6.1875 -0.125
v -0.875 6.1875 -0.125
v -0.875 6.4375 -0.125
v -0.9375 6.4375 -0.125
v -0.9375 6.1875 0.125
v -0.9375 6.4375 0.125
v -0.875 6.1875 0.125
v -0.875 6.4375 0.125
vt 0.25 0.890625
vt 0.25 0.875
vt 0.24609375 0.875
vt 0.24609375 0.890625
vt 0.2109375 0.828125
vt 0.2109375 0.8125
vt 0.1953125 0.8125
vt 0.1953125 0.828125
vt 0.25 0.875
vt 0.25 0.859375
vt 0.24609375 0.859375
vt 0.24609375 0.875
vt 0.2109375 0.8125
vt 0.2109375 0.796875
vt 0.1953125 0.796875
vt 0.1953125 0.8125
vt 0.140625 0.73828125
vt 0.140625 0.75390625
vt 0.14453125 0.75390625
vt 0.14453125 0.73828125
vt 0.24609375 0.859375
vt 0.24609375 0.84375
vt 0.25 0.84375
vt 0.25 0.859375
vn 0 0 -1
vn -1 0 0
vn 0 0 1
vn 1 0 0
vn 0 1 0
vn 0 -1 0
usemtl m_9e15a070-b9c2-da85-8d3a-f2bca1e25526
f 523/1561/391 522/1562/391 521/1563/391 524/1564/391
f 524/1565/392 521/1566/392 525/1567/392 526/1568/392
f 526/1569/393 525/1570/393 527/1571/393 528/1572/393
f 528/1573/394 527/1574/394 522/1575/394 523/1576/394
f 524/1577/395 526/1578/395 528/1579/395 523/1580/395
f 525/1581/396 521/1582/396 522/1583/396 527/1584/396
o cube
v -1.0625 6.1875 -0.125
v -1 6.1875 -0.125
v -1 6.4375 -0.125
v -1.0625 6.4375 -0.125
v -1.0625 6.1875 0.125
v -1.0625 6.4375 0.125
v -1 6.1875 0.125
v -1 6.4375 0.125
vt 0.1484375 0.75390625
vt 0.1484375 0.73828125
vt 0.14453125 0.73828125
vt 0.14453125 0.75390625
vt 0.15625 0.796875
vt 0.15625 0.78125
vt 0.140625 0.78125
vt 0.140625 0.796875
vt 0.16015625 0.75390625
vt 0.16015625 0.73828125
vt 0.15625 0.73828125
vt 0.15625 0.75390625
vt 0.171875 0.796875
vt 0.171875 0.78125
vt 0.15625 0.78125
vt 0.15625 0.796875
vt 0.24609375 0.828125
vt 0.24609375 0.84375
vt 0.25 0.84375
vt 0.25 0.828125
vt 0.16015625 0.75390625
vt 0.16015625 0.73828125
vt 0.1640625 0.73828125
vt 0.1640625 0.75390625
vn 0 0 -1
vn -1 0 0
vn 0 0 1
vn 1 0 0
vn 0 1 0
vn 0 -1 0
usemtl m_9e15a070-b9c2-da85-8d3a-f2bca1e25526
f 531/1585/397 530/1586/397 529/1587/397 532/1588/397
f 532/1589/398 529/1590/398 533/1591/398 534/1592/398
f 534/1593/399 533/1594/399 535/1595/399 536/1596/399
f 536/1597/400 535/1598/400 530/1599/400 531/1600/400
f 532/1601/401 534/1602/401 536/1603/401 531/1604/401
f 533/1605/402 529/1606/402 530/1607/402 535/1608/402
o cube
v -3.6875 6.1875 -0.0625
v -3.5 6.1875 -0.0625
v -3.5 6.25 -0.0625
v -3.6875 6.25 -0.0625
v -3.6875 6.1875 0.0625
v -3.6875 6.25 0.0625
v -3.5 6.1875 0.0625
v -3.5 6.25 0.0625
vt 0.26953125 0.8515625
vt 0.26953125 0.84765625
vt 0.2578125 0.84765625
vt 0.2578125 0.8515625
vt 0.1953125 0.84765625
vt 0.1953125 0.84375
vt 0.1875 0.84375
vt 0.1875 0.84765625
vt 0.26953125 0.84765625
vt 0.26953125 0.84375
vt 0.2578125 0.84375
vt 0.2578125 0.84765625
vt 0.2421875 0.81640625
vt 0.2421875 0.8125
vt 0.234375 0.8125
vt 0.234375 0.81640625
vt 0.234375 0.8828125
vt 0.234375 0.890625
vt 0.24609375 0.890625
vt 0.24609375 0.8828125
vt 0.234375 0.8828125
vt 0.234375 0.875
vt 0.24609375 0.875
vt 0.24609375 0.8828125
vn 0 0 -1
vn -1 0 0
vn 0 0 1
vn 1 0 0
vn 0 1 0
vn 0 -1 0
usemtl m_9e15a070-b9c2-da85-8d3a-f2bca1e25526
f 539/1609/403 538/1610/403 537/1611/403 540/1612/403
f 540/1613/404 537/1614/404 541/1615/404 542/1616/404
f 542/1617/405 541/1618/405 543/1619/405 544/1620/405
f 544/1621/406 543/1622/406 538/1623/406 539/1624/406
f 540/1625/407 542/1626/407 544/1627/407 539/1628/407
f 541/1629/408 537/1630/408 538/1631/408 543/1632/408
o cube
v -3.5624999879131845 6.187500157462818 -0.0625
v -0.4444065656875922 4.895943573230639 -0.0625
v -0.396571136641956 5.0114285147945505 -0.0625
v -3.514664558867549 6.302985099026728 -0.0625
v -3.5624999879131845 6.187500157462818 0.0625
v -3.514664558867549 6.302985099026728 0.0625
v -0.4444065656875922 4.895943573230639 0.0625
v -0.396571136641956 5.0114285147945505 0.0625
vt 0.3515625 0.9375
vt 0.3515625 0.9296875
vt 0.140625 0.9296875
vt 0.140625 0.9375
vt 0.25390625 0.828125
vt 0.25390625 0.8203125
vt 0.24609375 0.8203125
vt 0.24609375 0.828125
vt 0.3515625 0.9296875
vt 0.3515625 0.921875
vt 0.140625 0.921875
vt 0.140625 0.9296875
vt 0.25390625 0.8203125
vt 0.25390625 0.8125
vt 0.24609375 0.8125
vt 0.24609375 0.8203125
vt 0.140625 0.9140625
vt 0.140625 0.921875
vt 0.3515625 0.921875
vt 0.3515625 0.9140625
vt 0.140625 0.9140625
vt 0.140625 0.90625
vt 0.3515625 0.90625
vt 0.3515625 0.9140625
vn 0 0 -1
vn -0.9238795325112876 0.38268343236508784 0
vn 0 0 1
vn 0.9238795325112878 -0.3826834323650874 0
vn 0.38268343236508956 0.9238795325112868 0
vn -0.3826834323650901 -0.9238795325112867 0
usemtl m_9e15a070-b9c2-da85-8d3a-f2bca1e25526
f 547/1633/409 546/1634/409 545/1635/409 548/1636/409
f 548/1637/410 545/1638/410 549/1639/410 550/1640/410
f 550/1641/411 549/1642/411 551/1643/411 552/1644/411
f 552/1645/412 551/1646/412 546/1647/412 547/1648/412
f 548/1649/413 550/1650/413 552/1651/413 547/1652/413
f 549/1653/414 545/1654/414 546/1655/414 551/1656/414
o cube
v -0.8147791049021424 4.981707389585592 -0.125
v -0.7570366341201871 4.957789675062774 -0.125
v -0.6613657760289147 5.188759558190595 -0.125
v -0.71910824681087 5.212677272713414 -0.125
v -0.8147791049021424 4.981707389585592 0.125
v -0.71910824681087 5.212677272713414 0.125
v -0.7570366341201871 4.957789675062774 0.125
v -0.6613657760289147 5.188759558190595 0.125
vt 0.25 0.796875
vt 0.25 0.78125
vt 0.24609375 0.78125
vt 0.24609375 0.796875
vt 0.2109375 0.796875
vt 0.2109375 0.78125
vt 0.1953125 0.78125
vt 0.1953125 0.796875
vt 0.25 0.78125
vt 0.25 0.765625
vt 0.24609375 0.765625
vt 0.24609375 0.78125
vt 0.2265625 0.890625
vt 0.2265625 0.875
vt 0.2109375 0.875
vt 0.2109375 0.890625
vt 0.24609375 0.75
vt 0.24609375 0.765625
vt 0.25 0.765625
vt 0.25 0.75
vt 0.25 0.890625
vt 0.25 0.875
vt 0.25390625 0.875
vt 0.25390625 0.890625
vn 0 0 -1
vn -0.9238795325112867 0.3826834323650899 0
vn 0 0 1
vn 0.9238795325112867 -0.3826834323650899 0
vn 0.3826834323650975 0.9238795325112836 0
vn -0.3826834323650975 -0.9238795325112836 0
usemtl m_9e15a070-b9c2-da85-8d3a-f2bca1e25526
f 555/1657/415 554/1658/415 553/1659/415 556/1660/415
f 556/1661/416 553/1662/416 557/1663/416 558/1664/416
f 558/1665/417 557/1666/417 559/1667/417 560/1668/417
f 560/1669/418 559/1670/418 554/1671/418 555/1672/418
f 556/1673/419 558/1674/419 560/1675/419 555/1676/419
f 557/1677/420 553/1678/420 554/1679/420 559/1680/420
o cube
v -0.9302640464660532 5.029542818631228 -0.125
v -0.8725215756840978 5.005625104108411 -0.125
v -0.7768507175928254 5.2365949872362325 -0.125
v -0.8345931883747808 5.260512701759051 -0.125
v -0.9302640464660532 5.029542818631228 0.125
v -0.8345931883747808 5.260512701759051 0.125
v -0.8725215756840978 5.005625104108411 0.125
v -0.7768507175928254 5.2365949872362325 0.125
vt 0.25390625 0.875
vt 0.25390625 0.859375
vt 0.25 0.859375
vt 0.25 0.875
vt 0.2265625 0.875
vt 0.2265625 0.859375
vt 0.2109375 0.859375
vt 0.2109375 0.875
vt 0.25390625 0.859375
vt 0.25390625 0.84375
vt 0.25 0.84375
vt 0.25 0.859375
vt 0.2265625 0.859375
vt 0.2265625 0.84375
vt 0.2109375 0.84375
vt 0.2109375 0.859375
vt 0.25 0.828125
vt 0.25 0.84375
vt 0.25390625 0.84375
vt 0.25390625 0.828125
vt 0.1875 0.75
vt 0.1875 0.734375
vt 0.19140625 0.734375
vt 0.19140625 0.75
vn 0 0 -1
vn -0.9238795325112878 0.3826834323650874 0
vn 0 0 1
vn 0.9238795325112867 -0.3826834323650899 0
vn 0.3826834323650975 0.9238795325112836 0
vn -0.38268343236507324 -0.9238795325112936 0
usemtl m_9e15a070-b9c2-da85-8d3a-f2bca1e25526
f 563/1681/421 562/1682/421 561/1683/421 564/1684/421
f 564/1685/422 561/1686/422 565/1687/422 566/1688/422
f 566/1689/423 565/1690/423 567/1691/423 568/1692/423
f 568/1693/424 567/1694/424 562/1695/424 563/1696/424
f 564/1697/425 566/1698/425 568/1699/425 563/1700/425
f 565/1701/426 561/1702/426 562/1703/426 567/1704/426
o cube
v -1.1612339295938754 5.125213676722501 -0.125
v -1.1034914588119196 5.101295962199682 -0.125
v -1.0078206007206474 5.332265845327505 -0.125
v -1.0655630715026028 5.356183559850322 -0.125
v -1.1612339295938754 5.125213676722501 0.125
v -1.0655630715026028 5.356183559850322 0.125
v -1.1034914588119196 5.101295962199682 0.125
v -1.0078206007206474 5.332265845327505 0.125
vt 0.1953125 0.75
vt 0.1953125 0.734375
vt 0.19140625 0.734375
vt 0.19140625 0.75
vt 0.2265625 0.828125
vt 0.2265625 0.8125
vt 0.2109375 0.8125
vt 0.2109375 0.828125
vt 0.25390625 0.796875
vt 0.25390625 0.78125
vt 0.25 0.78125
vt 0.25 0.796875
vt 0.2265625 0.8125
vt 0.2265625 0.796875
vt 0.2109375 0.796875
vt 0.2109375 0.8125
vt 0.25 0.765625
vt 0.25 0.78125
vt 0.25390625 0.78125
vt 0.25390625 0.765625
vt 0.25 0.765625
vt 0.25 0.75
vt 0.25390625 0.75
vt 0.25390625 0.765625
vn 0 0 -1
vn -0.9238795325112864 0.3826834323650906 0
vn 0 0 1
vn 0.9238795325112881 -0.3826834323650866 0
vn 0.38268343236507324 0.9238795325112936 0
vn -0.382683432365095 -0.9238795325112847 0
usemtl m_9e15a070-b9c2-da85-8d3a-f2bca1e25526
f 571/1705/427 570/1706/427 569/1707/427 572/1708/427
f 572/1709/428 569/1710/428 573/1711/428 574/1712/428
f 574/1713/429 573/1714/429 575/1715/429 576/1716/429
f 576/1717/430 575/1718/430 570/1719/430 571/1720/430
f 572/1721/431 574/1722/431 576/1723/431 571/1724/431
f 573/1725/432 569/1726/432 570/1727/432 575/1728/432
o cube
v -1.045748988029964 5.077378247676865 -0.125
v -0.9880065172480086 5.0534605331540465 -0.125
v -0.8923356591567362 5.284430416281868 -0.125
v -0.9500781299386916 5.308348130804687 -0.125
v -1.045748988029964 5.077378247676865 0.125
v -0.9500781299386916 5.308348130804687 0.125
v -0.9880065172480086 5.0534605331540465 0.125
v -0.8923356591567362 5.284430416281868 0.125
vt 0.2421875 0.75
vt 0.2421875 0.734375
vt 0.23828125 0.734375
vt 0.23828125 0.75
vt 0.2265625 0.796875
vt 0.2265625 0.78125
vt 0.2109375 0.78125
vt 0.2109375 0.796875
vt 0.24609375 0.75
vt 0.24609375 0.734375
vt 0.2421875 0.734375
vt 0.2421875 0.75
vt 0.1875 0.78515625
vt 0.1875 0.76953125
vt 0.171875 0.76953125
vt 0.171875 0.78515625
vt 0.24609375 0.734375
vt 0.24609375 0.75
vt 0.25 0.75
vt 0.25 0.734375
vt 0.25 0.75
vt 0.25 0.734375
vt 0.25390625 0.734375
vt 0.25390625 0.75
vn 0 0 -1
vn -0.9238795325112867 0.3826834323650899 0
vn 0 0 1
vn 0.9238795325112867 -0.3826834323650899 0
vn 0.3826834323650975 0.9238795325112836 0
vn -0.3826834323650975 -0.9238795325112836 0
usemtl m_9e15a070-b9c2-da85-8d3a-f2bca1e25526
f 579/1729/433 578/1730/433 577/1731/433 580/1732/433
f 580/1733/434 577/1734/434 581/1735/434 582/1736/434
f 582/1737/435 581/1738/435 583/1739/435 584/1740/435
f 584/1741/436 583/1742/436 578/1743/436 579/1744/436
f 580/1745/437 582/1746/437 584/1747/437 579/1748/437
f 581/1749/438 577/1750/438 578/1751/438 583/1752/438
o cube
v -1.1612339295938754 5.125213676722501 -0.125
v -1.1034914588119196 5.101295962199682 -0.125
v -1.0078206007206474 5.332265845327505 -0.125
v -1.0655630715026028 5.356183559850322 -0.125
v -1.1612339295938754 5.125213676722501 0.125
v -1.0655630715026028 5.356183559850322 0.125
v -1.1034914588119196 5.101295962199682 0.125
v -1.0078206007206474 5.332265845327505 0.125
vt 0.2578125 0.890625
vt 0.2578125 0.875
vt 0.25390625 0.875
vt 0.25390625 0.890625
vt 0.15625 0.78125
vt 0.15625 0.765625
vt 0.140625 0.765625
vt 0.140625 0.78125
vt 0.2578125 0.875
vt 0.2578125 0.859375
vt 0.25390625 0.859375
vt 0.25390625 0.875
vt 0.171875 0.78125
vt 0.171875 0.765625
vt 0.15625 0.765625
vt 0.15625 0.78125
vt 0.25390625 0.84375
vt 0.25390625 0.859375
vt 0.2578125 0.859375
vt 0.2578125 0.84375
vt 0.25390625 0.84375
vt 0.25390625 0.828125
vt 0.2578125 0.828125
vt 0.2578125 0.84375
vn 0 0 -1
vn -0.9238795325112864 0.3826834323650906 0
vn 0 0 1
vn 0.9238795325112881 -0.3826834323650866 0
vn 0.38268343236507324 0.9238795325112936 0
vn -0.382683432365095 -0.9238795325112847 0
usemtl m_9e15a070-b9c2-da85-8d3a-f2bca1e25526
f 587/1753/439 586/1754/439 585/1755/439 588/1756/439
f 588/1757/440 585/1758/440 589/1759/440 590/1760/440
f 590/1761/441 589/1762/441 591/1763/441 592/1764/441
f 592/1765/442 591/1766/442 586/1767/442 587/1768/442
f 588/1769/443 590/1770/443 592/1771/443 587/1772/443
f 589/1773/444 585/1774/444 586/1775/444 591/1776/444
o cube
v -5.8125 5.375 -0.0625
v -2.0625 5.375 -0.0625
v -2.0625 5.5 -0.0625
v -5.8125 5.5 -0.0625
v -5.8125 5.375 0.0625
v -5.8125 5.5 0.0625
v -2.0625 5.375 0.0625
v -2.0625 5.5 0.0625
vt 0.375 0.96875
vt 0.375 0.9609375
vt 0.140625 0.9609375
vt 0.140625 0.96875
vt 0.171875 0.74609375
vt 0.171875 0.73828125
vt 0.1640625 0.73828125
vt 0.1640625 0.74609375
vt 0.375 0.9609375
vt 0.375 0.953125
vt 0.140625 0.953125
vt 0.140625 0.9609375
vt 0.1796875 0.74609375
vt 0.1796875 0.73828125
vt 0.171875 0.73828125
vt 0.171875 0.74609375
vt 0.140625 0.9453125
vt 0.140625 0.953125
vt 0.375 0.953125
vt 0.375 0.9453125
vt 0.140625 0.9453125
vt 0.140625 0.9375
vt 0.375 0.9375
vt 0.375 0.9453125
vn 0 0 -1
vn -1 0 0
vn 0 0 1
vn 1 0 0
vn 0 1 0
vn 0 -1 0
usemtl m_9e15a070-b9c2-da85-8d3a-f2bca1e25526
f 595/1777/445 594/1778/445 593/1779/445 596/1780/445
f 596/1781/446 593/1782/446 597/1783/446 598/1784/446
f 598/1785/447 597/1786/447 599/1787/447 600/1788/447
f 600/1789/448 599/1790/448 594/1791/448 595/1792/448
f 596/1793/449 598/1794/449 600/1795/449 595/1796/449
f 597/1797/450 593/1798/450 594/1799/450 599/1800/450
o cube
v -5.0625 5.4375 -0.0625
v -5 5.4375 -0.0625
v -5 5.5625 -0.0625
v -5.0625 5.5625 -0.0625
v -5.0625 5.4375 0
v -5.0625 5.5625 0
v -5 5.4375 0
v -5 5.5625 0
vt 0.1484375 0.73828125
vt 0.1484375 0.73046875
vt 0.14453125 0.73046875
vt 0.14453125 0.73828125
vt 0.16015625 0.73828125
vt 0.16015625 0.73046875
vt 0.15625 0.73046875
vt 0.15625 0.73828125
vt 0.1640625 0.73828125
vt 0.1640625 0.73046875
vt 0.16015625 0.73046875
vt 0.16015625 0.73828125
vt 0.16796875 0.73828125
vt 0.16796875 0.73046875
vt 0.1640625 0.73046875
vt 0.1640625 0.73828125
vt 0.265625 0.81640625
vt 0.265625 0.8203125
vt 0.26953125 0.8203125
vt 0.26953125 0.81640625
vt 0.265625 0.81640625
vt 0.265625 0.8125
vt 0.26953125 0.8125
vt 0.26953125 0.81640625
vn 0 0 -1
vn -1 0 0
vn 0 0 1
vn 1 0 0
vn 0 1 0
vn 0 -1 0
usemtl m_9e15a070-b9c2-da85-8d3a-f2bca1e25526
f 603/1801/451 602/1802/451 601/1803/451 604/1804/451
f 604/1805/452 601/1806/452 605/1807/452 606/1808/452
f 606/1809/453 605/1810/453 607/1811/453 608/1812/453
f 608/1813/454 607/1814/454 602/1815/454 603/1816/454
f 604/1817/455 606/1818/455 608/1819/455 603/1820/455
f 605/1821/456 601/1822/456 602/1823/456 607/1824/456
o cube
v -5.062499914682904 5.562499702730342 0
v -5.0289186891612285 5.509787737367037 0
v -3.9746793818951214 6.181412247800567 0
v -4.008260607416798 6.234124213163872 0
v -5.062499914682904 5.562499702730342 0
v -4.008260607416798 6.234124213163872 0
v -5.0289186891612285 5.509787737367037 0
v -3.9746793818951214 6.181412247800567 0
vt 0.19140625 0.828125
vt 0.19140625 0.75
vt 0.1875 0.75
vt 0.1875 0.828125
vt 0 0.921875
vt 0 0.921875
vt 0 1
vt 0 1
vt 0.1953125 0.828125
vt 0.1953125 0.75
vt 0.19140625 0.75
vt 0.19140625 0.828125
vt 0 0.921875
vt 0 0.921875
vt 0 1
vt 0 1
vt 0 1
vt 0.00390625 1
vt 0 1
vt 0.00390625 1
vt 0 1
vt 0.00390625 1
vt 0 1
vt 0.00390625 1
vn 0 0 -1
vn 0 0 0
vn 0 0 1
vn 0 0 0
vn 0 0 0
vn 0 0 0
usemtl m_9e15a070-b9c2-da85-8d3a-f2bca1e25526
f 611/1825/457 610/1826/457 609/1827/457 612/1828/457
f 609/1829/458 613/1830/458 612/1831/458 614/1832/458
f 614/1833/459 613/1834/459 615/1835/459 616/1836/459
f 615/1837/460 610/1838/460 616/1839/460 611/1840/460
f 614/1841/461 616/1842/461 612/1843/461 611/1844/461
f 609/1845/462 610/1846/462 613/1847/462 615/1848/462
o cube
v -5.0625 5.4375 0
v -5 5.4375 0
v -5 5.5625 0
v -5.0625 5.5625 0
v -5.0625 5.4375 0.0625
v -5.0625 5.5625 0.0625
v -5 5.4375 0.0625
v -5 5.5625 0.0625
vt 0.265625 0.8359375
vt 0.265625 0.828125
vt 0.26171875 0.828125
vt 0.26171875 0.8359375
vt 0.171875 0.73828125
vt 0.171875 0.73046875
vt 0.16796875 0.73046875
vt 0.16796875 0.73828125
vt 0.17578125 0.73828125
vt 0.17578125 0.73046875
vt 0.171875 0.73046875
vt 0.171875 0.73828125
vt 0.265625 0.828125
vt 0.265625 0.8203125
vt 0.26171875 0.8203125
vt 0.26171875 0.828125
vt 0.1875 0.73046875
vt 0.1875 0.734375
vt 0.19140625 0.734375
vt 0.19140625 0.73046875
vt 0.265625 0.8125
vt 0.265625 0.80859375
vt 0.26953125 0.80859375
vt 0.26953125 0.8125
vn 0 0 -1
vn -1 0 0
vn 0 0 1
vn 1 0 0
vn 0 1 0
vn 0 -1 0
usemtl m_9e15a070-b9c2-da85-8d3a-f2bca1e25526
f 619/1849/463 618/1850/463 617/1851/463 620/1852/463
f 620/1853/464 617/1854/464 621/1855/464 622/1856/464
f 622/1857/465 621/1858/465 623/1859/465 624/1860/465
f 624/1861/466 623/1862/466 618/1863/466 619/1864/466
f 620/1865/467 622/1866/467 624/1867/467 619/1868/467
f 621/1869/468 617/1870/468 618/1871/468 623/1872/468
o cube
v -3.75 6.1875 -0.0625
v -3.5625 6.1875 -0.0625
v -3.5625 6.25 -0.0625
v -3.75 6.25 -0.0625
v -3.75 6.1875 0.0625
v -3.75 6.25 0.0625
v -3.5625 6.1875 0.0625
v -3.5625 6.25 0.0625
vt 0.26953125 0.84375
vt 0.26953125 0.83984375
vt 0.2578125 0.83984375
vt 0.2578125 0.84375
vt 0.265625 0.80078125
vt 0.265625 0.796875
vt 0.2578125 0.796875
vt 0.2578125 0.80078125
vt 0.26953125 0.83984375
vt 0.26953125 0.8359375
vt 0.2578125 0.8359375
vt 0.2578125 0.83984375
vt 0.265625 0.77734375
vt 0.265625 0.7734375
vt 0.2578125 0.7734375
vt 0.2578125 0.77734375
vt 0.234375 0.8671875
vt 0.234375 0.875
vt 0.24609375 0.875
vt 0.24609375 0.8671875
vt 0.234375 0.8671875
vt 0.234375 0.859375
vt 0.24609375 0.859375
vt 0.24609375 0.8671875
vn 0 0 -1
vn -1 0 0
vn 0 0 1
vn 1 0 0
vn 0 1 0
vn 0 -1 0
usemtl m_9e15a070-b9c2-da85-8d3a-f2bca1e25526
f 627/1873/469 626/1874/469 625/1875/469 628/1876/469
f 628/1877/470 625/1878/470 629/1879/470 630/1880/470
f 630/1881/471 629/1882/471 631/1883/471 632/1884/471
f 632/1885/472 631/1886/472 626/1887/472 627/1888/472
f 628/1889/473 630/1890/473 632/1891/473 627/1892/473
f 629/1893/474 625/1894/474 626/1895/474 631/1896/474
o cube
v -4.037179375 6.1814125 -0.0625
v -3.974679375 6.1814125 -0.0625
v -3.974679375 6.3064125 -0.0625
v -4.037179375 6.3064125 -0.0625
v -4.037179375 6.1814125 0
v -4.037179375 6.3064125 0
v -3.974679375 6.1814125 0
v -3.974679375 6.3064125 0
vt 0.26171875 0.8359375
vt 0.26171875 0.828125
vt 0.2578125 0.828125
vt 0.2578125 0.8359375
vt 0.26171875 0.82421875
vt 0.26171875 0.81640625
vt 0.2578125 0.81640625
vt 0.2578125 0.82421875
vt 0.18359375 0.7421875
vt 0.18359375 0.734375
vt 0.1796875 0.734375
vt 0.1796875 0.7421875
vt 0.1875 0.7421875
vt 0.1875 0.734375
vt 0.18359375 0.734375
vt 0.18359375 0.7421875
vt 0.265625 0.796875
vt 0.265625 0.80078125
vt 0.26953125 0.80078125
vt 0.26953125 0.796875
vt 0.265625 0.796875
vt 0.265625 0.79296875
vt 0.26953125 0.79296875
vt 0.26953125 0.796875
vn 0 0 -1
vn -1 0 0
vn 0 0 1
vn 1 0 0
vn 0 1 0
vn 0 -1 0
usemtl m_9e15a070-b9c2-da85-8d3a-f2bca1e25526
f 635/1897/475 634/1898/475 633/1899/475 636/1900/475
f 636/1901/476 633/1902/476 637/1903/476 638/1904/476
f 638/1905/477 637/1906/477 639/1907/477 640/1908/477
f 640/1909/478 639/1910/478 634/1911/478 635/1912/478
f 636/1913/479 638/1914/479 640/1915/479 635/1916/479
f 637/1917/480 633/1918/480 634/1919/480 639/1920/480
o cube
v -5.3125 5.1875 0
v -5.25 5.1875 0
v -5.25 5.25 0
v -5.3125 5.25 0
v -5.3125 5.1875 0.0625
v -5.3125 5.25 0.0625
v -5.25 5.1875 0.0625
v -5.25 5.25 0.0625
vt 0.26953125 0.79296875
vt 0.26953125 0.7890625
vt 0.265625 0.7890625
vt 0.265625 0.79296875
vt 0.26953125 0.7890625
vt 0.26953125 0.78515625
vt 0.265625 0.78515625
vt 0.265625 0.7890625
vt 0.26953125 0.78515625
vt 0.26953125 0.78125
vt 0.265625 0.78125
vt 0.265625 0.78515625
vt 0.26953125 0.77734375
vt 0.26953125 0.7734375
vt 0.265625 0.7734375
vt 0.265625 0.77734375
vt 0.265625 0.76953125
vt 0.265625 0.7734375
vt 0.26953125 0.7734375
vt 0.26953125 0.76953125
vt 0.265625 0.76953125
vt 0.265625 0.765625
vt 0.26953125 0.765625
vt 0.26953125 0.76953125
vn 0 0 -1
vn -1 0 0
vn 0 0 1
vn 1 0 0
vn 0 1 0
vn 0 -1 0
usemtl m_9e15a070-b9c2-da85-8d3a-f2bca1e25526
f 643/1921/481 642/1922/481 641/1923/481 644/1924/481
f 644/1925/482 641/1926/482 645/1927/482 646/1928/482
f 646/1929/483 645/1930/483 647/1931/483 648/1932/483
f 648/1933/484 647/1934/484 642/1935/484 643/1936/484
f 644/1937/485 646/1938/485 648/1939/485 643/1940/485
f 645/1941/486 641/1942/486 642/1943/486 647/1944/486
o cube
v -5.268793862638336 5.247107602500165 -0.0625
v -5.249999750169319 5.187500293078401 -0.0625
v -5.011570512482262 5.2626767429544685 -0.0625
v -5.030364624951279 5.322284052376233 -0.0625
v -5.268793862638336 5.247107602500165 0.0625
v -5.030364624951279 5.322284052376233 0.0625
v -5.249999750169319 5.187500293078401 0.0625
v -5.011570512482262 5.2626767429544685 0.0625
vt 0.2578125 0.828125
vt 0.2578125 0.8125
vt 0.25390625 0.8125
vt 0.25390625 0.828125
vt 0.234375 0.890625
vt 0.234375 0.875
vt 0.2265625 0.875
vt 0.2265625 0.890625
vt 0.19921875 0.74609375
vt 0.19921875 0.73046875
vt 0.1953125 0.73046875
vt 0.1953125 0.74609375
vt 0.234375 0.875
vt 0.234375 0.859375
vt 0.2265625 0.859375
vt 0.2265625 0.875
vt 0.26171875 0.78125
vt 0.26171875 0.7890625
vt 0.265625 0.7890625
vt 0.265625 0.78125
vt 0.21875 0.73828125
vt 0.21875 0.73046875
vt 0.22265625 0.73046875
vt 0.22265625 0.73828125
vn 0 0 -1
vn -0.3007057995042707 0.9537169507482278 0
vn 0 0 1
vn 0.3007057995042707 -0.9537169507482278 0
vn 0.9537169507482278 0.3007057995042707 0
vn -0.9537169507482278 -0.3007057995042707 0
usemtl m_9e15a070-b9c2-da85-8d3a-f2bca1e25526
f 651/1945/487 650/1946/487 649/1947/487 652/1948/487
f 652/1949/488 649/1950/488 653/1951/488 654/1952/488
f 654/1953/489 653/1954/489 655/1955/489 656/1956/489
f 656/1957/490 655/1958/490 650/1959/490 651/1960/490
f 652/1961/491 654/1962/491 656/1963/491 651/1964/491
f 653/1965/492 649/1966/492 650/1967/492 655/1968/492
o cube
v -5.030364616129214 5.322284027294596 -0.0625
v -5.02763840441888 5.2598435134457295 -0.0625
v -4.7778763490234155 5.2707483602870635 -0.0625
v -4.780602560733749 5.33318887413593 -0.0625
v -5.030364616129214 5.322284027294596 0.0625
v -4.780602560733749 5.33318887413593 0.0625
v -5.02763840441888 5.2598435134457295 0.0625
v -4.7778763490234155 5.2707483602870635 0.0625
vt 0.203125 0.74609375
vt 0.203125 0.73046875
vt 0.19921875 0.73046875
vt 0.19921875 0.74609375
vt 0.234375 0.859375
vt 0.234375 0.84375
vt 0.2265625 0.84375
vt 0.2265625 0.859375
vt 0.20703125 0.74609375
vt 0.20703125 0.73046875
vt 0.203125 0.73046875
vt 0.203125 0.74609375
vt 0.234375 0.828125
vt 0.234375 0.8125
vt 0.2265625 0.8125
vt 0.2265625 0.828125
vt 0.22265625 0.73046875
vt 0.22265625 0.73828125
vt 0.2265625 0.73828125
vt 0.2265625 0.73046875
vt 0.2265625 0.73828125
vt 0.2265625 0.73046875
vt 0.23046875 0.73046875
vt 0.23046875 0.73828125
vn 0 0 -1
vn -0.04361938736533584 0.9990482215818579 0
vn 0 0 1
vn 0.04361938736533584 -0.9990482215818579 0
vn 0.9990482215818577 0.043619387365339386 0
vn -0.9990482215818577 -0.043619387365339386 0
usemtl m_9e15a070-b9c2-da85-8d3a-f2bca1e25526
f 659/1969/493 658/1970/493 657/1971/493 660/1972/493
f 660/1973/494 657/1974/494 661/1975/494 662/1976/494
f 662/1977/495 661/1978/495 663/1979/495 664/1980/495
f 664/1981/496 663/1982/496 658/1983/496 659/1984/496
f 660/1985/497 662/1986/497 664/1987/497 659/1988/497
f 661/1989/498 657/1990/498 658/1991/498 663/1992/498
o cube
v -2.0625 5.375 -0.0625
v -2 5.375 -0.0625
v -2 5.625 -0.0625
v -2.0625 5.625 -0.0625
v -2.0625 5.375 0.0625
v -2.0625 5.625 0.0625
v -2 5.375 0.0625
v -2 5.625 0.0625
vt 0.2578125 0.75
vt 0.2578125 0.734375
vt 0.25390625 0.734375
vt 0.25390625 0.75
vt 0.234375 0.796875
vt 0.234375 0.78125
vt 0.2265625 0.78125
vt 0.2265625 0.796875
vt 0.26171875 0.890625
vt 0.26171875 0.875
vt 0.2578125 0.875
vt 0.2578125 0.890625
vt 0.234375 0.78125
vt 0.234375 0.765625
vt 0.2265625 0.765625
vt 0.2265625 0.78125
vt 0.265625 0.8671875
vt 0.265625 0.875
vt 0.26953125 0.875
vt 0.26953125 0.8671875
vt 0.265625 0.8671875
vt 0.265625 0.859375
vt 0.26953125 0.859375
vt 0.26953125 0.8671875
vn 0 0 -1
vn -1 0 0
vn 0 0 1
vn 1 0 0
vn 0 1 0
vn 0 -1 0
usemtl m_9e15a070-b9c2-da85-8d3a-f2bca1e25526
f 667/1993/499 666/1994/499 665/1995/499 668/1996/499
f 668/1997/500 665/1998/500 669/1999/500 670/2000/500
f 670/2001/501 669/2002/501 671/2003/501 672/2004/501
f 672/2005/502 671/2006/502 666/2007/502 667/2008/502
f 668/2009/503 670/2010/503 672/2011/503 667/2012/503
f 669/2013/504 665/2014/504 666/2015/504 671/2016/504
o cube
v -4.780602972626631 5.333188894439684 -0.0625
v -4.788760859640384 5.271223590603821 -0.0625
v -4.602864948132794 5.2467499295625615 -0.0625
v -4.594707061119041 5.308715233398424 -0.0625
v -4.780602972626631 5.333188894439684 0.0625
v -4.594707061119041 5.308715233398424 0.0625
v -4.788760859640384 5.271223590603821 0.0625
v -4.602864948132794 5.2467499295625615 0.0625
vt 0.23828125 0.7421875
vt 0.23828125 0.73046875
vt 0.234375 0.73046875
vt 0.234375 0.7421875
vt 0.1484375 0.765625
vt 0.1484375 0.75390625
vt 0.140625 0.75390625
vt 0.140625 0.765625
vt 0.26171875 0.75
vt 0.26171875 0.73828125
vt 0.2578125 0.73828125
vt 0.2578125 0.75
vt 0.2421875 0.859375
vt 0.2421875 0.84765625
vt 0.234375 0.84765625
vt 0.234375 0.859375
vt 0.26171875 0.765625
vt 0.26171875 0.7734375
vt 0.265625 0.7734375
vt 0.265625 0.765625
vt 0.23046875 0.73828125
vt 0.23046875 0.73046875
vt 0.234375 0.73046875
vt 0.234375 0.73828125
vn 0 0 -1
vn 0.13052619222005035 0.9914448613738107 0
vn 0 0 1
vn -0.13052619222005035 -0.9914448613738107 0
vn 0.9914448613738112 -0.1305261922200463 0
vn -0.9914448613738112 0.1305261922200463 0
usemtl m_9e15a070-b9c2-da85-8d3a-f2bca1e25526
f 675/2017/505 674/2018/505 673/2019/505 676/2020/505
f 676/2021/506 673/2022/506 677/2023/506 678/2024/506
f 678/2025/507 677/2026/507 679/2027/507 680/2028/507
f 680/2029/508 679/2030/508 674/2031/508 675/2032/508
f 676/2033/509 678/2034/509 680/2035/509 675/2036/509
f 677/2037/510 673/2038/510 674/2039/510 679/2040/510
o cube
v -4.594707012679216 5.308714724234232 -0.0625
v -4.616083271637071 5.249983935435112 -0.0625
v -3.9700445948467586 5.014845086898715 -0.0625
v -3.9486683358889043 5.073575875697835 -0.0625
v -4.594707012679216 5.308714724234232 0.0625
v -3.9486683358889043 5.073575875697835 0.0625
v -4.616083271637071 5.249983935435112 0.0625
v -3.9700445948467586 5.014845086898715 0.0625
vt 0.22265625 0.78125
vt 0.22265625 0.73828125
vt 0.21875 0.73828125
vt 0.21875 0.78125
vt 0.1875 0.828125
vt 0.1875 0.78515625
vt 0.1796875 0.78515625
vt 0.1796875 0.828125
vt 0.2265625 0.78125
vt 0.2265625 0.73828125
vt 0.22265625 0.73828125
vt 0.22265625 0.78125
vt 0.1953125 0.890625
vt 0.1953125 0.84765625
vt 0.1875 0.84765625
vt 0.1875 0.890625
vt 0.26171875 0.7578125
vt 0.26171875 0.765625
vt 0.265625 0.765625
vt 0.265625 0.7578125
vt 0.26171875 0.7578125
vt 0.26171875 0.75
vt 0.265625 0.75
vt 0.265625 0.7578125
vn 0 0 -1
vn 0.3420201433256681 0.9396926207859088 0
vn 0 0 1
vn -0.3420201433256681 -0.9396926207859088 0
vn 0.9396926207859095 -0.34202014332566566 0
vn -0.9396926207859095 0.34202014332566566 0
usemtl m_9e15a070-b9c2-da85-8d3a-f2bca1e25526
f 683/2041/511 682/2042/511 681/2043/511 684/2044/511
f 684/2045/512 681/2046/512 685/2047/512 686/2048/512
f 686/2049/513 685/2050/513 687/2051/513 688/2052/513
f 688/2053/514 687/2054/514 682/2055/514 683/2056/514
f 684/2057/515 686/2058/515 688/2059/515 683/2060/515
f 685/2061/516 681/2062/516 682/2063/516 687/2064/516
o cube
v -4.011168125 4.94857625 -0.0625
v -3.948668125 4.94857625 -0.0625
v -3.948668125 5.07357625 -0.0625
v -4.011168125 5.07357625 -0.0625
v -4.011168125 4.94857625 0.0625
v -4.011168125 5.07357625 0.0625
v -3.948668125 4.94857625 0.0625
v -3.948668125 5.07357625 0.0625
vt 0.265625 0.75
vt 0.265625 0.7421875
vt 0.26171875 0.7421875
vt 0.26171875 0.75
vt 0.26171875 0.796875
vt 0.26171875 0.7890625
vt 0.25390625 0.7890625
vt 0.25390625 0.796875
vt 0.26171875 0.73828125
vt 0.26171875 0.73046875
vt 0.2578125 0.73046875
vt 0.2578125 0.73828125
vt 0.21484375 0.74609375
vt 0.21484375 0.73828125
vt 0.20703125 0.73828125
vt 0.20703125 0.74609375
vt 0.26171875 0.734375
vt 0.26171875 0.7421875
vt 0.265625 0.7421875
vt 0.265625 0.734375
vt 0.265625 0.90625
vt 0.265625 0.8984375
vt 0.26953125 0.8984375
vt 0.26953125 0.90625
vn 0 0 -1
vn -1 0 0
vn 0 0 1
vn 1 0 0
vn 0 1 0
vn 0 -1 0
usemtl m_9e15a070-b9c2-da85-8d3a-f2bca1e25526
f 691/2065/517 690/2066/517 689/2067/517 692/2068/517
f 692/2069/518 689/2070/518 693/2071/518 694/2072/518
f 694/2073/519 693/2074/519 695/2075/519 696/2076/519
f 696/2077/520 695/2078/520 690/2079/520 691/2080/520
f 692/2081/521 694/2082/521 696/2083/521 691/2084/521
f 693/2085/522 689/2086/522 690/2087/522 695/2088/522
o cube
v -5.3125 5.1875 -0.0625
v -5.25 5.1875 -0.0625
v -5.25 5.375 -0.0625
v -5.3125 5.375 -0.0625
v -5.3125 5.1875 0.0625
v -5.3125 5.375 0.0625
v -5.25 5.1875 0.0625
v -5.25 5.375 0.0625
vt 0.265625 0.890625
vt 0.265625 0.87890625
vt 0.26171875 0.87890625
vt 0.26171875 0.890625
vt 0.2421875 0.84765625
vt 0.2421875 0.8359375
vt 0.234375 0.8359375
vt 0.234375 0.84765625
vt 0.14453125 0.73828125
vt 0.14453125 0.7265625
vt 0.140625 0.7265625
vt 0.140625 0.73828125
vt 0.1640625 0.765625
vt 0.1640625 0.75390625
vt 0.15625 0.75390625
vt 0.15625 0.765625
vt 0.1484375 0.7265625
vt 0.1484375 0.734375
vt 0.15234375 0.734375
vt 0.15234375 0.7265625
vt 0.15234375 0.734375
vt 0.15234375 0.7265625
vt 0.15625 0.7265625
vt 0.15625 0.734375
vn 0 0 -1
vn -1 0 0
vn 0 0 1
vn 1 0 0
vn 0 1 0
vn 0 -1 0
usemtl m_9e15a070-b9c2-da85-8d3a-f2bca1e25526
f 699/2089/523 698/2090/523 697/2091/523 700/2092/523
f 700/2093/524 697/2094/524 701/2095/524 702/2096/524
f 702/2097/525 701/2098/525 703/2099/525 704/2100/525
f 704/2101/526 703/2102/526 698/2103/526 699/2104/526
f 700/2105/527 702/2106/527 704/2107/527 699/2108/527
f 701/2109/528 697/2110/528 698/2111/528 703/2112/528