# Made in Blockbench 5.0.7
mtllib athen-metro-rail-tunnel-1.mtl

o cube
v -0.625 -0.1875 -0.625
v -0.8125 -0.1875 -0.625
v -0.8125 -0.125 -0.625
v -0.625 -0.125 -0.625
v -0.625 -0.1875 0.5
v -0.625 -0.125 0.5
v -0.8125 -0.1875 0.5
v -0.8125 -0.125 0.5
vt 0.03515625 0.796875
vt 0.041015625 0.796875
vt 0.041015625 0.798828125
vt 0.03515625 0.798828125
vt 0 0.796875
vt 0.03515625 0.796875
vt 0.03515625 0.798828125
vt 0 0.798828125
vt 0.076171875 0.796875
vt 0.08203125 0.796875
vt 0.08203125 0.798828125
vt 0.076171875 0.798828125
vt 0.041015625 0.796875
vt 0.076171875 0.796875
vt 0.076171875 0.798828125
vt 0.041015625 0.798828125
vt 0.041015625 0.833984375
vt 0.03515625 0.833984375
vt 0.03515625 0.798828125
vt 0.041015625 0.798828125
vt 0.046875 0.798828125
vt 0.041015625 0.798828125
vt 0.041015625 0.833984375
vt 0.046875 0.833984375
vn 0 0 -1
vn 1 0 0
vn 0 0 1
vn -1 0 0
vn 0 1 0
vn 0 -1 0
usemtl m_6efbde36-fe6b-30a1-7d2b-08d2c4687efe
f 1/1/1 2/2/1 3/3/1 4/4/1
f 5/5/2 1/6/2 4/7/2 6/8/2
f 7/9/3 5/10/3 6/11/3 8/12/3
f 2/13/4 7/14/4 8/15/4 3/16/4
f 8/17/5 6/18/5 4/19/5 3/20/5
f 2/21/6 1/22/6 5/23/6 7/24/6
o cube
v -0.6875 -0.125 -0.625
v -0.75 -0.125 -0.625
v -0.75 -0.0625 -0.625
v -0.6875 -0.0625 -0.625
v -0.6875 -0.125 0.5
v -0.6875 -0.0625 0.5
v -0.75 -0.125 0.5
v -0.75 -0.0625 0.5
vt 0.03515625 0.7578125
vt 0.037109375 0.7578125
vt 0.037109375 0.759765625
vt 0.03515625 0.759765625
vt 0 0.7578125
vt 0.03515625 0.7578125
vt 0.03515625 0.759765625
vt 0 0.759765625
vt 0.072265625 0.7578125
vt 0.07421875 0.7578125
vt 0.07421875 0.759765625
vt 0.072265625 0.759765625
vt 0.037109375 0.7578125
vt 0.072265625 0.7578125
vt 0.072265625 0.759765625
vt 0.037109375 0.759765625
vt 0.037109375 0.794921875
vt 0.03515625 0.794921875
vt 0.03515625 0.759765625
vt 0.037109375 0.759765625
vt 0.0390625 0.759765625
vt 0.037109375 0.759765625
vt 0.037109375 0.794921875
vt 0.0390625 0.794921875
vn 0 0 -1
vn 1 0 0
vn 0 0 1
vn -1 0 0
vn 0 1 0
vn 0 -1 0
usemtl m_6efbde36-fe6b-30a1-7d2b-08d2c4687efe
f 9/25/7 10/26/7 11/27/7 12/28/7
f 13/29/8 9/30/8 12/31/8 14/32/8
f 15/33/9 13/34/9 14/35/9 16/36/9
f 10/37/10 15/38/10 16/39/10 11/40/10
f 16/41/11 14/42/11 12/43/11 11/44/11
f 10/45/12 9/46/12 13/47/12 15/48/12
o cube
v 0.8125 -0.1875 -0.625
v 0.625 -0.1875 -0.625
v 0.625 -0.125 -0.625
v 0.8125 -0.125 -0.625
v 0.8125 -0.1875 0.5
v 0.8125 -0.125 0.5
v 0.625 -0.1875 0.5
v 0.625 -0.125 0.5
vt 0.119140625 0.7890625
vt 0.125 0.7890625
vt 0.125 0.791015625
vt 0.119140625 0.791015625
vt 0.083984375 0.7890625
vt 0.119140625 0.7890625
vt 0.119140625 0.791015625
vt 0.083984375 0.791015625
vt 0.16015625 0.7890625
vt 0.166015625 0.7890625
vt 0.166015625 0.791015625
vt 0.16015625 0.791015625
vt 0.125 0.7890625
vt 0.16015625 0.7890625
vt 0.16015625 0.791015625
vt 0.125 0.791015625
vt 0.125 0.826171875
vt 0.119140625 0.826171875
vt 0.119140625 0.791015625
vt 0.125 0.791015625
vt 0.130859375 0.791015625
vt 0.125 0.791015625
vt 0.125 0.826171875
vt 0.130859375 0.826171875
vn 0 0 -1
vn 1 0 0
vn 0 0 1
vn -1 0 0
vn 0 1 0
vn 0 -1 0
usemtl m_6efbde36-fe6b-30a1-7d2b-08d2c4687efe
f 17/49/13 18/50/13 19/51/13 20/52/13
f 21/53/14 17/54/14 20/55/14 22/56/14
f 23/57/15 21/58/15 22/59/15 24/60/15
f 18/61/16 23/62/16 24/63/16 19/64/16
f 24/65/17 22/66/17 20/67/17 19/68/17
f 18/69/18 17/70/18 21/71/18 23/72/18
o cube
v 0.75 -0.125 -0.625
v 0.6875 -0.125 -0.625
v 0.6875 -0.0625 -0.625
v 0.75 -0.0625 -0.625
v 0.75 -0.125 0.5
v 0.75 -0.0625 0.5
v 0.6875 -0.125 0.5
v 0.6875 -0.0625 0.5
vt 0.203125 0.7578125
vt 0.205078125 0.7578125
vt 0.205078125 0.759765625
vt 0.203125 0.759765625
vt 0.16796875 0.7578125
vt 0.203125 0.7578125
vt 0.203125 0.759765625
vt 0.16796875 0.759765625
vt 0.240234375 0.7578125
vt 0.2421875 0.7578125
vt 0.2421875 0.759765625
vt 0.240234375 0.759765625
vt 0.205078125 0.7578125
vt 0.240234375 0.7578125
vt 0.240234375 0.759765625
vt 0.205078125 0.759765625
vt 0.205078125 0.794921875
vt 0.203125 0.794921875
vt 0.203125 0.759765625
vt 0.205078125 0.759765625
vt 0.20703125 0.759765625
vt 0.205078125 0.759765625
vt 0.205078125 0.794921875
vt 0.20703125 0.794921875
vn 0 0 -1
vn 1 0 0
vn 0 0 1
vn -1 0 0
vn 0 1 0
vn 0 -1 0
usemtl m_6efbde36-fe6b-30a1-7d2b-08d2c4687efe
f 25/73/19 26/74/19 27/75/19 28/76/19
f 29/77/20 25/78/20 28/79/20 30/80/20
f 31/81/21 29/82/21 30/83/21 32/84/21
f 26/85/22 31/86/22 32/87/22 27/88/22
f 32/89/23 30/90/23 28/91/23 27/92/23
f 26/93/24 25/94/24 29/95/24 31/96/24
o cube
v 1.25 0.1875 -0.75
v 1.0625 0.1875 -0.75
v 1.0625 0.1875 -0.75
v 1.25 0.1875 -0.75
v 1.25 0.1875 0.75
v 1.25 0.1875 0.75
v 1.0625 0.1875 0.75
v 1.0625 0.1875 0.75
vt 0.046875 0.890625
vt 0.052734375 0.890625
vt 0.052734375 0.890625
vt 0.046875 0.890625
vt 0 0.890625
vt 0.046875 0.890625
vt 0.046875 0.890625
vt 0 0.890625
vt 0.099609375 0.890625
vt 0.10546875 0.890625
vt 0.10546875 0.890625
vt 0.099609375 0.890625
vt 0.052734375 0.890625
vt 0.099609375 0.890625
vt 0.099609375 0.890625
vt 0.052734375 0.890625
vt 0.052734375 0.9375
vt 0.046875 0.9375
vt 0.046875 0.890625
vt 0.052734375 0.890625
vt 0.05859375 0.890625
vt 0.052734375 0.890625
vt 0.052734375 0.9375
vt 0.05859375 0.9375
vn 0 0 0
vn 0 0 0
vn 0 0 0
vn 0 0 0
vn 0 1 0
vn 0 -1 0
usemtl m_6efbde36-fe6b-30a1-7d2b-08d2c4687efe
f 33/97/25 34/98/25 35/99/25 36/100/25
f 37/101/26 33/102/26 36/103/26 38/104/26
f 39/105/27 37/106/27 38/107/27 40/108/27
f 34/109/28 39/110/28 40/111/28 35/112/28
f 40/113/29 38/114/29 36/115/29 35/116/29
f 34/117/30 33/118/30 37/119/30 39/120/30
o cube
v 1.178891875 -0.12843187499999997 -0.3125
v 1.053891875 -0.12843187499999997 -0.3125
v 1.053891875 -0.003431874999999973 -0.3125
v 1.178891875 -0.003431874999999973 -0.3125
v 1.178891875 -0.12843187499999997 -0.1875
v 1.178891875 -0.003431874999999973 -0.1875
v 1.053891875 -0.12843187499999997 -0.1875
v 1.053891875 -0.003431874999999973 -0.1875
vt 0.064453125 0.71875
vt 0.068359375 0.71875
vt 0.068359375 0.72265625
vt 0.064453125 0.72265625
vt 0.060546875 0.71875
vt 0.064453125 0.71875
vt 0.064453125 0.72265625
vt 0.060546875 0.72265625
vt 0.072265625 0.71875
vt 0.076171875 0.71875
vt 0.076171875 0.72265625
vt 0.072265625 0.72265625
vt 0.068359375 0.71875
vt 0.072265625 0.71875
vt 0.072265625 0.72265625
vt 0.068359375 0.72265625
vt 0.068359375 0.7265625
vt 0.064453125 0.7265625
vt 0.064453125 0.72265625
vt 0.068359375 0.72265625
vt 0.072265625 0.72265625
vt 0.068359375 0.72265625
vt 0.068359375 0.7265625
vt 0.072265625 0.7265625
vn 0 0 -1
vn 1 0 0
vn 0 0 1
vn -1 0 0
vn 0 1 0
vn 0 -1 0
usemtl m_6efbde36-fe6b-30a1-7d2b-08d2c4687efe
f 41/121/31 42/122/31 43/123/31 44/124/31
f 45/125/32 41/126/32 44/127/32 46/128/32
f 47/129/33 45/130/33 46/131/33 48/132/33
f 42/133/34 47/134/34 48/135/34 43/136/34
f 48/137/35 46/138/35 44/139/35 43/140/35
f 42/141/36 41/142/36 45/143/36 47/144/36
o cube
v 1.1875 -0.1875 -0.3125
v 0.8125 -0.1875 -0.3125
v 0.8125 -0.125 -0.3125
v 1.1875 -0.125 -0.3125
v 1.1875 -0.1875 -0.1875
v 1.1875 -0.125 -0.1875
v 0.8125 -0.1875 -0.1875
v 0.8125 -0.125 -0.1875
vt 0.13671875 0.7578125
vt 0.1484375 0.7578125
vt 0.1484375 0.759765625
vt 0.13671875 0.759765625
vt 0.1328125 0.7578125
vt 0.13671875 0.7578125
vt 0.13671875 0.759765625
vt 0.1328125 0.759765625
vt 0.15234375 0.7578125
vt 0.1640625 0.7578125
vt 0.1640625 0.759765625
vt 0.15234375 0.759765625
vt 0.1484375 0.7578125
vt 0.15234375 0.7578125
vt 0.15234375 0.759765625
vt 0.1484375 0.759765625
vt 0.1484375 0.763671875
vt 0.13671875 0.763671875
vt 0.13671875 0.759765625
vt 0.1484375 0.759765625
vt 0.16015625 0.759765625
vt 0.1484375 0.759765625
vt 0.1484375 0.763671875
vt 0.16015625 0.763671875
vn 0 0 -1
vn 1 0 0
vn 0 0 1
vn -1 0 0
vn 0 1 0
vn 0 -1 0
usemtl m_6efbde36-fe6b-30a1-7d2b-08d2c4687efe
f 49/145/37 50/146/37 51/147/37 52/148/37
f 53/149/38 49/150/38 52/151/38 54/152/38
f 55/153/39 53/154/39 54/155/39 56/156/39
f 50/157/40 55/158/40 56/159/40 51/160/40
f 56/161/41 54/162/41 52/163/41 51/164/41
f 50/165/42 49/166/42 53/167/42 55/168/42
o cube
v -0.625 -0.1875 0.5
v -0.8125 -0.1875 0.5
v -0.8125 -0.125 0.5
v -0.625 -0.125 0.5
v -0.625 -0.1875 0.75
v -0.625 -0.125 0.75
v -0.8125 -0.1875 0.75
v -0.8125 -0.125 0.75
vt 0.140625 0.77734375
vt 0.146484375 0.77734375
vt 0.146484375 0.779296875
vt 0.140625 0.779296875
vt 0.1328125 0.77734375
vt 0.140625 0.77734375
vt 0.140625 0.779296875
vt 0.1328125 0.779296875
vt 0.154296875 0.77734375
vt 0.16015625 0.77734375
vt 0.16015625 0.779296875
vt 0.154296875 0.779296875
vt 0.146484375 0.77734375
vt 0.154296875 0.77734375
vt 0.154296875 0.779296875
vt 0.146484375 0.779296875
vt 0.146484375 0.787109375
vt 0.140625 0.787109375
vt 0.140625 0.779296875
vt 0.146484375 0.779296875
vt 0.15234375 0.779296875
vt 0.146484375 0.779296875
vt 0.146484375 0.787109375
vt 0.15234375 0.787109375
vn 0 0 -1
vn 1 0 0
vn 0 0 1
vn -1 0 0
vn 0 1 0
vn 0 -1 0
usemtl m_6efbde36-fe6b-30a1-7d2b-08d2c4687efe
f 57/169/43 58/170/43 59/171/43 60/172/43
f 61/173/44 57/174/44 60/175/44 62/176/44
f 63/177/45 61/178/45 62/179/45 64/180/45
f 58/181/46 63/182/46 64/183/46 59/184/46
f 64/185/47 62/186/47 60/187/47 59/188/47
f 58/189/48 57/190/48 61/191/48 63/192/48
o cube
v -0.6875 -0.125 0.5
v -0.75 -0.125 0.5
v -0.75 -0.0625 0.5
v -0.6875 -0.0625 0.5
v -0.6875 -0.125 0.75
v -0.6875 -0.0625 0.75
v -0.75 -0.125 0.75
v -0.75 -0.0625 0.75
vt 0.279296875 0.927734375
vt 0.28125 0.927734375
vt 0.28125 0.9296875
vt 0.279296875 0.9296875
vt 0.271484375 0.927734375
vt 0.279296875 0.927734375
vt 0.279296875 0.9296875
vt 0.271484375 0.9296875
vt 0.2890625 0.927734375
vt 0.291015625 0.927734375
vt 0.291015625 0.9296875
vt 0.2890625 0.9296875
vt 0.28125 0.927734375
vt 0.2890625 0.927734375
vt 0.2890625 0.9296875
vt 0.28125 0.9296875
vt 0.28125 0.9375
vt 0.279296875 0.9375
vt 0.279296875 0.9296875
vt 0.28125 0.9296875
vt 0.283203125 0.9296875
vt 0.28125 0.9296875
vt 0.28125 0.9375
vt 0.283203125 0.9375
vn 0 0 -1
vn 1 0 0
vn 0 0 1
vn -1 0 0
vn 0 1 0
vn 0 -1 0
usemtl m_6efbde36-fe6b-30a1-7d2b-08d2c4687efe
f 65/193/49 66/194/49 67/195/49 68/196/49
f 69/197/50 65/198/50 68/199/50 70/200/50
f 71/201/51 69/202/51 70/203/51 72/204/51
f 66/205/52 71/206/52 72/207/52 67/208/52
f 72/209/53 70/210/53 68/211/53 67/212/53
f 66/213/54 65/214/54 69/215/54 71/216/54
o cube
v -0.6875 -0.125 -0.75
v -0.75 -0.125 -0.75
v -0.75 -0.0625 -0.75
v -0.6875 -0.0625 -0.75
v -0.6875 -0.125 -0.625
v -0.6875 -0.0625 -0.625
v -0.75 -0.125 -0.625
v -0.75 -0.0625 -0.625
vt 0.150390625 0.71875
vt 0.15234375 0.71875
vt 0.15234375 0.720703125
vt 0.150390625 0.720703125
vt 0.146484375 0.71875
vt 0.150390625 0.71875
vt 0.150390625 0.720703125
vt 0.146484375 0.720703125
vt 0.15625 0.71875
vt 0.158203125 0.71875
vt 0.158203125 0.720703125
vt 0.15625 0.720703125
vt 0.15234375 0.71875
vt 0.15625 0.71875
vt 0.15625 0.720703125
vt 0.15234375 0.720703125
vt 0.15234375 0.724609375
vt 0.150390625 0.724609375
vt 0.150390625 0.720703125
vt 0.15234375 0.720703125
vt 0.154296875 0.720703125
vt 0.15234375 0.720703125
vt 0.15234375 0.724609375
vt 0.154296875 0.724609375
vn 0 0 -1
vn 1 0 0
vn 0 0 1
vn -1 0 0
vn 0 1 0
vn 0 -1 0
usemtl m_6efbde36-fe6b-30a1-7d2b-08d2c4687efe
f 73/217/55 74/218/55 75/219/55 76/220/55
f 77/221/56 73/222/56 76/223/56 78/224/56
f 79/225/57 77/226/57 78/227/57 80/228/57
f 74/229/58 79/230/58 80/231/58 75/232/58
f 80/233/59 78/234/59 76/235/59 75/236/59
f 74/237/60 73/238/60 77/239/60 79/240/60
o cube
v -0.625 -0.1875 -0.75
v -0.8125 -0.1875 -0.75
v -0.8125 -0.125 -0.75
v -0.625 -0.125 -0.75
v -0.625 -0.1875 -0.625
v -0.625 -0.125 -0.625
v -0.8125 -0.1875 -0.625
v -0.8125 -0.125 -0.625
vt 0.255859375 0.796875
vt 0.26171875 0.796875
vt 0.26171875 0.798828125
vt 0.255859375 0.798828125
vt 0.251953125 0.796875
vt 0.255859375 0.796875
vt 0.255859375 0.798828125
vt 0.251953125 0.798828125
vt 0.265625 0.796875
vt 0.271484375 0.796875
vt 0.271484375 0.798828125
vt 0.265625 0.798828125
vt 0.26171875 0.796875
vt 0.265625 0.796875
vt 0.265625 0.798828125
vt 0.26171875 0.798828125
vt 0.26171875 0.802734375
vt 0.255859375 0.802734375
vt 0.255859375 0.798828125
vt 0.26171875 0.798828125
vt 0.267578125 0.798828125
vt 0.26171875 0.798828125
vt 0.26171875 0.802734375
vt 0.267578125 0.802734375
vn 0 0 -1
vn 1 0 0
vn 0 0 1
vn -1 0 0
vn 0 1 0
vn 0 -1 0
usemtl m_6efbde36-fe6b-30a1-7d2b-08d2c4687efe
f 81/241/61 82/242/61 83/243/61 84/244/61
f 85/245/62 81/246/62 84/247/62 86/248/62
f 87/249/63 85/250/63 86/251/63 88/252/63
f 82/253/64 87/254/64 88/255/64 83/256/64
f 88/257/65 86/258/65 84/259/65 83/260/65
f 82/261/66 81/262/66 85/263/66 87/264/66
o cube
v 0.8125 -0.1875 -0.75
v 0.625 -0.1875 -0.75
v 0.625 -0.125 -0.75
v 0.8125 -0.125 -0.75
v 0.8125 -0.1875 -0.625
v 0.8125 -0.125 -0.625
v 0.625 -0.1875 -0.625
v 0.625 -0.125 -0.625
vt 0.00390625 0.720703125
vt 0.009765625 0.720703125
vt 0.009765625 0.72265625
vt 0.00390625 0.72265625
vt 0 0.720703125
vt 0.00390625 0.720703125
vt 0.00390625 0.72265625
vt 0 0.72265625
vt 0.013671875 0.720703125
vt 0.01953125 0.720703125
vt 0.01953125 0.72265625
vt 0.013671875 0.72265625
vt 0.009765625 0.720703125
vt 0.013671875 0.720703125
vt 0.013671875 0.72265625
vt 0.009765625 0.72265625
vt 0.009765625 0.7265625
vt 0.00390625 0.7265625
vt 0.00390625 0.72265625
vt 0.009765625 0.72265625
vt 0.015625 0.72265625
vt 0.009765625 0.72265625
vt 0.009765625 0.7265625
vt 0.015625 0.7265625
vn 0 0 -1
vn 1 0 0
vn 0 0 1
vn -1 0 0
vn 0 1 0
vn 0 -1 0
usemtl m_6efbde36-fe6b-30a1-7d2b-08d2c4687efe
f 89/265/67 90/266/67 91/267/67 92/268/67
f 93/269/68 89/270/68 92/271/68 94/272/68
f 95/273/69 93/274/69 94/275/69 96/276/69
f 90/277/70 95/278/70 96/279/70 91/280/70
f 96/281/71 94/282/71 92/283/71 91/284/71
f 90/285/72 89/286/72 93/287/72 95/288/72
o cube
v 0.75 -0.125 -0.75
v 0.6875 -0.125 -0.75
v 0.6875 -0.0625 -0.75
v 0.75 -0.0625 -0.75
v 0.75 -0.125 -0.625
v 0.75 -0.0625 -0.625
v 0.6875 -0.125 -0.625
v 0.6875 -0.0625 -0.625
vt 0.1640625 0.71875
vt 0.166015625 0.71875
vt 0.166015625 0.720703125
vt 0.1640625 0.720703125
vt 0.16015625 0.71875
vt 0.1640625 0.71875
vt 0.1640625 0.720703125
vt 0.16015625 0.720703125
vt 0.169921875 0.71875
vt 0.171875 0.71875
vt 0.171875 0.720703125
vt 0.169921875 0.720703125
vt 0.166015625 0.71875
vt 0.169921875 0.71875
vt 0.169921875 0.720703125
vt 0.166015625 0.720703125
vt 0.166015625 0.724609375
vt 0.1640625 0.724609375
vt 0.1640625 0.720703125
vt 0.166015625 0.720703125
vt 0.16796875 0.720703125
vt 0.166015625 0.720703125
vt 0.166015625 0.724609375
vt 0.16796875 0.724609375
vn 0 0 -1
vn 1 0 0
vn 0 0 1
vn -1 0 0
vn 0 1 0
vn 0 -1 0
usemtl m_6efbde36-fe6b-30a1-7d2b-08d2c4687efe
f 97/289/73 98/290/73 99/291/73 100/292/73
f 101/293/74 97/294/74 100/295/74 102/296/74
f 103/297/75 101/298/75 102/299/75 104/300/75
f 98/301/76 103/302/76 104/303/76 99/304/76
f 104/305/77 102/306/77 100/307/77 99/308/77
f 98/309/78 97/310/78 101/311/78 103/312/78
o cube
v 0.75 -0.125 0.5
v 0.6875 -0.125 0.5
v 0.6875 -0.0625 0.5
v 0.75 -0.0625 0.5
v 0.75 -0.125 0.75
v 0.75 -0.0625 0.75
v 0.6875 -0.125 0.75
v 0.6875 -0.0625 0.75
vt 0.259765625 0.71875
vt 0.26171875 0.71875
vt 0.26171875 0.720703125
vt 0.259765625 0.720703125
vt 0.251953125 0.71875
vt 0.259765625 0.71875
vt 0.259765625 0.720703125
vt 0.251953125 0.720703125
vt 0.26953125 0.71875
vt 0.271484375 0.71875
vt 0.271484375 0.720703125
vt 0.26953125 0.720703125
vt 0.26171875 0.71875
vt 0.26953125 0.71875
vt 0.26953125 0.720703125
vt 0.26171875 0.720703125
vt 0.26171875 0.728515625
vt 0.259765625 0.728515625
vt 0.259765625 0.720703125
vt 0.26171875 0.720703125
vt 0.263671875 0.720703125
vt 0.26171875 0.720703125
vt 0.26171875 0.728515625
vt 0.263671875 0.728515625
vn 0 0 -1
vn 1 0 0
vn 0 0 1
vn -1 0 0
vn 0 1 0
vn 0 -1 0
usemtl m_6efbde36-fe6b-30a1-7d2b-08d2c4687efe
f 105/313/79 106/314/79 107/315/79 108/316/79
f 109/317/80 105/318/80 108/319/80 110/320/80
f 111/321/81 109/322/81 110/323/81 112/324/81
f 106/325/82 111/326/82 112/327/82 107/328/82
f 112/329/83 110/330/83 108/331/83 107/332/83
f 106/333/84 105/334/84 109/335/84 111/336/84
o cube
v 0.8125 -0.1875 0.5
v 0.625 -0.1875 0.5
v 0.625 -0.125 0.5
v 0.8125 -0.125 0.5
v 0.8125 -0.1875 0.75
v 0.8125 -0.125 0.75
v 0.625 -0.1875 0.75
v 0.625 -0.125 0.75
vt 0.13671875 0.765625
vt 0.142578125 0.765625
vt 0.142578125 0.767578125
vt 0.13671875 0.767578125
vt 0.12890625 0.765625
vt 0.13671875 0.765625
vt 0.13671875 0.767578125
vt 0.12890625 0.767578125
vt 0.150390625 0.765625
vt 0.15625 0.765625
vt 0.15625 0.767578125
vt 0.150390625 0.767578125
vt 0.142578125 0.765625
vt 0.150390625 0.765625
vt 0.150390625 0.767578125
vt 0.142578125 0.767578125
vt 0.142578125 0.775390625
vt 0.13671875 0.775390625
vt 0.13671875 0.767578125
vt 0.142578125 0.767578125
vt 0.1484375 0.767578125
vt 0.142578125 0.767578125
vt 0.142578125 0.775390625
vt 0.1484375 0.775390625
vn 0 0 -1
vn 1 0 0
vn 0 0 1
vn -1 0 0
vn 0 1 0
vn 0 -1 0
usemtl m_6efbde36-fe6b-30a1-7d2b-08d2c4687efe
f 113/337/85 114/338/85 115/339/85 116/340/85
f 117/341/86 113/342/86 116/343/86 118/344/86
f 119/345/87 117/346/87 118/347/87 120/348/87
f 114/349/88 119/350/88 120/351/88 115/352/88
f 120/353/89 118/354/89 116/355/89 115/356/89
f 114/357/90 113/358/90 117/359/90 119/360/90
o cube
v 0.375 -0.34375 -0.25
v -0.375 -0.34375 -0.25
v -0.375 -0.34375 -0.25
v 0.375 -0.34375 -0.25
v 0.375 -0.34375 -0.1875
v 0.375 -0.34375 -0.1875
v -0.375 -0.34375 -0.1875
v -0.375 -0.34375 -0.1875
vt 0.181640625 0.75390625
vt 0.205078125 0.75390625
vt 0.205078125 0.75390625
vt 0.181640625 0.75390625
vt 0.1796875 0.75390625
vt 0.181640625 0.75390625
vt 0.181640625 0.75390625
vt 0.1796875 0.75390625
vt 0.20703125 0.75390625
vt 0.23046875 0.75390625
vt 0.23046875 0.75390625
vt 0.20703125 0.75390625
vt 0.205078125 0.75390625
vt 0.20703125 0.75390625
vt 0.20703125 0.75390625
vt 0.205078125 0.75390625
vt 0.205078125 0.755859375
vt 0.181640625 0.755859375
vt 0.181640625 0.75390625
vt 0.205078125 0.75390625
vt 0.228515625 0.75390625
vt 0.205078125 0.75390625
vt 0.205078125 0.755859375
vt 0.228515625 0.755859375
vn 0 0 0
vn 0 0 0
vn 0 0 0
vn 0 0 0
vn 0 1 0
vn 0 -1 0
usemtl m_6efbde36-fe6b-30a1-7d2b-08d2c4687efe
f 121/361/91 122/362/91 123/363/91 124/364/91
f 125/365/92 121/366/92 124/367/92 126/368/92
f 127/369/93 125/370/93 126/371/93 128/372/93
f 122/373/94 127/374/94 128/375/94 123/376/94
f 128/377/95 126/378/95 124/379/95 123/380/95
f 122/381/96 121/382/96 125/383/96 127/384/96
o cube
v 0.4375 -0.34375 0.1875
v -0.375 -0.34375 0.1875
v -0.375 -0.34375 0.1875
v 0.4375 -0.34375 0.1875
v 0.4375 -0.34375 0.25
v 0.4375 -0.34375 0.25
v -0.375 -0.34375 0.25
v -0.375 -0.34375 0.25
vt 0.208984375 0.859375
vt 0.234375 0.859375
vt 0.234375 0.859375
vt 0.208984375 0.859375
vt 0.20703125 0.859375
vt 0.208984375 0.859375
vt 0.208984375 0.859375
vt 0.20703125 0.859375
vt 0.236328125 0.859375
vt 0.26171875 0.859375
vt 0.26171875 0.859375
vt 0.236328125 0.859375
vt 0.234375 0.859375
vt 0.236328125 0.859375
vt 0.236328125 0.859375
vt 0.234375 0.859375
vt 0.234375 0.861328125
vt 0.208984375 0.861328125
vt 0.208984375 0.859375
vt 0.234375 0.859375
vt 0.259765625 0.859375
vt 0.234375 0.859375
vt 0.234375 0.861328125
vt 0.259765625 0.861328125
vn 0 0 0
vn 0 0 0
vn 0 0 0
vn 0 0 0
vn 0 1 0
vn 0 -1 0
usemtl m_6efbde36-fe6b-30a1-7d2b-08d2c4687efe
f 129/385/97 130/386/97 131/387/97 132/388/97
f 133/389/98 129/390/98 132/391/98 134/392/98
f 135/393/99 133/394/99 134/395/99 136/396/99
f 130/397/100 135/398/100 136/399/100 131/400/100
f 136/401/101 134/402/101 132/403/101 131/404/101
f 130/405/102 129/406/102 133/407/102 135/408/102
o cube
v 0.4375 -0.34368750000000003 -0.25
v -0.5 -0.34368750000000003 -0.25
v -0.5 -0.28118750000000003 -0.25
v 0.4375 -0.28118750000000003 -0.25
v 0.4375 -0.34368750000000003 -0.25
v 0.4375 -0.28118750000000003 -0.25
v -0.5 -0.34368750000000003 -0.25
v -0.5 -0.28118750000000003 -0.25
vt 0.20703125 0.86328125
vt 0.236328125 0.86328125
vt 0.236328125 0.865234375
vt 0.20703125 0.865234375
vt 0.20703125 0.86328125
vt 0.20703125 0.86328125
vt 0.20703125 0.865234375
vt 0.20703125 0.865234375
vt 0.236328125 0.86328125
vt 0.265625 0.86328125
vt 0.265625 0.865234375
vt 0.236328125 0.865234375
vt 0.236328125 0.86328125
vt 0.236328125 0.86328125
vt 0.236328125 0.865234375
vt 0.236328125 0.865234375
vt 0.236328125 0.865234375
vt 0.20703125 0.865234375
vt 0.20703125 0.865234375
vt 0.236328125 0.865234375
vt 0.265625 0.865234375
vt 0.236328125 0.865234375
vt 0.236328125 0.865234375
vt 0.265625 0.865234375
vn 0 0 -1
vn 0 0 0
vn 0 0 1
vn 0 0 0
vn 0 0 0
vn 0 0 0
usemtl m_6efbde36-fe6b-30a1-7d2b-08d2c4687efe
f 137/409/103 138/410/103 139/411/103 140/412/103
f 141/413/104 137/414/104 140/415/104 142/416/104
f 143/417/105 141/418/105 142/419/105 144/420/105
f 138/421/106 143/422/106 144/423/106 139/424/106
f 144/425/107 142/426/107 140/427/107 139/428/107
f 138/429/108 137/430/108 141/431/108 143/432/108
o cube
v 0.4375 -0.34368750000000003 0.25
v -0.4375 -0.34368750000000003 0.25
v -0.4375 -0.28118750000000003 0.25
v 0.4375 -0.28118750000000003 0.25
v 0.4375 -0.34368750000000003 0.25
v 0.4375 -0.28118750000000003 0.25
v -0.4375 -0.34368750000000003 0.25
v -0.4375 -0.28118750000000003 0.25
vt 0.076171875 0.7578125
vt 0.103515625 0.7578125
vt 0.103515625 0.759765625
vt 0.076171875 0.759765625
vt 0.076171875 0.7578125
vt 0.076171875 0.7578125
vt 0.076171875 0.759765625
vt 0.076171875 0.759765625
vt 0.103515625 0.7578125
vt 0.130859375 0.7578125
vt 0.130859375 0.759765625
vt 0.103515625 0.759765625
vt 0.103515625 0.7578125
vt 0.103515625 0.7578125
vt 0.103515625 0.759765625
vt 0.103515625 0.759765625
vt 0.103515625 0.759765625
vt 0.076171875 0.759765625
vt 0.076171875 0.759765625
vt 0.103515625 0.759765625
vt 0.130859375 0.759765625
vt 0.103515625 0.759765625
vt 0.103515625 0.759765625
vt 0.130859375 0.759765625
vn 0 0 -1
vn 0 0 0
vn 0 0 1
vn 0 0 0
vn 0 0 0
vn 0 0 0
usemtl m_6efbde36-fe6b-30a1-7d2b-08d2c4687efe
f 145/433/109 146/434/109 147/435/109 148/436/109
f 149/437/110 145/438/110 148/439/110 150/440/110
f 151/441/111 149/442/111 150/443/111 152/444/111
f 146/445/112 151/446/112 152/447/112 147/448/112
f 152/449/113 150/450/113 148/451/113 147/452/113
f 146/453/114 145/454/114 149/455/114 151/456/114
o cube
v -1.0137634130113997 -0.3788140512830197 -0.375
v -1.0664753783747052 -0.3452328257613432 -0.375
v -0.9657317018096756 -0.1870969296714271 -0.375
v -0.9130197364463704 -0.22067815519310363 -0.375
v -1.0137634130113997 -0.3788140512830197 -0.125
v -0.9130197364463704 -0.22067815519310363 -0.125
v -1.0664753783747052 -0.3452328257613432 -0.125
v -0.9657317018096756 -0.1870969296714271 -0.125
vt 0.15234375 0.7265625
vt 0.154296875 0.7265625
vt 0.154296875 0.732421875
vt 0.15234375 0.732421875
vt 0.14453125 0.7265625
vt 0.15234375 0.7265625
vt 0.15234375 0.732421875
vt 0.14453125 0.732421875
vt 0.162109375 0.7265625
vt 0.1640625 0.7265625
vt 0.1640625 0.732421875
vt 0.162109375 0.732421875
vt 0.154296875 0.7265625
vt 0.162109375 0.7265625
vt 0.162109375 0.732421875
vt 0.154296875 0.732421875
vt 0.154296875 0.740234375
vt 0.15234375 0.740234375
vt 0.15234375 0.732421875
vt 0.154296875 0.732421875
vt 0.15625 0.732421875
vt 0.154296875 0.732421875
vt 0.154296875 0.740234375
vt 0.15625 0.740234375
vn 0 0 -1
vn 0.8433914458128859 -0.5372996083468234 0
vn 0 0 1
vn -0.8433914458128856 0.5372996083468243 0
vn 0.5372996083468251 0.8433914458128849 0
vn -0.5372996083468234 -0.843391445812886 0
usemtl m_6efbde36-fe6b-30a1-7d2b-08d2c4687efe
f 153/457/115 154/458/115 155/459/115 156/460/115
f 157/461/116 153/462/116 156/463/116 158/464/116
f 159/465/117 157/466/117 158/467/117 160/468/117
f 154/469/118 159/470/118 160/471/118 155/472/118
f 160/473/119 158/474/119 156/475/119 155/476/119
f 154/477/120 153/478/120 157/479/120 159/480/120
o cube
v -0.90323125 -0.37459687500000005 -0.375
v -0.96573125 -0.37459687500000005 -0.375
v -0.96573125 -0.18709687500000005 -0.375
v -0.90323125 -0.18709687500000005 -0.375
v -0.90323125 -0.37459687500000005 -0.125
v -0.90323125 -0.18709687500000005 -0.125
v -0.96573125 -0.37459687500000005 -0.125
v -0.96573125 -0.18709687500000005 -0.125
vt 0.173828125 0.7265625
vt 0.17578125 0.7265625
vt 0.17578125 0.732421875
vt 0.173828125 0.732421875
vt 0.166015625 0.7265625
vt 0.173828125 0.7265625
vt 0.173828125 0.732421875
vt 0.166015625 0.732421875
vt 0.18359375 0.7265625
vt 0.185546875 0.7265625
vt 0.185546875 0.732421875
vt 0.18359375 0.732421875
vt 0.17578125 0.7265625
vt 0.18359375 0.7265625
vt 0.18359375 0.732421875
vt 0.17578125 0.732421875
vt 0.17578125 0.740234375
vt 0.173828125 0.740234375
vt 0.173828125 0.732421875
vt 0.17578125 0.732421875
vt 0.177734375 0.732421875
vt 0.17578125 0.732421875
vt 0.17578125 0.740234375
vt 0.177734375 0.740234375
vn 0 0 -1
vn 1 0 0
vn 0 0 1
vn -1 0 0
vn 0 1 0
vn 0 -1 0
usemtl m_6efbde36-fe6b-30a1-7d2b-08d2c4687efe
f 161/481/121 162/482/121 163/483/121 164/484/121
f 165/485/122 161/486/122 164/487/122 166/488/122
f 167/489/123 165/490/123 166/491/123 168/492/123
f 162/493/124 167/494/124 168/495/124 163/496/124
f 168/497/125 166/498/125 164/499/125 163/500/125
f 162/501/126 161/502/126 165/503/126 167/504/126
o cube
v -0.507795625 -0.38368 -0.375
v -0.945295625 -0.38368 -0.375
v -0.945295625 -0.32118 -0.375
v -0.507795625 -0.32118 -0.375
v -0.507795625 -0.38368 -0.125
v -0.507795625 -0.32118 -0.125
v -0.945295625 -0.38368 -0.125
v -0.945295625 -0.32118 -0.125
vt 0.251953125 0.7578125
vt 0.265625 0.7578125
vt 0.265625 0.759765625
vt 0.251953125 0.759765625
vt 0.244140625 0.7578125
vt 0.251953125 0.7578125
vt 0.251953125 0.759765625
vt 0.244140625 0.759765625
vt 0.2734375 0.7578125
vt 0.287109375 0.7578125
vt 0.287109375 0.759765625
vt 0.2734375 0.759765625
vt 0.265625 0.7578125
vt 0.2734375 0.7578125
vt 0.2734375 0.759765625
vt 0.265625 0.759765625
vt 0.265625 0.767578125
vt 0.251953125 0.767578125
vt 0.251953125 0.759765625
vt 0.265625 0.759765625
vt 0.279296875 0.759765625
vt 0.265625 0.759765625
vt 0.265625 0.767578125
vt 0.279296875 0.767578125
vn 0 0 -1
vn 1 0 0
vn 0 0 1
vn -1 0 0
vn 0 1 0
vn 0 -1 0
usemtl m_6efbde36-fe6b-30a1-7d2b-08d2c4687efe
f 169/505/127 170/506/127 171/507/127 172/508/127
f 173/509/128 169/510/128 172/511/128 174/512/128
f 175/513/129 173/514/129 174/515/129 176/516/129
f 170/517/130 175/518/130 176/519/130 171/520/130
f 176/521/131 174/522/131 172/523/131 171/524/131
f 170/525/132 169/526/132 173/527/132 175/528/132
o cube
v -0.9414750000000001 -0.40773250000000005 -0.375
v -1.003975 -0.40773250000000005 -0.375
v -1.003975 -0.28273250000000005 -0.375
v -0.9414750000000001 -0.28273250000000005 -0.375
v -0.9414750000000001 -0.40773250000000005 -0.125
v -0.9414750000000001 -0.28273250000000005 -0.125
v -1.003975 -0.40773250000000005 -0.125
v -1.003975 -0.28273250000000005 -0.125
vt 0.275390625 0.86328125
vt 0.27734375 0.86328125
vt 0.27734375 0.8671875
vt 0.275390625 0.8671875
vt 0.267578125 0.86328125
vt 0.275390625 0.86328125
vt 0.275390625 0.8671875
vt 0.267578125 0.8671875
vt 0.28515625 0.86328125
vt 0.287109375 0.86328125
vt 0.287109375 0.8671875
vt 0.28515625 0.8671875
vt 0.27734375 0.86328125
vt 0.28515625 0.86328125
vt 0.28515625 0.8671875
vt 0.27734375 0.8671875
vt 0.27734375 0.875
vt 0.275390625 0.875
vt 0.275390625 0.8671875
vt 0.27734375 0.8671875
vt 0.279296875 0.8671875
vt 0.27734375 0.8671875
vt 0.27734375 0.875
vt 0.279296875 0.875
vn 0 0 -1
vn 1 0 0
vn 0 0 1
vn -1 0 0
vn 0 1 0
vn 0 -1 0
usemtl m_6efbde36-fe6b-30a1-7d2b-08d2c4687efe
f 177/529/133 178/530/133 179/531/133 180/532/133
f 181/533/134 177/534/134 180/535/134 182/536/134
f 183/537/135 181/538/135 182/539/135 184/540/135
f 178/541/136 183/542/136 184/543/136 179/544/136
f 184/545/137 182/546/137 180/547/137 179/548/137
f 178/549/138 177/550/138 181/551/138 183/552/138
o cube
v -0.364988125 -0.40773250000000005 -0.375
v -0.989988125 -0.40773250000000005 -0.375
v -0.989988125 -0.34523250000000005 -0.375
v -0.364988125 -0.34523250000000005 -0.375
v -0.364988125 -0.40773250000000005 -0.125
v -0.364988125 -0.34523250000000005 -0.125
v -0.989988125 -0.40773250000000005 -0.125
v -0.989988125 -0.34523250000000005 -0.125
vt 0.21484375 0.8671875
vt 0.234375 0.8671875
vt 0.234375 0.869140625
vt 0.21484375 0.869140625
vt 0.20703125 0.8671875
vt 0.21484375 0.8671875
vt 0.21484375 0.869140625
vt 0.20703125 0.869140625
vt 0.2421875 0.8671875
vt 0.26171875 0.8671875
vt 0.26171875 0.869140625
vt 0.2421875 0.869140625
vt 0.234375 0.8671875
vt 0.2421875 0.8671875
vt 0.2421875 0.869140625
vt 0.234375 0.869140625
vt 0.234375 0.876953125
vt 0.21484375 0.876953125
vt 0.21484375 0.869140625
vt 0.234375 0.869140625
vt 0.25390625 0.869140625
vt 0.234375 0.869140625
vt 0.234375 0.876953125
vt 0.25390625 0.876953125
vn 0 0 -1
vn 1 0 0
vn 0 0 1
vn -1 0 0
vn 0 1 0
vn 0 -1 0
usemtl m_6efbde36-fe6b-30a1-7d2b-08d2c4687efe
f 185/553/139 186/554/139 187/555/139 188/556/139
f 189/557/140 185/558/140 188/559/140 190/560/140
f 191/561/141 189/562/141 190/563/141 192/564/141
f 186/565/142 191/566/142 192/567/142 187/568/142
f 192/569/143 190/570/143 188/571/143 187/572/143
f 186/573/144 185/574/144 189/575/144 191/576/144
o cube
v -0.5039750000000001 -0.40773250000000005 -0.375
v -1.066475 -0.40773250000000005 -0.375
v -1.066475 -0.34523250000000005 -0.375
v -0.5039750000000001 -0.34523250000000005 -0.375
v -0.5039750000000001 -0.40773250000000005 -0.125
v -0.5039750000000001 -0.34523250000000005 -0.125
v -1.066475 -0.40773250000000005 -0.125
v -1.066475 -0.34523250000000005 -0.125
vt 0.22265625 0.904296875
vt 0.240234375 0.904296875
vt 0.240234375 0.90625
vt 0.22265625 0.90625
vt 0.21484375 0.904296875
vt 0.22265625 0.904296875
vt 0.22265625 0.90625
vt 0.21484375 0.90625
vt 0.248046875 0.904296875
vt 0.265625 0.904296875
vt 0.265625 0.90625
vt 0.248046875 0.90625
vt 0.240234375 0.904296875
vt 0.248046875 0.904296875
vt 0.248046875 0.90625
vt 0.240234375 0.90625
vt 0.240234375 0.9140625
vt 0.22265625 0.9140625
vt 0.22265625 0.90625
vt 0.240234375 0.90625
vt 0.2578125 0.90625
vt 0.240234375 0.90625
vt 0.240234375 0.9140625
vt 0.2578125 0.9140625
vn 0 0 -1
vn 1 0 0
vn 0 0 1
vn -1 0 0
vn 0 1 0
vn 0 -1 0
usemtl m_6efbde36-fe6b-30a1-7d2b-08d2c4687efe
f 193/577/145 194/578/145 195/579/145 196/580/145
f 197/581/146 193/582/146 196/583/146 198/584/146
f 199/585/147 197/586/147 198/587/147 200/588/147
f 194/589/148 199/590/148 200/591/148 195/592/148
f 200/593/149 198/594/149 196/595/149 195/596/149
f 194/597/150 193/598/150 197/599/150 199/600/150
o cube
v -0.46573125000000004 -0.37459687500000005 -0.375
v -0.90323125 -0.37459687500000005 -0.375
v -0.90323125 -0.18709687500000005 -0.375
v -0.46573125000000004 -0.18709687500000005 -0.375
v -0.46573125000000004 -0.37459687500000005 -0.125
v -0.46573125000000004 -0.18709687500000005 -0.125
v -0.90323125 -0.37459687500000005 -0.125
v -0.90323125 -0.18709687500000005 -0.125
vt 0.052734375 0.7421875
vt 0.06640625 0.7421875
vt 0.06640625 0.748046875
vt 0.052734375 0.748046875
vt 0.044921875 0.7421875
vt 0.052734375 0.7421875
vt 0.052734375 0.748046875
vt 0.044921875 0.748046875
vt 0.07421875 0.7421875
vt 0.087890625 0.7421875
vt 0.087890625 0.748046875
vt 0.07421875 0.748046875
vt 0.06640625 0.7421875
vt 0.07421875 0.7421875
vt 0.07421875 0.748046875
vt 0.06640625 0.748046875
vt 0.06640625 0.755859375
vt 0.052734375 0.755859375
vt 0.052734375 0.748046875
vt 0.06640625 0.748046875
vt 0.080078125 0.748046875
vt 0.06640625 0.748046875
vt 0.06640625 0.755859375
vt 0.080078125 0.755859375
vn 0 0 -1
vn 1 0 0
vn 0 0 1
vn -1 0 0
vn 0 1 0
vn 0 -1 0
usemtl m_6efbde36-fe6b-30a1-7d2b-08d2c4687efe
f 201/601/151 202/602/151 203/603/151 204/604/151
f 205/605/152 201/606/152 204/607/152 206/608/152
f 207/609/153 205/610/153 206/611/153 208/612/153
f 202/613/154 207/614/154 208/615/154 203/616/154
f 208/617/155 206/618/155 204/619/155 203/620/155
f 202/621/156 201/622/156 205/623/156 207/624/156
o cube
v -0.3649881307079288 -0.3452328388032554 -0.375
v -0.41770009607123415 -0.3788140643249319 -0.375
v -0.5184437726362636 -0.22067816823501585 -0.375
v -0.46573180727295826 -0.18709694271333932 -0.375
v -0.3649881307079288 -0.3452328388032554 -0.125
v -0.46573180727295826 -0.18709694271333932 -0.125
v -0.41770009607123415 -0.3788140643249319 -0.125
v -0.5184437726362636 -0.22067816823501585 -0.125
vt 0.267578125 0.828125
vt 0.26953125 0.828125
vt 0.26953125 0.833984375
vt 0.267578125 0.833984375
vt 0.259765625 0.828125
vt 0.267578125 0.828125
vt 0.267578125 0.833984375
vt 0.259765625 0.833984375
vt 0.27734375 0.828125
vt 0.279296875 0.828125
vt 0.279296875 0.833984375
vt 0.27734375 0.833984375
vt 0.26953125 0.828125
vt 0.27734375 0.828125
vt 0.27734375 0.833984375
vt 0.26953125 0.833984375
vt 0.26953125 0.841796875
vt 0.267578125 0.841796875
vt 0.267578125 0.833984375
vt 0.26953125 0.833984375
vt 0.271484375 0.833984375
vt 0.26953125 0.833984375
vt 0.26953125 0.841796875
vt 0.271484375 0.841796875
vn 0 0 -1
vn 0.8433914458128857 0.5372996083468239 0
vn 0 0 1
vn -0.8433914458128857 -0.5372996083468239 0
vn -0.5372996083468243 0.8433914458128855 0
vn 0.5372996083468243 -0.8433914458128855 0
usemtl m_6efbde36-fe6b-30a1-7d2b-08d2c4687efe
f 209/625/157 210/626/157 211/627/157 212/628/157
f 213/629/158 209/630/158 212/631/158 214/632/158
f 215/633/159 213/634/159 214/635/159 216/636/159
f 210/637/160 215/638/160 216/639/160 211/640/160
f 216/641/161 214/642/161 212/643/161 211/644/161
f 210/645/162 209/646/162 213/647/162 215/648/162
o cube
v -0.40323125000000004 -0.37459687500000005 -0.375
v -0.84073125 -0.37459687500000005 -0.375
v -0.84073125 -0.31209687500000005 -0.375
v -0.40323125000000004 -0.31209687500000005 -0.375
v -0.40323125000000004 -0.37459687500000005 -0.125
v -0.40323125000000004 -0.31209687500000005 -0.125
v -0.84073125 -0.37459687500000005 -0.125
v -0.84073125 -0.31209687500000005 -0.125
vt 0.251953125 0.78125
vt 0.265625 0.78125
vt 0.265625 0.783203125
vt 0.251953125 0.783203125
vt 0.244140625 0.78125
vt 0.251953125 0.78125
vt 0.251953125 0.783203125
vt 0.244140625 0.783203125
vt 0.2734375 0.78125
vt 0.287109375 0.78125
vt 0.287109375 0.783203125
vt 0.2734375 0.783203125
vt 0.265625 0.78125
vt 0.2734375 0.78125
vt 0.2734375 0.783203125
vt 0.265625 0.783203125
vt 0.265625 0.791015625
vt 0.251953125 0.791015625
vt 0.251953125 0.783203125
vt 0.265625 0.783203125
vt 0.279296875 0.783203125
vt 0.265625 0.783203125
vt 0.265625 0.791015625
vt 0.279296875 0.791015625
vn 0 0 -1
vn 1 0 0
vn 0 0 1
vn -1 0 0
vn 0 1 0
vn 0 -1 0
usemtl m_6efbde36-fe6b-30a1-7d2b-08d2c4687efe
f 217/649/163 218/650/163 219/651/163 220/652/163
f 221/653/164 217/654/164 220/655/164 222/656/164
f 223/657/165 221/658/165 222/659/165 224/660/165
f 218/661/166 223/662/166 224/663/166 219/664/166
f 224/665/167 222/666/167 220/667/167 219/668/167
f 218/669/168 217/670/168 221/671/168 223/672/168
o cube
v -0.46573125000000004 -0.37459687500000005 -0.375
v -0.84073125 -0.37459687500000005 -0.375
v -0.84073125 -0.31209687500000005 -0.375
v -0.46573125000000004 -0.31209687500000005 -0.375
v -0.46573125000000004 -0.37459687500000005 -0.125
v -0.46573125000000004 -0.31209687500000005 -0.125
v -0.84073125 -0.37459687500000005 -0.125
v -0.84073125 -0.31209687500000005 -0.125
vt 0.232421875 0.734375
vt 0.244140625 0.734375
vt 0.244140625 0.736328125
vt 0.232421875 0.736328125
vt 0.224609375 0.734375
vt 0.232421875 0.734375
vt 0.232421875 0.736328125
vt 0.224609375 0.736328125
vt 0.251953125 0.734375
vt 0.263671875 0.734375
vt 0.263671875 0.736328125
vt 0.251953125 0.736328125
vt 0.244140625 0.734375
vt 0.251953125 0.734375
vt 0.251953125 0.736328125
vt 0.244140625 0.736328125
vt 0.244140625 0.744140625
vt 0.232421875 0.744140625
vt 0.232421875 0.736328125
vt 0.244140625 0.736328125
vt 0.255859375 0.736328125
vt 0.244140625 0.736328125
vt 0.244140625 0.744140625
vt 0.255859375 0.744140625
vn 0 0 -1
vn 1 0 0
vn 0 0 1
vn -1 0 0
vn 0 1 0
vn 0 -1 0
usemtl m_6efbde36-fe6b-30a1-7d2b-08d2c4687efe
f 225/673/169 226/674/169 227/675/169 228/676/169
f 229/677/170 225/678/170 228/679/170 230/680/170
f 231/681/171 229/682/171 230/683/171 232/684/171
f 226/685/172 231/686/172 232/687/172 227/688/172
f 232/689/173 230/690/173 228/691/173 227/692/173
f 226/693/174 225/694/174 229/695/174 231/696/174
o cube
v -0.3985693562296053 -0.29252087343995004 -0.375
v -0.503993286956216 -0.3596833244833031 -0.375
v -0.571155737999569 -0.2542593937566924 -0.375
v -0.46573180727295826 -0.18709694271333932 -0.375
v -0.3985693562296053 -0.29252087343995004 -0.125
v -0.46573180727295826 -0.18709694271333932 -0.125
v -0.503993286956216 -0.3596833244833031 -0.125
v -0.571155737999569 -0.2542593937566924 -0.125
vt 0.033203125 0.728515625
vt 0.037109375 0.728515625
vt 0.037109375 0.732421875
vt 0.033203125 0.732421875
vt 0.025390625 0.728515625
vt 0.033203125 0.728515625
vt 0.033203125 0.732421875
vt 0.025390625 0.732421875
vt 0.044921875 0.728515625
vt 0.048828125 0.728515625
vt 0.048828125 0.732421875
vt 0.044921875 0.732421875
vt 0.037109375 0.728515625
vt 0.044921875 0.728515625
vt 0.044921875 0.732421875
vt 0.037109375 0.732421875
vt 0.037109375 0.740234375
vt 0.033203125 0.740234375
vt 0.033203125 0.732421875
vt 0.037109375 0.732421875
vt 0.041015625 0.732421875
vt 0.037109375 0.732421875
vt 0.037109375 0.740234375
vt 0.041015625 0.740234375
vn 0 0 -1
vn 0.8433914458128858 0.5372996083468237 0
vn 0 0 1
vn -0.8433914458128858 -0.5372996083468237 0
vn -0.5372996083468243 0.8433914458128855 0
vn 0.5372996083468243 -0.8433914458128855 0
usemtl m_6efbde36-fe6b-30a1-7d2b-08d2c4687efe
f 233/697/175 234/698/175 235/699/175 236/700/175
f 237/701/176 233/702/176 236/703/176 238/704/176
f 239/705/177 237/706/177 238/707/177 240/708/177
f 234/709/178 239/710/178 240/711/178 235/712/178
f 240/713/179 238/714/179 236/715/179 235/716/179
f 234/717/180 233/718/180 237/719/180 239/720/180
o cube
v -0.3649881307079288 -0.3452328388032554 0.125
v -0.41770009607123415 -0.3788140643249319 0.125
v -0.5184437726362636 -0.22067816823501585 0.125
v -0.46573180727295826 -0.18709694271333932 0.125
v -0.3649881307079288 -0.3452328388032554 0.375
v -0.46573180727295826 -0.18709694271333932 0.375
v -0.41770009607123415 -0.3788140643249319 0.375
v -0.5184437726362636 -0.22067816823501585 0.375
vt 0.2734375 0.73046875
vt 0.275390625 0.73046875
vt 0.275390625 0.736328125
vt 0.2734375 0.736328125
vt 0.265625 0.73046875
vt 0.2734375 0.73046875
vt 0.2734375 0.736328125
vt 0.265625 0.736328125
vt 0.283203125 0.73046875
vt 0.28515625 0.73046875
vt 0.28515625 0.736328125
vt 0.283203125 0.736328125
vt 0.275390625 0.73046875
vt 0.283203125 0.73046875
vt 0.283203125 0.736328125
vt 0.275390625 0.736328125
vt 0.275390625 0.744140625
vt 0.2734375 0.744140625
vt 0.2734375 0.736328125
vt 0.275390625 0.736328125
vt 0.27734375 0.736328125
vt 0.275390625 0.736328125
vt 0.275390625 0.744140625
vt 0.27734375 0.744140625
vn 0 0 -1
vn 0.8433914458128857 0.5372996083468239 0
vn 0 0 1
vn -0.8433914458128857 -0.5372996083468239 0
vn -0.5372996083468243 0.8433914458128855 0
vn 0.5372996083468243 -0.8433914458128855 0
usemtl m_6efbde36-fe6b-30a1-7d2b-08d2c4687efe
f 241/721/181 242/722/181 243/723/181 244/724/181
f 245/725/182 241/726/182 244/727/182 246/728/182
f 247/729/183 245/730/183 246/731/183 248/732/183
f 242/733/184 247/734/184 248/735/184 243/736/184
f 248/737/185 246/738/185 244/739/185 243/740/185
f 242/741/186 241/742/186 245/743/186 247/744/186
o cube
v -0.3985693562296053 -0.29252087343995004 0.125
v -0.503993286956216 -0.3596833244833031 0.125
v -0.571155737999569 -0.2542593937566924 0.125
v -0.46573180727295826 -0.18709694271333932 0.125
v -0.3985693562296053 -0.29252087343995004 0.375
v -0.46573180727295826 -0.18709694271333932 0.375
v -0.503993286956216 -0.3596833244833031 0.375
v -0.571155737999569 -0.2542593937566924 0.375
vt 0.05859375 0.728515625
vt 0.0625 0.728515625
vt 0.0625 0.732421875
vt 0.05859375 0.732421875
vt 0.05078125 0.728515625
vt 0.05859375 0.728515625
vt 0.05859375 0.732421875
vt 0.05078125 0.732421875
vt 0.0703125 0.728515625
vt 0.07421875 0.728515625
vt 0.07421875 0.732421875
vt 0.0703125 0.732421875
vt 0.0625 0.728515625
vt 0.0703125 0.728515625
vt 0.0703125 0.732421875
vt 0.0625 0.732421875
vt 0.0625 0.740234375
vt 0.05859375 0.740234375
vt 0.05859375 0.732421875
vt 0.0625 0.732421875
vt 0.06640625 0.732421875
vt 0.0625 0.732421875
vt 0.0625 0.740234375
vt 0.06640625 0.740234375
vn 0 0 -1
vn 0.8433914458128858 0.5372996083468237 0
vn 0 0 1
vn -0.8433914458128858 -0.5372996083468237 0
vn -0.5372996083468243 0.8433914458128855 0
vn 0.5372996083468243 -0.8433914458128855 0
usemtl m_6efbde36-fe6b-30a1-7d2b-08d2c4687efe
f 249/745/187 250/746/187 251/747/187 252/748/187
f 253/749/188 249/750/188 252/751/188 254/752/188
f 255/753/189 253/754/189 254/755/189 256/756/189
f 250/757/190 255/758/190 256/759/190 251/760/190
f 256/761/191 254/762/191 252/763/191 251/764/191
f 250/765/192 249/766/192 253/767/192 255/768/192
o cube
v -0.46573125000000004 -0.37459687500000005 0.125
v -0.90323125 -0.37459687500000005 0.125
v -0.90323125 -0.18709687500000005 0.125
v -0.46573125000000004 -0.18709687500000005 0.125
v -0.46573125000000004 -0.37459687500000005 0.375
v -0.46573125000000004 -0.18709687500000005 0.375
v -0.90323125 -0.37459687500000005 0.375
v -0.90323125 -0.18709687500000005 0.375
vt 0.09765625 0.7421875
vt 0.111328125 0.7421875
vt 0.111328125 0.748046875
vt 0.09765625 0.748046875
vt 0.08984375 0.7421875
vt 0.09765625 0.7421875
vt 0.09765625 0.748046875
vt 0.08984375 0.748046875
vt 0.119140625 0.7421875
vt 0.1328125 0.7421875
vt 0.1328125 0.748046875
vt 0.119140625 0.748046875
vt 0.111328125 0.7421875
vt 0.119140625 0.7421875
vt 0.119140625 0.748046875
vt 0.111328125 0.748046875
vt 0.111328125 0.755859375
vt 0.09765625 0.755859375
vt 0.09765625 0.748046875
vt 0.111328125 0.748046875
vt 0.125 0.748046875
vt 0.111328125 0.748046875
vt 0.111328125 0.755859375
vt 0.125 0.755859375
vn 0 0 -1
vn 1 0 0
vn 0 0 1
vn -1 0 0
vn 0 1 0
vn 0 -1 0
usemtl m_6efbde36-fe6b-30a1-7d2b-08d2c4687efe
f 257/769/193 258/770/193 259/771/193 260/772/193
f 261/773/194 257/774/194 260/775/194 262/776/194
f 263/777/195 261/778/195 262/779/195 264/780/195
f 258/781/196 263/782/196 264/783/196 259/784/196
f 264/785/197 262/786/197 260/787/197 259/788/197
f 258/789/198 257/790/198 261/791/198 263/792/198
o cube
v -0.90323125 -0.37459687500000005 0.125
v -0.96573125 -0.37459687500000005 0.125
v -0.96573125 -0.18709687500000005 0.125
v -0.90323125 -0.18709687500000005 0.125
v -0.90323125 -0.37459687500000005 0.375
v -0.90323125 -0.18709687500000005 0.375
v -0.96573125 -0.37459687500000005 0.375
v -0.96573125 -0.18709687500000005 0.375
vt 0.271484375 0.876953125
vt 0.2734375 0.876953125
vt 0.2734375 0.8828125
vt 0.271484375 0.8828125
vt 0.263671875 0.876953125
vt 0.271484375 0.876953125
vt 0.271484375 0.8828125
vt 0.263671875 0.8828125
vt 0.28125 0.876953125
vt 0.283203125 0.876953125
vt 0.283203125 0.8828125
vt 0.28125 0.8828125
vt 0.2734375 0.876953125
vt 0.28125 0.876953125
vt 0.28125 0.8828125
vt 0.2734375 0.8828125
vt 0.2734375 0.890625
vt 0.271484375 0.890625
vt 0.271484375 0.8828125
vt 0.2734375 0.8828125
vt 0.275390625 0.8828125
vt 0.2734375 0.8828125
vt 0.2734375 0.890625
vt 0.275390625 0.890625
vn 0 0 -1
vn 1 0 0
vn 0 0 1
vn -1 0 0
vn 0 1 0
vn 0 -1 0
usemtl m_6efbde36-fe6b-30a1-7d2b-08d2c4687efe
f 265/793/199 266/794/199 267/795/199 268/796/199
f 269/797/200 265/798/200 268/799/200 270/800/200
f 271/801/201 269/802/201 270/803/201 272/804/201
f 266/805/202 271/806/202 272/807/202 267/808/202
f 272/809/203 270/810/203 268/811/203 267/812/203
f 266/813/204 265/814/204 269/815/204 271/816/204
o cube
v -1.0137634130113997 -0.3788140512830197 0.125
v -1.0664753783747052 -0.3452328257613432 0.125
v -0.9657317018096756 -0.1870969296714271 0.125
v -0.9130197364463704 -0.22067815519310363 0.125
v -1.0137634130113997 -0.3788140512830197 0.375
v -0.9130197364463704 -0.22067815519310363 0.375
v -1.0664753783747052 -0.3452328257613432 0.375
v -0.9657317018096756 -0.1870969296714271 0.375
vt 0.1953125 0.7265625
vt 0.197265625 0.7265625
vt 0.197265625 0.732421875
vt 0.1953125 0.732421875
vt 0.1875 0.7265625
vt 0.1953125 0.7265625
vt 0.1953125 0.732421875
vt 0.1875 0.732421875
vt 0.205078125 0.7265625
vt 0.20703125 0.7265625
vt 0.20703125 0.732421875
vt 0.205078125 0.732421875
vt 0.197265625 0.7265625
vt 0.205078125 0.7265625
vt 0.205078125 0.732421875
vt 0.197265625 0.732421875
vt 0.197265625 0.740234375
vt 0.1953125 0.740234375
vt 0.1953125 0.732421875
vt 0.197265625 0.732421875
vt 0.19921875 0.732421875
vt 0.197265625 0.732421875
vt 0.197265625 0.740234375
vt 0.19921875 0.740234375
vn 0 0 -1
vn 0.8433914458128859 -0.5372996083468234 0
vn 0 0 1
vn -0.8433914458128856 0.5372996083468243 0
vn 0.5372996083468251 0.8433914458128849 0
vn -0.5372996083468234 -0.843391445812886 0
usemtl m_6efbde36-fe6b-30a1-7d2b-08d2c4687efe
f 273/817/205 274/818/205 275/819/205 276/820/205
f 277/821/206 273/822/206 276/823/206 278/824/206
f 279/825/207 277/826/207 278/827/207 280/828/207
f 274/829/208 279/830/208 280/831/208 275/832/208
f 280/833/209 278/834/209 276/835/209 275/836/209
f 274/837/210 273/838/210 277/839/210 279/840/210
o cube
v -0.364988125 -0.40773250000000005 0.125
v -0.989988125 -0.40773250000000005 0.125
v -0.989988125 -0.34523250000000005 0.125
v -0.364988125 -0.34523250000000005 0.125
v -0.364988125 -0.40773250000000005 0.375
v -0.364988125 -0.34523250000000005 0.375
v -0.989988125 -0.40773250000000005 0.375
v -0.989988125 -0.34523250000000005 0.375
vt 0.083984375 0.77734375
vt 0.103515625 0.77734375
vt 0.103515625 0.779296875
vt 0.083984375 0.779296875
vt 0.076171875 0.77734375
vt 0.083984375 0.77734375
vt 0.083984375 0.779296875
vt 0.076171875 0.779296875
vt 0.111328125 0.77734375
vt 0.130859375 0.77734375
vt 0.130859375 0.779296875
vt 0.111328125 0.779296875
vt 0.103515625 0.77734375
vt 0.111328125 0.77734375
vt 0.111328125 0.779296875
vt 0.103515625 0.779296875
vt 0.103515625 0.787109375
vt 0.083984375 0.787109375
vt 0.083984375 0.779296875
vt 0.103515625 0.779296875
vt 0.123046875 0.779296875
vt 0.103515625 0.779296875
vt 0.103515625 0.787109375
vt 0.123046875 0.787109375
vn 0 0 -1
vn 1 0 0
vn 0 0 1
vn -1 0 0
vn 0 1 0
vn 0 -1 0
usemtl m_6efbde36-fe6b-30a1-7d2b-08d2c4687efe
f 281/841/211 282/842/211 283/843/211 284/844/211
f 285/845/212 281/846/212 284/847/212 286/848/212
f 287/849/213 285/850/213 286/851/213 288/852/213
f 282/853/214 287/854/214 288/855/214 283/856/214
f 288/857/215 286/858/215 284/859/215 283/860/215
f 282/861/216 281/862/216 285/863/216 287/864/216
o cube
v -0.9414750000000001 -0.40773250000000005 0.125
v -1.003975 -0.40773250000000005 0.125
v -1.003975 -0.28273250000000005 0.125
v -0.9414750000000001 -0.28273250000000005 0.125
v -0.9414750000000001 -0.40773250000000005 0.375
v -0.9414750000000001 -0.28273250000000005 0.375
v -1.003975 -0.40773250000000005 0.375
v -1.003975 -0.28273250000000005 0.375
vt 0.216796875 0.720703125
vt 0.21875 0.720703125
vt 0.21875 0.724609375
vt 0.216796875 0.724609375
vt 0.208984375 0.720703125
vt 0.216796875 0.720703125
vt 0.216796875 0.724609375
vt 0.208984375 0.724609375
vt 0.2265625 0.720703125
vt 0.228515625 0.720703125
vt 0.228515625 0.724609375
vt 0.2265625 0.724609375
vt 0.21875 0.720703125
vt 0.2265625 0.720703125
vt 0.2265625 0.724609375
vt 0.21875 0.724609375
vt 0.21875 0.732421875
vt 0.216796875 0.732421875
vt 0.216796875 0.724609375
vt 0.21875 0.724609375
vt 0.220703125 0.724609375
vt 0.21875 0.724609375
vt 0.21875 0.732421875
vt 0.220703125 0.732421875
vn 0 0 -1
vn 1 0 0
vn 0 0 1
vn -1 0 0
vn 0 1 0
vn 0 -1 0
usemtl m_6efbde36-fe6b-30a1-7d2b-08d2c4687efe
f 289/865/217 290/866/217 291/867/217 292/868/217
f 293/869/218 289/870/218 292/871/218 294/872/218
f 295/873/219 293/874/219 294/875/219 296/876/219
f 290/877/220 295/878/220 296/879/220 291/880/220
f 296/881/221 294/882/221 292/883/221 291/884/221
f 290/885/222 289/886/222 293/887/222 295/888/222
o cube
v -0.5039750000000001 -0.40773250000000005 0.125
v -1.066475 -0.40773250000000005 0.125
v -1.066475 -0.34523250000000005 0.125
v -0.5039750000000001 -0.34523250000000005 0.125
v -0.5039750000000001 -0.40773250000000005 0.375
v -0.5039750000000001 -0.34523250000000005 0.375
v -1.066475 -0.40773250000000005 0.375
v -1.066475 -0.34523250000000005 0.375
vt 0.22265625 0.892578125
vt 0.240234375 0.892578125
vt 0.240234375 0.89453125
vt 0.22265625 0.89453125
vt 0.21484375 0.892578125
vt 0.22265625 0.892578125
vt 0.22265625 0.89453125
vt 0.21484375 0.89453125
vt 0.248046875 0.892578125
vt 0.265625 0.892578125
vt 0.265625 0.89453125
vt 0.248046875 0.89453125
vt 0.240234375 0.892578125
vt 0.248046875 0.892578125
vt 0.248046875 0.89453125
vt 0.240234375 0.89453125
vt 0.240234375 0.90234375
vt 0.22265625 0.90234375
vt 0.22265625 0.89453125
vt 0.240234375 0.89453125
vt 0.2578125 0.89453125
vt 0.240234375 0.89453125
vt 0.240234375 0.90234375
vt 0.2578125 0.90234375
vn 0 0 -1
vn 1 0 0
vn 0 0 1
vn -1 0 0
vn 0 1 0
vn 0 -1 0
usemtl m_6efbde36-fe6b-30a1-7d2b-08d2c4687efe
f 297/889/223 298/890/223 299/891/223 300/892/223
f 301/893/224 297/894/224 300/895/224 302/896/224
f 303/897/225 301/898/225 302/899/225 304/900/225
f 298/901/226 303/902/226 304/903/226 299/904/226
f 304/905/227 302/906/227 300/907/227 299/908/227
f 298/909/228 297/910/228 301/911/228 303/912/228
o cube
v -0.40323125000000004 -0.37459687500000005 0.125
v -0.84073125 -0.37459687500000005 0.125
v -0.84073125 -0.31209687500000005 0.125
v -0.40323125000000004 -0.31209687500000005 0.125
v -0.40323125000000004 -0.37459687500000005 0.375
v -0.40323125000000004 -0.31209687500000005 0.375
v -0.84073125 -0.37459687500000005 0.375
v -0.84073125 -0.31209687500000005 0.375
vt 0.1875 0.7421875
vt 0.201171875 0.7421875
vt 0.201171875 0.744140625
vt 0.1875 0.744140625
vt 0.1796875 0.7421875
vt 0.1875 0.7421875
vt 0.1875 0.744140625
vt 0.1796875 0.744140625
vt 0.208984375 0.7421875
vt 0.22265625 0.7421875
vt 0.22265625 0.744140625
vt 0.208984375 0.744140625
vt 0.201171875 0.7421875
vt 0.208984375 0.7421875
vt 0.208984375 0.744140625
vt 0.201171875 0.744140625
vt 0.201171875 0.751953125
vt 0.1875 0.751953125
vt 0.1875 0.744140625
vt 0.201171875 0.744140625
vt 0.21484375 0.744140625
vt 0.201171875 0.744140625
vt 0.201171875 0.751953125
vt 0.21484375 0.751953125
vn 0 0 -1
vn 1 0 0
vn 0 0 1
vn -1 0 0
vn 0 1 0
vn 0 -1 0
usemtl m_6efbde36-fe6b-30a1-7d2b-08d2c4687efe
f 305/913/229 306/914/229 307/915/229 308/916/229
f 309/917/230 305/918/230 308/919/230 310/920/230
f 311/921/231 309/922/231 310/923/231 312/924/231
f 306/925/232 311/926/232 312/927/232 307/928/232
f 312/929/233 310/930/233 308/931/233 307/932/233
f 306/933/234 305/934/234 309/935/234 311/936/234
o cube
v 0.84073125 -0.37459687500000005 0.125
v 0.40323125000000004 -0.37459687500000005 0.125
v 0.40323125000000004 -0.31209687500000005 0.125
v 0.84073125 -0.31209687500000005 0.125
v 0.84073125 -0.37459687500000005 0.375
v 0.84073125 -0.31209687500000005 0.375
v 0.40323125000000004 -0.37459687500000005 0.375
v 0.40323125000000004 -0.31209687500000005 0.375
vt 0.259765625 0.81640625
vt 0.2734375 0.81640625
vt 0.2734375 0.818359375
vt 0.259765625 0.818359375
vt 0.251953125 0.81640625
vt 0.259765625 0.81640625
vt 0.259765625 0.818359375
vt 0.251953125 0.818359375
vt 0.28125 0.81640625
vt 0.294921875 0.81640625
vt 0.294921875 0.818359375
vt 0.28125 0.818359375
vt 0.2734375 0.81640625
vt 0.28125 0.81640625
vt 0.28125 0.818359375
vt 0.2734375 0.818359375
vt 0.2734375 0.826171875
vt 0.259765625 0.826171875
vt 0.259765625 0.818359375
vt 0.2734375 0.818359375
vt 0.287109375 0.818359375
vt 0.2734375 0.818359375
vt 0.2734375 0.826171875
vt 0.287109375 0.826171875
vn 0 0 -1
vn 1 0 0
vn 0 0 1
vn -1 0 0
vn 0 1 0
vn 0 -1 0
usemtl m_6efbde36-fe6b-30a1-7d2b-08d2c4687efe
f 313/937/235 314/938/235 315/939/235 316/940/235
f 317/941/236 313/942/236 316/943/236 318/944/236
f 319/945/237 317/946/237 318/947/237 320/948/237
f 314/949/238 319/950/238 320/951/238 315/952/238
f 320/953/239 318/954/239 316/955/239 315/956/239
f 314/957/240 313/958/240 317/959/240 319/960/240
o cube
v 1.0664753783747052 -0.3452328257613432 0.125
v 1.0137634130113997 -0.3788140512830197 0.125
v 0.9130197364463704 -0.22067815519310363 0.125
v 0.9657317018096756 -0.1870969296714271 0.125
v 1.0664753783747052 -0.3452328257613432 0.375
v 0.9657317018096756 -0.1870969296714271 0.375
v 1.0137634130113997 -0.3788140512830197 0.375
v 0.9130197364463704 -0.22067815519310363 0.375
vt 0.275390625 0.912109375
vt 0.27734375 0.912109375
vt 0.27734375 0.91796875
vt 0.275390625 0.91796875
vt 0.267578125 0.912109375
vt 0.275390625 0.912109375
vt 0.275390625 0.91796875
vt 0.267578125 0.91796875
vt 0.28515625 0.912109375
vt 0.287109375 0.912109375
vt 0.287109375 0.91796875
vt 0.28515625 0.91796875
vt 0.27734375 0.912109375
vt 0.28515625 0.912109375
vt 0.28515625 0.91796875
vt 0.27734375 0.91796875
vt 0.27734375 0.92578125
vt 0.275390625 0.92578125
vt 0.275390625 0.91796875
vt 0.27734375 0.91796875
vt 0.279296875 0.91796875
vt 0.27734375 0.91796875
vt 0.27734375 0.92578125
vt 0.279296875 0.92578125
vn 0 0 -1
vn 0.8433914458128856 0.5372996083468243 0
vn 0 0 1
vn -0.8433914458128859 -0.5372996083468234 0
vn -0.5372996083468251 0.8433914458128849 0
vn 0.5372996083468234 -0.843391445812886 0
usemtl m_6efbde36-fe6b-30a1-7d2b-08d2c4687efe
f 321/961/241 322/962/241 323/963/241 324/964/241
f 325/965/242 321/966/242 324/967/242 326/968/242
f 327/969/243 325/970/243 326/971/243 328/972/243
f 322/973/244 327/974/244 328/975/244 323/976/244
f 328/977/245 326/978/245 324/979/245 323/980/245
f 322/981/246 321/982/246 325/983/246 327/984/246
o cube
v 0.96573125 -0.37459687500000005 0.125
v 0.90323125 -0.37459687500000005 0.125
v 0.90323125 -0.18709687500000005 0.125
v 0.96573125 -0.18709687500000005 0.125
v 0.96573125 -0.37459687500000005 0.375
v 0.96573125 -0.18709687500000005 0.375
v 0.90323125 -0.37459687500000005 0.375
v 0.90323125 -0.18709687500000005 0.375
vt 0.275390625 0.939453125
vt 0.27734375 0.939453125
vt 0.27734375 0.9453125
vt 0.275390625 0.9453125
vt 0.267578125 0.939453125
vt 0.275390625 0.939453125
vt 0.275390625 0.9453125
vt 0.267578125 0.9453125
vt 0.28515625 0.939453125
vt 0.287109375 0.939453125
vt 0.287109375 0.9453125
vt 0.28515625 0.9453125
vt 0.27734375 0.939453125
vt 0.28515625 0.939453125
vt 0.28515625 0.9453125
vt 0.27734375 0.9453125
vt 0.27734375 0.953125
vt 0.275390625 0.953125
vt 0.275390625 0.9453125
vt 0.27734375 0.9453125
vt 0.279296875 0.9453125
vt 0.27734375 0.9453125
vt 0.27734375 0.953125
vt 0.279296875 0.953125
vn 0 0 -1
vn 1 0 0
vn 0 0 1
vn -1 0 0
vn 0 1 0
vn 0 -1 0
usemtl m_6efbde36-fe6b-30a1-7d2b-08d2c4687efe
f 329/985/247 330/986/247 331/987/247 332/988/247
f 333/989/248 329/990/248 332/991/248 334/992/248
f 335/993/249 333/994/249 334/995/249 336/996/249
f 330/997/250 335/998/250 336/999/250 331/1000/250
f 336/1001/251 334/1002/251 332/1003/251 331/1004/251
f 330/1005/252 329/1006/252 333/1007/252 335/1008/252
o cube
v 0.90323125 -0.37459687500000005 0.125
v 0.46573125000000004 -0.37459687500000005 0.125
v 0.46573125000000004 -0.18709687500000005 0.125
v 0.90323125 -0.18709687500000005 0.125
v 0.90323125 -0.37459687500000005 0.375
v 0.90323125 -0.18709687500000005 0.375
v 0.46573125000000004 -0.37459687500000005 0.375
v 0.46573125000000004 -0.18709687500000005 0.375
vt 0.142578125 0.7421875
vt 0.15625 0.7421875
vt 0.15625 0.748046875
vt 0.142578125 0.748046875
vt 0.134765625 0.7421875
vt 0.142578125 0.7421875
vt 0.142578125 0.748046875
vt 0.134765625 0.748046875
vt 0.1640625 0.7421875
vt 0.177734375 0.7421875
vt 0.177734375 0.748046875
vt 0.1640625 0.748046875
vt 0.15625 0.7421875
vt 0.1640625 0.7421875
vt 0.1640625 0.748046875
vt 0.15625 0.748046875
vt 0.15625 0.755859375
vt 0.142578125 0.755859375
vt 0.142578125 0.748046875
vt 0.15625 0.748046875
vt 0.169921875 0.748046875
vt 0.15625 0.748046875
vt 0.15625 0.755859375
vt 0.169921875 0.755859375
vn 0 0 -1
vn 1 0 0
vn 0 0 1
vn -1 0 0
vn 0 1 0
vn 0 -1 0
usemtl m_6efbde36-fe6b-30a1-7d2b-08d2c4687efe
f 337/1009/253 338/1010/253 339/1011/253 340/1012/253
f 341/1013/254 337/1014/254 340/1015/254 342/1016/254
f 343/1017/255 341/1018/255 342/1019/255 344/1020/255
f 338/1021/256 343/1022/256 344/1023/256 339/1024/256
f 344/1025/257 342/1026/257 340/1027/257 339/1028/257
f 338/1029/258 337/1030/258 341/1031/258 343/1032/258
o cube
v 0.503993286956216 -0.3596833244833031 0.125
v 0.3985693562296053 -0.29252087343995004 0.125
v 0.46573180727295826 -0.18709694271333932 0.125
v 0.571155737999569 -0.2542593937566924 0.125
v 0.503993286956216 -0.3596833244833031 0.375
v 0.571155737999569 -0.2542593937566924 0.375
v 0.3985693562296053 -0.29252087343995004 0.375
v 0.46573180727295826 -0.18709694271333932 0.375
vt 0.083984375 0.728515625
vt 0.087890625 0.728515625
vt 0.087890625 0.732421875
vt 0.083984375 0.732421875
vt 0.076171875 0.728515625
vt 0.083984375 0.728515625
vt 0.083984375 0.732421875
vt 0.076171875 0.732421875
vt 0.095703125 0.728515625
vt 0.099609375 0.728515625
vt 0.099609375 0.732421875
vt 0.095703125 0.732421875
vt 0.087890625 0.728515625
vt 0.095703125 0.728515625
vt 0.095703125 0.732421875
vt 0.087890625 0.732421875
vt 0.087890625 0.740234375
vt 0.083984375 0.740234375
vt 0.083984375 0.732421875
vt 0.087890625 0.732421875
vt 0.091796875 0.732421875
vt 0.087890625 0.732421875
vt 0.087890625 0.740234375
vt 0.091796875 0.740234375
vn 0 0 -1
vn 0.8433914458128858 -0.5372996083468237 0
vn 0 0 1
vn -0.8433914458128858 0.5372996083468237 0
vn 0.5372996083468243 0.8433914458128855 0
vn -0.5372996083468243 -0.8433914458128855 0
usemtl m_6efbde36-fe6b-30a1-7d2b-08d2c4687efe
f 345/1033/259 346/1034/259 347/1035/259 348/1036/259
f 349/1037/260 345/1038/260 348/1039/260 350/1040/260
f 351/1041/261 349/1042/261 350/1043/261 352/1044/261
f 346/1045/262 351/1046/262 352/1047/262 347/1048/262
f 352/1049/263 350/1050/263 348/1051/263 347/1052/263
f 346/1053/264 345/1054/264 349/1055/264 351/1056/264
o cube
v 0.41770009607123415 -0.3788140643249319 0.125
v 0.3649881307079288 -0.3452328388032554 0.125
v 0.46573180727295826 -0.18709694271333932 0.125
v 0.5184437726362636 -0.22067816823501585 0.125
v 0.41770009607123415 -0.3788140643249319 0.375
v 0.5184437726362636 -0.22067816823501585 0.375
v 0.3649881307079288 -0.3452328388032554 0.375
v 0.46573180727295826 -0.18709694271333932 0.375
vt 0.275390625 0.955078125
vt 0.27734375 0.955078125
vt 0.27734375 0.9609375
vt 0.275390625 0.9609375
vt 0.267578125 0.955078125
vt 0.275390625 0.955078125
vt 0.275390625 0.9609375
vt 0.267578125 0.9609375
vt 0.28515625 0.955078125
vt 0.287109375 0.955078125
vt 0.287109375 0.9609375
vt 0.28515625 0.9609375
vt 0.27734375 0.955078125
vt 0.28515625 0.955078125
vt 0.28515625 0.9609375
vt 0.27734375 0.9609375
vt 0.27734375 0.96875
vt 0.275390625 0.96875
vt 0.275390625 0.9609375
vt 0.27734375 0.9609375
vt 0.279296875 0.9609375
vt 0.27734375 0.9609375
vt 0.27734375 0.96875
vt 0.279296875 0.96875
vn 0 0 -1
vn 0.8433914458128857 -0.5372996083468239 0
vn 0 0 1
vn -0.8433914458128857 0.5372996083468239 0
vn 0.5372996083468243 0.8433914458128855 0
vn -0.5372996083468243 -0.8433914458128855 0
usemtl m_6efbde36-fe6b-30a1-7d2b-08d2c4687efe
f 353/1057/265 354/1058/265 355/1059/265 356/1060/265
f 357/1061/266 353/1062/266 356/1063/266 358/1064/266
f 359/1065/267 357/1066/267 358/1067/267 360/1068/267
f 354/1069/268 359/1070/268 360/1071/268 355/1072/268
f 360/1073/269 358/1074/269 356/1075/269 355/1076/269
f 354/1077/270 353/1078/270 357/1079/270 359/1080/270
o cube
v 0.989988125 -0.40773250000000005 0.125
v 0.364988125 -0.40773250000000005 0.125
v 0.364988125 -0.34523250000000005 0.125
v 0.989988125 -0.34523250000000005 0.125
v 0.989988125 -0.40773250000000005 0.375
v 0.989988125 -0.34523250000000005 0.375
v 0.364988125 -0.40773250000000005 0.375
v 0.364988125 -0.34523250000000005 0.375
vt 0.22265625 0.927734375
vt 0.2421875 0.927734375
vt 0.2421875 0.9296875
vt 0.22265625 0.9296875
vt 0.21484375 0.927734375
vt 0.22265625 0.927734375
vt 0.22265625 0.9296875
vt 0.21484375 0.9296875
vt 0.25 0.927734375
vt 0.26953125 0.927734375
vt 0.26953125 0.9296875
vt 0.25 0.9296875
vt 0.2421875 0.927734375
vt 0.25 0.927734375
vt 0.25 0.9296875
vt 0.2421875 0.9296875
vt 0.2421875 0.9375
vt 0.22265625 0.9375
vt 0.22265625 0.9296875
vt 0.2421875 0.9296875
vt 0.26171875 0.9296875
vt 0.2421875 0.9296875
vt 0.2421875 0.9375
vt 0.26171875 0.9375
vn 0 0 -1
vn 1 0 0
vn 0 0 1
vn -1 0 0
vn 0 1 0
vn 0 -1 0
usemtl m_6efbde36-fe6b-30a1-7d2b-08d2c4687efe
f 361/1081/271 362/1082/271 363/1083/271 364/1084/271
f 365/1085/272 361/1086/272 364/1087/272 366/1088/272
f 367/1089/273 365/1090/273 366/1091/273 368/1092/273
f 362/1093/274 367/1094/274 368/1095/274 363/1096/274
f 368/1097/275 366/1098/275 364/1099/275 363/1100/275
f 362/1101/276 361/1102/276 365/1103/276 367/1104/276
o cube
v 1.003975 -0.40773250000000005 0.125
v 0.9414750000000001 -0.40773250000000005 0.125
v 0.9414750000000001 -0.28273250000000005 0.125
v 1.003975 -0.28273250000000005 0.125
v 1.003975 -0.40773250000000005 0.375
v 1.003975 -0.28273250000000005 0.375
v 0.9414750000000001 -0.40773250000000005 0.375
v 0.9414750000000001 -0.28273250000000005 0.375
vt 0.23828125 0.720703125
vt 0.240234375 0.720703125
vt 0.240234375 0.724609375
vt 0.23828125 0.724609375
vt 0.23046875 0.720703125
vt 0.23828125 0.720703125
vt 0.23828125 0.724609375
vt 0.23046875 0.724609375
vt 0.248046875 0.720703125
vt 0.25 0.720703125
vt 0.25 0.724609375
vt 0.248046875 0.724609375
vt 0.240234375 0.720703125
vt 0.248046875 0.720703125
vt 0.248046875 0.724609375
vt 0.240234375 0.724609375
vt 0.240234375 0.732421875
vt 0.23828125 0.732421875
vt 0.23828125 0.724609375
vt 0.240234375 0.724609375
vt 0.2421875 0.724609375
vt 0.240234375 0.724609375
vt 0.240234375 0.732421875
vt 0.2421875 0.732421875
vn 0 0 -1
vn 1 0 0
vn 0 0 1
vn -1 0 0
vn 0 1 0
vn 0 -1 0
usemtl m_6efbde36-fe6b-30a1-7d2b-08d2c4687efe
f 369/1105/277 370/1106/277 371/1107/277 372/1108/277
f 373/1109/278 369/1110/278 372/1111/278 374/1112/278
f 375/1113/279 373/1114/279 374/1115/279 376/1116/279
f 370/1117/280 375/1118/280 376/1119/280 371/1120/280
f 376/1121/281 374/1122/281 372/1123/281 371/1124/281
f 370/1125/282 369/1126/282 373/1127/282 375/1128/282
o cube
v 1.066475 -0.40773250000000005 0.125
v 0.5039750000000001 -0.40773250000000005 0.125
v 0.5039750000000001 -0.34523250000000005 0.125
v 1.066475 -0.34523250000000005 0.125
v 1.066475 -0.40773250000000005 0.375
v 1.066475 -0.34523250000000005 0.375
v 0.5039750000000001 -0.40773250000000005 0.375
v 0.5039750000000001 -0.34523250000000005 0.375
vt 0.083984375 0.765625
vt 0.1015625 0.765625
vt 0.1015625 0.767578125
vt 0.083984375 0.767578125
vt 0.076171875 0.765625
vt 0.083984375 0.765625
vt 0.083984375 0.767578125
vt 0.076171875 0.767578125
vt 0.109375 0.765625
vt 0.126953125 0.765625
vt 0.126953125 0.767578125
vt 0.109375 0.767578125
vt 0.1015625 0.765625
vt 0.109375 0.765625
vt 0.109375 0.767578125
vt 0.1015625 0.767578125
vt 0.1015625 0.775390625
vt 0.083984375 0.775390625
vt 0.083984375 0.767578125
vt 0.1015625 0.767578125
vt 0.119140625 0.767578125
vt 0.1015625 0.767578125
vt 0.1015625 0.775390625
vt 0.119140625 0.775390625
vn 0 0 -1
vn 1 0 0
vn 0 0 1
vn -1 0 0
vn 0 1 0
vn 0 -1 0
usemtl m_6efbde36-fe6b-30a1-7d2b-08d2c4687efe
f 377/1129/283 378/1130/283 379/1131/283 380/1132/283
f 381/1133/284 377/1134/284 380/1135/284 382/1136/284
f 383/1137/285 381/1138/285 382/1139/285 384/1140/285
f 378/1141/286 383/1142/286 384/1143/286 379/1144/286
f 384/1145/287 382/1146/287 380/1147/287 379/1148/287
f 378/1149/288 377/1150/288 381/1151/288 383/1152/288
o cube
v 0.84073125 -0.37459687500000005 -0.375
v 0.40323125000000004 -0.37459687500000005 -0.375
v 0.40323125000000004 -0.31209687500000005 -0.375
v 0.84073125 -0.31209687500000005 -0.375
v 0.84073125 -0.37459687500000005 -0.125
v 0.84073125 -0.31209687500000005 -0.125
v 0.40323125000000004 -0.37459687500000005 -0.125
v 0.40323125000000004 -0.31209687500000005 -0.125
vt 0.240234375 0.74609375
vt 0.25390625 0.74609375
vt 0.25390625 0.748046875
vt 0.240234375 0.748046875
vt 0.232421875 0.74609375
vt 0.240234375 0.74609375
vt 0.240234375 0.748046875
vt 0.232421875 0.748046875
vt 0.26171875 0.74609375
vt 0.275390625 0.74609375
vt 0.275390625 0.748046875
vt 0.26171875 0.748046875
vt 0.25390625 0.74609375
vt 0.26171875 0.74609375
vt 0.26171875 0.748046875
vt 0.25390625 0.748046875
vt 0.25390625 0.755859375
vt 0.240234375 0.755859375
vt 0.240234375 0.748046875
vt 0.25390625 0.748046875
vt 0.267578125 0.748046875
vt 0.25390625 0.748046875
vt 0.25390625 0.755859375
vt 0.267578125 0.755859375
vn 0 0 -1
vn 1 0 0
vn 0 0 1
vn -1 0 0
vn 0 1 0
vn 0 -1 0
usemtl m_6efbde36-fe6b-30a1-7d2b-08d2c4687efe
f 385/1153/289 386/1154/289 387/1155/289 388/1156/289
f 389/1157/290 385/1158/290 388/1159/290 390/1160/290
f 391/1161/291 389/1162/291 390/1163/291 392/1164/291
f 386/1165/292 391/1166/292 392/1167/292 387/1168/292
f 392/1169/293 390/1170/293 388/1171/293 387/1172/293
f 386/1173/294 385/1174/294 389/1175/294 391/1176/294
o cube
v 0.84073125 -0.37459687500000005 -0.375
v 0.46573125000000004 -0.37459687500000005 -0.375
v 0.46573125000000004 -0.31209687500000005 -0.375
v 0.84073125 -0.31209687500000005 -0.375
v 0.84073125 -0.37459687500000005 -0.125
v 0.84073125 -0.31209687500000005 -0.125
v 0.46573125000000004 -0.37459687500000005 -0.125
v 0.46573125000000004 -0.31209687500000005 -0.125
vt 0.259765625 0.8046875
vt 0.271484375 0.8046875
vt 0.271484375 0.806640625
vt 0.259765625 0.806640625
vt 0.251953125 0.8046875
vt 0.259765625 0.8046875
vt 0.259765625 0.806640625
vt 0.251953125 0.806640625
vt 0.279296875 0.8046875
vt 0.291015625 0.8046875
vt 0.291015625 0.806640625
vt 0.279296875 0.806640625
vt 0.271484375 0.8046875
vt 0.279296875 0.8046875
vt 0.279296875 0.806640625
vt 0.271484375 0.806640625
vt 0.271484375 0.814453125
vt 0.259765625 0.814453125
vt 0.259765625 0.806640625
vt 0.271484375 0.806640625
vt 0.283203125 0.806640625
vt 0.271484375 0.806640625
vt 0.271484375 0.814453125
vt 0.283203125 0.814453125
vn 0 0 -1
vn 1 0 0
vn 0 0 1
vn -1 0 0
vn 0 1 0
vn 0 -1 0
usemtl m_6efbde36-fe6b-30a1-7d2b-08d2c4687efe
f 393/1177/295 394/1178/295 395/1179/295 396/1180/295
f 397/1181/296 393/1182/296 396/1183/296 398/1184/296
f 399/1185/297 397/1186/297 398/1187/297 400/1188/297
f 394/1189/298 399/1190/298 400/1191/298 395/1192/298
f 400/1193/299 398/1194/299 396/1195/299 395/1196/299
f 394/1197/300 393/1198/300 397/1199/300 399/1200/300
o cube
v 0.945295625 -0.38368 -0.375
v 0.507795625 -0.38368 -0.375
v 0.507795625 -0.32118 -0.375
v 0.945295625 -0.32118 -0.375
v 0.945295625 -0.38368 -0.125
v 0.945295625 -0.32118 -0.125
v 0.507795625 -0.38368 -0.125
v 0.507795625 -0.32118 -0.125
vt 0.251953125 0.76953125
vt 0.265625 0.76953125
vt 0.265625 0.771484375
vt 0.251953125 0.771484375
vt 0.244140625 0.76953125
vt 0.251953125 0.76953125
vt 0.251953125 0.771484375
vt 0.244140625 0.771484375
vt 0.2734375 0.76953125
vt 0.287109375 0.76953125
vt 0.287109375 0.771484375
vt 0.2734375 0.771484375
vt 0.265625 0.76953125
vt 0.2734375 0.76953125
vt 0.2734375 0.771484375
vt 0.265625 0.771484375
vt 0.265625 0.779296875
vt 0.251953125 0.779296875
vt 0.251953125 0.771484375
vt 0.265625 0.771484375
vt 0.279296875 0.771484375
vt 0.265625 0.771484375
vt 0.265625 0.779296875
vt 0.279296875 0.779296875
vn 0 0 -1
vn 1 0 0
vn 0 0 1
vn -1 0 0
vn 0 1 0
vn 0 -1 0
usemtl m_6efbde36-fe6b-30a1-7d2b-08d2c4687efe
f 401/1201/301 402/1202/301 403/1203/301 404/1204/301
f 405/1205/302 401/1206/302 404/1207/302 406/1208/302
f 407/1209/303 405/1210/303 406/1211/303 408/1212/303
f 402/1213/304 407/1214/304 408/1215/304 403/1216/304
f 408/1217/305 406/1218/305 404/1219/305 403/1220/305
f 402/1221/306 401/1222/306 405/1223/306 407/1224/306
o cube
v 1.066475 -0.40773250000000005 -0.375
v 0.5039750000000001 -0.40773250000000005 -0.375
v 0.5039750000000001 -0.34523250000000005 -0.375
v 1.066475 -0.34523250000000005 -0.375
v 1.066475 -0.40773250000000005 -0.125
v 1.066475 -0.34523250000000005 -0.125
v 0.5039750000000001 -0.40773250000000005 -0.125
v 0.5039750000000001 -0.34523250000000005 -0.125
vt 0.22265625 0.916015625
vt 0.240234375 0.916015625
vt 0.240234375 0.91796875
vt 0.22265625 0.91796875
vt 0.21484375 0.916015625
vt 0.22265625 0.916015625
vt 0.22265625 0.91796875
vt 0.21484375 0.91796875
vt 0.248046875 0.916015625
vt 0.265625 0.916015625
vt 0.265625 0.91796875
vt 0.248046875 0.91796875
vt 0.240234375 0.916015625
vt 0.248046875 0.916015625
vt 0.248046875 0.91796875
vt 0.240234375 0.91796875
vt 0.240234375 0.92578125
vt 0.22265625 0.92578125
vt 0.22265625 0.91796875
vt 0.240234375 0.91796875
vt 0.2578125 0.91796875
vt 0.240234375 0.91796875
vt 0.240234375 0.92578125
vt 0.2578125 0.92578125
vn 0 0 -1
vn 1 0 0
vn 0 0 1
vn -1 0 0
vn 0 1 0
vn 0 -1 0
usemtl m_6efbde36-fe6b-30a1-7d2b-08d2c4687efe
f 409/1225/307 410/1226/307 411/1227/307 412/1228/307
f 413/1229/308 409/1230/308 412/1231/308 414/1232/308
f 415/1233/309 413/1234/309 414/1235/309 416/1236/309
f 410/1237/310 415/1238/310 416/1239/310 411/1240/310
f 416/1241/311 414/1242/311 412/1243/311 411/1244/311
f 410/1245/312 409/1246/312 413/1247/312 415/1248/312
o cube
v 0.989988125 -0.40773250000000005 -0.375
v 0.364988125 -0.40773250000000005 -0.375
v 0.364988125 -0.34523250000000005 -0.375
v 0.989988125 -0.34523250000000005 -0.375
v 0.989988125 -0.40773250000000005 -0.125
v 0.989988125 -0.34523250000000005 -0.125
v 0.364988125 -0.40773250000000005 -0.125
v 0.364988125 -0.34523250000000005 -0.125
vt 0.21484375 0.87890625
vt 0.234375 0.87890625
vt 0.234375 0.880859375
vt 0.21484375 0.880859375
vt 0.20703125 0.87890625
vt 0.21484375 0.87890625
vt 0.21484375 0.880859375
vt 0.20703125 0.880859375
vt 0.2421875 0.87890625
vt 0.26171875 0.87890625
vt 0.26171875 0.880859375
vt 0.2421875 0.880859375
vt 0.234375 0.87890625
vt 0.2421875 0.87890625
vt 0.2421875 0.880859375
vt 0.234375 0.880859375
vt 0.234375 0.888671875
vt 0.21484375 0.888671875
vt 0.21484375 0.880859375
vt 0.234375 0.880859375
vt 0.25390625 0.880859375
vt 0.234375 0.880859375
vt 0.234375 0.888671875
vt 0.25390625 0.888671875
vn 0 0 -1
vn 1 0 0
vn 0 0 1
vn -1 0 0
vn 0 1 0
vn 0 -1 0
usemtl m_6efbde36-fe6b-30a1-7d2b-08d2c4687efe
f 417/1249/313 418/1250/313 419/1251/313 420/1252/313
f 421/1253/314 417/1254/314 420/1255/314 422/1256/314
f 423/1257/315 421/1258/315 422/1259/315 424/1260/315
f 418/1261/316 423/1262/316 424/1263/316 419/1264/316
f 424/1265/317 422/1266/317 420/1267/317 419/1268/317
f 418/1269/318 417/1270/318 421/1271/318 423/1272/318
o cube
v 1.003975 -0.40773250000000005 -0.375
v 0.9414750000000001 -0.40773250000000005 -0.375
v 0.9414750000000001 -0.28273250000000005 -0.375
v 1.003975 -0.28273250000000005 -0.375
v 1.003975 -0.40773250000000005 -0.125
v 1.003975 -0.28273250000000005 -0.125
v 0.9414750000000001 -0.40773250000000005 -0.125
v 0.9414750000000001 -0.28273250000000005 -0.125
vt 0.275390625 0.8984375
vt 0.27734375 0.8984375
vt 0.27734375 0.90234375
vt 0.275390625 0.90234375
vt 0.267578125 0.8984375
vt 0.275390625 0.8984375
vt 0.275390625 0.90234375
vt 0.267578125 0.90234375
vt 0.28515625 0.8984375
vt 0.287109375 0.8984375
vt 0.287109375 0.90234375
vt 0.28515625 0.90234375
vt 0.27734375 0.8984375
vt 0.28515625 0.8984375
vt 0.28515625 0.90234375
vt 0.27734375 0.90234375
vt 0.27734375 0.91015625
vt 0.275390625 0.91015625
vt 0.275390625 0.90234375
vt 0.27734375 0.90234375
vt 0.279296875 0.90234375
vt 0.27734375 0.90234375
vt 0.27734375 0.91015625
vt 0.279296875 0.91015625
vn 0 0 -1
vn 1 0 0
vn 0 0 1
vn -1 0 0
vn 0 1 0
vn 0 -1 0
usemtl m_6efbde36-fe6b-30a1-7d2b-08d2c4687efe
f 425/1273/319 426/1274/319 427/1275/319 428/1276/319
f 429/1277/320 425/1278/320 428/1279/320 430/1280/320
f 431/1281/321 429/1282/321 430/1283/321 432/1284/321
f 426/1285/322 431/1286/322 432/1287/322 427/1288/322
f 432/1289/323 430/1290/323 428/1291/323 427/1292/323
f 426/1293/324 425/1294/324 429/1295/324 431/1296/324
o cube
v 1.0664753783747052 -0.3452328257613432 -0.375
v 1.0137634130113997 -0.3788140512830197 -0.375
v 0.9130197364463704 -0.22067815519310363 -0.375
v 0.9657317018096756 -0.1870969296714271 -0.375
v 1.0664753783747052 -0.3452328257613432 -0.125
v 0.9657317018096756 -0.1870969296714271 -0.125
v 1.0137634130113997 -0.3788140512830197 -0.125
v 0.9130197364463704 -0.22067815519310363 -0.125
vt 0.267578125 0.84375
vt 0.26953125 0.84375
vt 0.26953125 0.849609375
vt 0.267578125 0.849609375
vt 0.259765625 0.84375
vt 0.267578125 0.84375
vt 0.267578125 0.849609375
vt 0.259765625 0.849609375
vt 0.27734375 0.84375
vt 0.279296875 0.84375
vt 0.279296875 0.849609375
vt 0.27734375 0.849609375
vt 0.26953125 0.84375
vt 0.27734375 0.84375
vt 0.27734375 0.849609375
vt 0.26953125 0.849609375
vt 0.26953125 0.857421875
vt 0.267578125 0.857421875
vt 0.267578125 0.849609375
vt 0.26953125 0.849609375
vt 0.271484375 0.849609375
vt 0.26953125 0.849609375
vt 0.26953125 0.857421875
vt 0.271484375 0.857421875
vn 0 0 -1
vn 0.8433914458128856 0.5372996083468243 0
vn 0 0 1
vn -0.8433914458128859 -0.5372996083468234 0
vn -0.5372996083468251 0.8433914458128849 0
vn 0.5372996083468234 -0.843391445812886 0
usemtl m_6efbde36-fe6b-30a1-7d2b-08d2c4687efe
f 433/1297/325 434/1298/325 435/1299/325 436/1300/325
f 437/1301/326 433/1302/326 436/1303/326 438/1304/326
f 439/1305/327 437/1306/327 438/1307/327 440/1308/327
f 434/1309/328 439/1310/328 440/1311/328 435/1312/328
f 440/1313/329 438/1314/329 436/1315/329 435/1316/329
f 434/1317/330 433/1318/330 437/1319/330 439/1320/330
o cube
v 0.41770009607123415 -0.3788140643249319 -0.375
v 0.3649881307079288 -0.3452328388032554 -0.375
v 0.46573180727295826 -0.18709694271333932 -0.375
v 0.5184437726362636 -0.22067816823501585 -0.375
v 0.41770009607123415 -0.3788140643249319 -0.125
v 0.5184437726362636 -0.22067816823501585 -0.125
v 0.3649881307079288 -0.3452328388032554 -0.125
v 0.46573180727295826 -0.18709694271333932 -0.125
vt 0.130859375 0.7265625
vt 0.1328125 0.7265625
vt 0.1328125 0.732421875
vt 0.130859375 0.732421875
vt 0.123046875 0.7265625
vt 0.130859375 0.7265625
vt 0.130859375 0.732421875
vt 0.123046875 0.732421875
vt 0.140625 0.7265625
vt 0.142578125 0.7265625
vt 0.142578125 0.732421875
vt 0.140625 0.732421875
vt 0.1328125 0.7265625
vt 0.140625 0.7265625
vt 0.140625 0.732421875
vt 0.1328125 0.732421875
vt 0.1328125 0.740234375
vt 0.130859375 0.740234375
vt 0.130859375 0.732421875
vt 0.1328125 0.732421875
vt 0.134765625 0.732421875
vt 0.1328125 0.732421875
vt 0.1328125 0.740234375
vt 0.134765625 0.740234375
vn 0 0 -1
vn 0.8433914458128857 -0.5372996083468239 0
vn 0 0 1
vn -0.8433914458128857 0.5372996083468239 0
vn 0.5372996083468243 0.8433914458128855 0
vn -0.5372996083468243 -0.8433914458128855 0
usemtl m_6efbde36-fe6b-30a1-7d2b-08d2c4687efe
f 441/1321/331 442/1322/331 443/1323/331 444/1324/331
f 445/1325/332 441/1326/332 444/1327/332 446/1328/332
f 447/1329/333 445/1330/333 446/1331/333 448/1332/333
f 442/1333/334 447/1334/334 448/1335/334 443/1336/334
f 448/1337/335 446/1338/335 444/1339/335 443/1340/335
f 442/1341/336 441/1342/336 445/1343/336 447/1344/336
o cube
v 0.503993286956216 -0.3596833244833031 -0.375
v 0.3985693562296053 -0.29252087343995004 -0.375
v 0.46573180727295826 -0.18709694271333932 -0.375
v 0.571155737999569 -0.2542593937566924 -0.375
v 0.503993286956216 -0.3596833244833031 -0.125
v 0.571155737999569 -0.2542593937566924 -0.125
v 0.3985693562296053 -0.29252087343995004 -0.125
v 0.46573180727295826 -0.18709694271333932 -0.125
vt 0.0078125 0.728515625
vt 0.01171875 0.728515625
vt 0.01171875 0.732421875
vt 0.0078125 0.732421875
vt 0 0.728515625
vt 0.0078125 0.728515625
vt 0.0078125 0.732421875
vt 0 0.732421875
vt 0.01953125 0.728515625
vt 0.0234375 0.728515625
vt 0.0234375 0.732421875
vt 0.01953125 0.732421875
vt 0.01171875 0.728515625
vt 0.01953125 0.728515625
vt 0.01953125 0.732421875
vt 0.01171875 0.732421875
vt 0.01171875 0.740234375
vt 0.0078125 0.740234375
vt 0.0078125 0.732421875
vt 0.01171875 0.732421875
vt 0.015625 0.732421875
vt 0.01171875 0.732421875
vt 0.01171875 0.740234375
vt 0.015625 0.740234375
vn 0 0 -1
vn 0.8433914458128858 -0.5372996083468237 0
vn 0 0 1
vn -0.8433914458128858 0.5372996083468237 0
vn 0.5372996083468243 0.8433914458128855 0
vn -0.5372996083468243 -0.8433914458128855 0
usemtl m_6efbde36-fe6b-30a1-7d2b-08d2c4687efe
f 449/1345/337 450/1346/337 451/1347/337 452/1348/337
f 453/1349/338 449/1350/338 452/1351/338 454/1352/338
f 455/1353/339 453/1354/339 454/1355/339 456/1356/339
f 450/1357/340 455/1358/340 456/1359/340 451/1360/340
f 456/1361/341 454/1362/341 452/1363/341 451/1364/341
f 450/1365/342 449/1366/342 453/1367/342 455/1368/342
o cube
v 0.90323125 -0.37459687500000005 -0.375
v 0.46573125000000004 -0.37459687500000005 -0.375
v 0.46573125000000004 -0.18709687500000005 -0.375
v 0.90323125 -0.18709687500000005 -0.375
v 0.90323125 -0.37459687500000005 -0.125
v 0.90323125 -0.18709687500000005 -0.125
v 0.46573125000000004 -0.37459687500000005 -0.125
v 0.46573125000000004 -0.18709687500000005 -0.125
vt 0.0078125 0.7421875
vt 0.021484375 0.7421875
vt 0.021484375 0.748046875
vt 0.0078125 0.748046875
vt 0 0.7421875
vt 0.0078125 0.7421875
vt 0.0078125 0.748046875
vt 0 0.748046875
vt 0.029296875 0.7421875
vt 0.04296875 0.7421875
vt 0.04296875 0.748046875
vt 0.029296875 0.748046875
vt 0.021484375 0.7421875
vt 0.029296875 0.7421875
vt 0.029296875 0.748046875
vt 0.021484375 0.748046875
vt 0.021484375 0.755859375
vt 0.0078125 0.755859375
vt 0.0078125 0.748046875
vt 0.021484375 0.748046875
vt 0.03515625 0.748046875
vt 0.021484375 0.748046875
vt 0.021484375 0.755859375
vt 0.03515625 0.755859375
vn 0 0 -1
vn 1 0 0
vn 0 0 1
vn -1 0 0
vn 0 1 0
vn 0 -1 0
usemtl m_6efbde36-fe6b-30a1-7d2b-08d2c4687efe
f 457/1369/343 458/1370/343 459/1371/343 460/1372/343
f 461/1373/344 457/1374/344 460/1375/344 462/1376/344
f 463/1377/345 461/1378/345 462/1379/345 464/1380/345
f 458/1381/346 463/1382/346 464/1383/346 459/1384/346
f 464/1385/347 462/1386/347 460/1387/347 459/1388/347
f 458/1389/348 457/1390/348 461/1391/348 463/1392/348
o cube
v 0.96573125 -0.37459687500000005 -0.375
v 0.90323125 -0.37459687500000005 -0.375
v 0.90323125 -0.18709687500000005 -0.375
v 0.96573125 -0.18709687500000005 -0.375
v 0.96573125 -0.37459687500000005 -0.125
v 0.96573125 -0.18709687500000005 -0.125
v 0.90323125 -0.37459687500000005 -0.125
v 0.90323125 -0.18709687500000005 -0.125
vt 0.109375 0.7265625
vt 0.111328125 0.7265625
vt 0.111328125 0.732421875
vt 0.109375 0.732421875
vt 0.1015625 0.7265625
vt 0.109375 0.7265625
vt 0.109375 0.732421875
vt 0.1015625 0.732421875
vt 0.119140625 0.7265625
vt 0.12109375 0.7265625
vt 0.12109375 0.732421875
vt 0.119140625 0.732421875
vt 0.111328125 0.7265625
vt 0.119140625 0.7265625
vt 0.119140625 0.732421875
vt 0.111328125 0.732421875
vt 0.111328125 0.740234375
vt 0.109375 0.740234375
vt 0.109375 0.732421875
vt 0.111328125 0.732421875
vt 0.11328125 0.732421875
vt 0.111328125 0.732421875
vt 0.111328125 0.740234375
vt 0.11328125 0.740234375
vn 0 0 -1
vn 1 0 0
vn 0 0 1
vn -1 0 0
vn 0 1 0
vn 0 -1 0
usemtl m_6efbde36-fe6b-30a1-7d2b-08d2c4687efe
f 465/1393/349 466/1394/349 467/1395/349 468/1396/349
f 469/1397/350 465/1398/350 468/1399/350 470/1400/350
f 471/1401/351 469/1402/351 470/1403/351 472/1404/351
f 466/1405/352 471/1406/352 472/1407/352 467/1408/352
f 472/1409/353 470/1410/353 468/1411/353 467/1412/353
f 466/1413/354 465/1414/354 469/1415/354 471/1416/354
o cube
v 0.8288159738937274 -0.1864305764929346 -0.3125
v 0.812500199866221 -0.062499968821208285 -0.3125
v 0.9983961113738105 -0.03802630777994864 -0.3125
v 1.0147118854013168 -0.16195691545167495 -0.3125
v 0.8288159738937274 -0.1864305764929346 -0.1875
v 1.0147118854013168 -0.16195691545167495 -0.1875
v 0.812500199866221 -0.062499968821208285 -0.1875
v 0.9983961113738105 -0.03802630777994864 -0.1875
vt 0.025390625 0.716796875
vt 0.029296875 0.716796875
vt 0.029296875 0.72265625
vt 0.025390625 0.72265625
vt 0.021484375 0.716796875
vt 0.025390625 0.716796875
vt 0.025390625 0.72265625
vt 0.021484375 0.72265625
vt 0.033203125 0.716796875
vt 0.037109375 0.716796875
vt 0.037109375 0.72265625
vt 0.033203125 0.72265625
vt 0.029296875 0.716796875
vt 0.033203125 0.716796875
vt 0.033203125 0.72265625
vt 0.029296875 0.72265625
vt 0.029296875 0.7265625
vt 0.025390625 0.7265625
vt 0.025390625 0.72265625
vt 0.029296875 0.72265625
vt 0.033203125 0.72265625
vt 0.029296875 0.72265625
vt 0.029296875 0.7265625
vt 0.033203125 0.7265625
vn 0 0 -1
vn 0.13052619222005143 -0.9914448613738105 0
vn 0 0 1
vn -0.13052619222005143 0.9914448613738105 0
vn 0.9914448613738105 0.13052619222005113 0
vn -0.9914448613738105 -0.13052619222005113 0
usemtl m_6efbde36-fe6b-30a1-7d2b-08d2c4687efe
f 473/1417/355 474/1418/355 475/1419/355 476/1420/355
f 477/1421/356 473/1422/356 476/1423/356 478/1424/356
f 479/1425/357 477/1426/357 478/1427/357 480/1428/357
f 474/1429/358 479/1430/358 480/1431/358 475/1432/358
f 480/1433/359 478/1434/359 476/1435/359 475/1436/359
f 474/1437/360 473/1438/360 477/1439/360 479/1440/360
o cube
v 0.9578068107481663 -0.10491506526272193 -0.3125
v 0.936430551790312 -0.04618427646360268 -0.3125
v 1.0538921293885506 -0.003431758547894015 -0.3125
v 1.075268388346405 -0.06216254734701332 -0.3125
v 0.9578068107481663 -0.10491506526272193 -0.1875
v 1.075268388346405 -0.06216254734701332 -0.1875
v 0.936430551790312 -0.04618427646360268 -0.1875
v 1.0538921293885506 -0.003431758547894015 -0.1875
vt 0.27734375 0.720703125
vt 0.279296875 0.720703125
vt 0.279296875 0.724609375
vt 0.27734375 0.724609375
vt 0.2734375 0.720703125
vt 0.27734375 0.720703125
vt 0.27734375 0.724609375
vt 0.2734375 0.724609375
vt 0.283203125 0.720703125
vt 0.28515625 0.720703125
vt 0.28515625 0.724609375
vt 0.283203125 0.724609375
vt 0.279296875 0.720703125
vt 0.283203125 0.720703125
vt 0.283203125 0.724609375
vt 0.279296875 0.724609375
vt 0.279296875 0.728515625
vt 0.27734375 0.728515625
vt 0.27734375 0.724609375
vt 0.279296875 0.724609375
vt 0.28125 0.724609375
vt 0.279296875 0.724609375
vt 0.279296875 0.728515625
vt 0.28125 0.728515625
vn 0 0 -1
vn 0.3420201433256687 -0.9396926207859084 0
vn 0 0 1
vn -0.3420201433256691 0.9396926207859082 0
vn 0.9396926207859082 0.3420201433256691 0
vn -0.9396926207859082 -0.3420201433256694 0
usemtl m_6efbde36-fe6b-30a1-7d2b-08d2c4687efe
f 481/1441/361 482/1442/361 483/1443/361 484/1444/361
f 485/1445/362 481/1446/362 484/1447/362 486/1448/362
f 487/1449/363 485/1450/363 486/1451/363 488/1452/363
f 482/1453/364 487/1454/364 488/1455/364 483/1456/364
f 488/1457/365 486/1458/365 484/1459/365 483/1460/365
f 482/1461/366 481/1462/366 485/1463/366 487/1464/366
o cube
v 1.07526875 -0.12466250000000001 -0.3125
v 0.88776875 -0.12466250000000001 -0.3125
v 0.88776875 -0.06216250000000001 -0.3125
v 1.07526875 -0.06216250000000001 -0.3125
v 1.07526875 -0.12466250000000001 -0.1875
v 1.07526875 -0.06216250000000001 -0.1875
v 0.88776875 -0.12466250000000001 -0.1875
v 0.88776875 -0.06216250000000001 -0.1875
vt 0.04296875 0.720703125
vt 0.048828125 0.720703125
vt 0.048828125 0.72265625
vt 0.04296875 0.72265625
vt 0.0390625 0.720703125
vt 0.04296875 0.720703125
vt 0.04296875 0.72265625
vt 0.0390625 0.72265625
vt 0.052734375 0.720703125
vt 0.05859375 0.720703125
vt 0.05859375 0.72265625
vt 0.052734375 0.72265625
vt 0.048828125 0.720703125
vt 0.052734375 0.720703125
vt 0.052734375 0.72265625
vt 0.048828125 0.72265625
vt 0.048828125 0.7265625
vt 0.04296875 0.7265625
vt 0.04296875 0.72265625
vt 0.048828125 0.72265625
vt 0.0546875 0.72265625
vt 0.048828125 0.72265625
vt 0.048828125 0.7265625
vt 0.0546875 0.7265625
vn 0 0 -1
vn 1 0 0
vn 0 0 1
vn -1 0 0
vn 0 1 0
vn 0 -1 0
usemtl m_6efbde36-fe6b-30a1-7d2b-08d2c4687efe
f 489/1465/367 490/1466/367 491/1467/367 492/1468/367
f 493/1469/368 489/1470/368 492/1471/368 494/1472/368
f 495/1473/369 493/1474/369 494/1475/369 496/1476/369
f 490/1477/370 495/1478/370 496/1479/370 491/1480/370
f 496/1481/371 494/1482/371 492/1483/371 491/1484/371
f 490/1485/372 489/1486/372 493/1487/372 495/1488/372
o cube
v 0.375 -0.34375 -0.3125
v -0.375 -0.34375 -0.3125
v -0.375 -0.34375 -0.3125
v 0.375 -0.34375 -0.3125
v 0.375 -0.34375 -0.25
v 0.375 -0.34375 -0.25
v -0.375 -0.34375 -0.25
v -0.375 -0.34375 -0.25
vt 0.24609375 0.79296875
vt 0.26953125 0.79296875
vt 0.26953125 0.79296875
vt 0.24609375 0.79296875
vt 0.244140625 0.79296875
vt 0.24609375 0.79296875
vt 0.24609375 0.79296875
vt 0.244140625 0.79296875
vt 0.271484375 0.79296875
vt 0.294921875 0.79296875
vt 0.294921875 0.79296875
vt 0.271484375 0.79296875
vt 0.26953125 0.79296875
vt 0.271484375 0.79296875
vt 0.271484375 0.79296875
vt 0.26953125 0.79296875
vt 0.26953125 0.794921875
vt 0.24609375 0.794921875
vt 0.24609375 0.79296875
vt 0.26953125 0.79296875
vt 0.29296875 0.79296875
vt 0.26953125 0.79296875
vt 0.26953125 0.794921875
vt 0.29296875 0.794921875
vn 0 0 0
vn 0 0 0
vn 0 0 0
vn 0 0 0
vn 0 1 0
vn 0 -1 0
usemtl m_6efbde36-fe6b-30a1-7d2b-08d2c4687efe
f 497/1489/373 498/1490/373 499/1491/373 500/1492/373
f 501/1493/374 497/1494/374 500/1495/374 502/1496/374
f 503/1497/375 501/1498/375 502/1499/375 504/1500/375
f 498/1501/376 503/1502/376 504/1503/376 499/1504/376
f 504/1505/377 502/1506/377 500/1507/377 499/1508/377
f 498/1509/378 497/1510/378 501/1511/378 503/1512/378
o cube
v 0.4375 -0.34375 0.25
v -0.375 -0.34375 0.25
v -0.375 -0.34375 0.25
v 0.4375 -0.34375 0.25
v 0.4375 -0.34375 0.3125
v 0.4375 -0.34375 0.3125
v -0.375 -0.34375 0.3125
v -0.375 -0.34375 0.3125
vt 0.078125 0.76171875
vt 0.103515625 0.76171875
vt 0.103515625 0.76171875
vt 0.078125 0.76171875
vt 0.076171875 0.76171875
vt 0.078125 0.76171875
vt 0.078125 0.76171875
vt 0.076171875 0.76171875
vt 0.10546875 0.76171875
vt 0.130859375 0.76171875
vt 0.130859375 0.76171875
vt 0.10546875 0.76171875
vt 0.103515625 0.76171875
vt 0.10546875 0.76171875
vt 0.10546875 0.76171875
vt 0.103515625 0.76171875
vt 0.103515625 0.763671875
vt 0.078125 0.763671875
vt 0.078125 0.76171875
vt 0.103515625 0.76171875
vt 0.12890625 0.76171875
vt 0.103515625 0.76171875
vt 0.103515625 0.763671875
vt 0.12890625 0.763671875
vn 0 0 0
vn 0 0 0
vn 0 0 0
vn 0 0 0
vn 0 1 0
vn 0 -1 0
usemtl m_6efbde36-fe6b-30a1-7d2b-08d2c4687efe
f 505/1513/379 506/1514/379 507/1515/379 508/1516/379
f 509/1517/380 505/1518/380 508/1519/380 510/1520/380
f 511/1521/381 509/1522/381 510/1523/381 512/1524/381
f 506/1525/382 511/1526/382 512/1527/382 507/1528/382
f 512/1529/383 510/1530/383 508/1531/383 507/1532/383
f 506/1533/384 505/1534/384 509/1535/384 511/1536/384
o cube
v 1.1875 -0.1875 -0.3125
v 1.125 -0.1875 -0.3125
v 1.125 0 -0.3125
v 1.1875 0 -0.3125
v 1.1875 -0.1875 -0.1875
v 1.1875 0 -0.1875
v 1.125 -0.1875 -0.1875
v 1.125 0 -0.1875
vt 0.08203125 0.716796875
vt 0.083984375 0.716796875
vt 0.083984375 0.72265625
vt 0.08203125 0.72265625
vt 0.078125 0.716796875
vt 0.08203125 0.716796875
vt 0.08203125 0.72265625
vt 0.078125 0.72265625
vt 0.087890625 0.716796875
vt 0.08984375 0.716796875
vt 0.08984375 0.72265625
vt 0.087890625 0.72265625
vt 0.083984375 0.716796875
vt 0.087890625 0.716796875
vt 0.087890625 0.72265625
vt 0.083984375 0.72265625
vt 0.083984375 0.7265625
vt 0.08203125 0.7265625
vt 0.08203125 0.72265625
vt 0.083984375 0.72265625
vt 0.0859375 0.72265625
vt 0.083984375 0.72265625
vt 0.083984375 0.7265625
vt 0.0859375 0.7265625
vn 0 0 -1
vn 1 0 0
vn 0 0 1
vn -1 0 0
vn 0 1 0
vn 0 -1 0
usemtl m_6efbde36-fe6b-30a1-7d2b-08d2c4687efe
f 513/1537/385 514/1538/385 515/1539/385 516/1540/385
f 517/1541/386 513/1542/386 516/1543/386 518/1544/386
f 519/1545/387 517/1546/387 518/1547/387 520/1548/387
f 514/1549/388 519/1550/388 520/1551/388 515/1552/388
f 520/1553/389 518/1554/389 516/1555/389 515/1556/389
f 514/1557/390 513/1558/390 517/1559/390 519/1560/390
o cube
v 1.1875 0 -0.75
v 1.125 0 -0.75
v 1.125 0.1875 -0.75
v 1.1875 0.1875 -0.75
v 1.1875 0 0.75
v 1.1875 0.1875 0.75
v 1.125 0 0.75
v 1.125 0.1875 0.75
vt 0.046875 0.8359375
vt 0.048828125 0.8359375
vt 0.048828125 0.841796875
vt 0.046875 0.841796875
vt 0 0.8359375
vt 0.046875 0.8359375
vt 0.046875 0.841796875
vt 0 0.841796875
vt 0.095703125 0.8359375
vt 0.09765625 0.8359375
vt 0.09765625 0.841796875
vt 0.095703125 0.841796875
vt 0.048828125 0.8359375
vt 0.095703125 0.8359375
vt 0.095703125 0.841796875
vt 0.048828125 0.841796875
vt 0.048828125 0.888671875
vt 0.046875 0.888671875
vt 0.046875 0.841796875
vt 0.048828125 0.841796875
vt 0.05078125 0.841796875
vt 0.048828125 0.841796875
vt 0.048828125 0.888671875
vt 0.05078125 0.888671875
vn 0 0 -1
vn 1 0 0
vn 0 0 1
vn -1 0 0
vn 0 1 0
vn 0 -1 0
usemtl m_6efbde36-fe6b-30a1-7d2b-08d2c4687efe
f 521/1561/391 522/1562/391 523/1563/391 524/1564/391
f 525/1565/392 521/1566/392 524/1567/392 526/1568/392
f 527/1569/393 525/1570/393 526/1571/393 528/1572/393
f 522/1573/394 527/1574/394 528/1575/394 523/1576/394
f 528/1577/395 526/1578/395 524/1579/395 523/1580/395
f 522/1581/396 521/1582/396 525/1583/396 527/1584/396
o cube
v 1.25 0 -0.75
v 1.0625 0 -0.75
v 1.0625 0 -0.75
v 1.25 0 -0.75
v 1.25 0 0.75
v 1.25 0 0.75
v 1.0625 0 0.75
v 1.0625 0 0.75
vt 0.154296875 0.890625
vt 0.16015625 0.890625
vt 0.16015625 0.890625
vt 0.154296875 0.890625
vt 0.107421875 0.890625
vt 0.154296875 0.890625
vt 0.154296875 0.890625
vt 0.107421875 0.890625
vt 0.20703125 0.890625
vt 0.212890625 0.890625
vt 0.212890625 0.890625
vt 0.20703125 0.890625
vt 0.16015625 0.890625
vt 0.20703125 0.890625
vt 0.20703125 0.890625
vt 0.16015625 0.890625
vt 0.16015625 0.9375
vt 0.154296875 0.9375
vt 0.154296875 0.890625
vt 0.16015625 0.890625
vt 0.166015625 0.890625
vt 0.16015625 0.890625
vt 0.16015625 0.9375
vt 0.166015625 0.9375
vn 0 0 0
vn 0 0 0
vn 0 0 0
vn 0 0 0
vn 0 1 0
vn 0 -1 0
usemtl m_6efbde36-fe6b-30a1-7d2b-08d2c4687efe
f 529/1585/397 530/1586/397 531/1587/397 532/1588/397
f 533/1589/398 529/1590/398 532/1591/398 534/1592/398
f 535/1593/399 533/1594/399 534/1595/399 536/1596/399
f 530/1597/400 535/1598/400 536/1599/400 531/1600/400
f 536/1601/401 534/1602/401 532/1603/401 531/1604/401
f 530/1605/402 529/1606/402 533/1607/402 535/1608/402
o cube
v 0.625 -0.1875 -0.3125
v 0.5625 -0.1875 -0.3125
v 0.5625 -0.125 -0.3125
v 0.625 -0.125 -0.3125
v 0.625 -0.1875 -0.1875
v 0.625 -0.125 -0.1875
v 0.5625 -0.1875 -0.1875
v 0.5625 -0.125 -0.1875
vt 0.087890625 0.828125
vt 0.08984375 0.828125
vt 0.08984375 0.830078125
vt 0.087890625 0.830078125
vt 0.083984375 0.828125
vt 0.087890625 0.828125
vt 0.087890625 0.830078125
vt 0.083984375 0.830078125
vt 0.09375 0.828125
vt 0.095703125 0.828125
vt 0.095703125 0.830078125
vt 0.09375 0.830078125
vt 0.08984375 0.828125
vt 0.09375 0.828125
vt 0.09375 0.830078125
vt 0.08984375 0.830078125
vt 0.08984375 0.833984375
vt 0.087890625 0.833984375
vt 0.087890625 0.830078125
vt 0.08984375 0.830078125
vt 0.091796875 0.830078125
vt 0.08984375 0.830078125
vt 0.08984375 0.833984375
vt 0.091796875 0.833984375
vn 0 0 -1
vn 1 0 0
vn 0 0 1
vn -1 0 0
vn 0 1 0
vn 0 -1 0
usemtl m_6efbde36-fe6b-30a1-7d2b-08d2c4687efe
f 537/1609/403 538/1610/403 539/1611/403 540/1612/403
f 541/1613/404 537/1614/404 540/1615/404 542/1616/404
f 543/1617/405 541/1618/405 542/1619/405 544/1620/405
f 538/1621/406 543/1622/406 544/1623/406 539/1624/406
f 544/1625/407 542/1626/407 540/1627/407 539/1628/407
f 538/1629/408 537/1630/408 541/1631/408 543/1632/408
o cube
v 0.625 -0.1875 0.1875
v 0.5625 -0.1875 0.1875
v 0.5625 -0.125 0.1875
v 0.625 -0.125 0.1875
v 0.625 -0.1875 0.3125
v 0.625 -0.125 0.3125
v 0.5625 -0.1875 0.3125
v 0.5625 -0.125 0.3125
vt 0.212890625 0.734375
vt 0.21484375 0.734375
vt 0.21484375 0.736328125
vt 0.212890625 0.736328125
vt 0.208984375 0.734375
vt 0.212890625 0.734375
vt 0.212890625 0.736328125
vt 0.208984375 0.736328125
vt 0.21875 0.734375
vt 0.220703125 0.734375
vt 0.220703125 0.736328125
vt 0.21875 0.736328125
vt 0.21484375 0.734375
vt 0.21875 0.734375
vt 0.21875 0.736328125
vt 0.21484375 0.736328125
vt 0.21484375 0.740234375
vt 0.212890625 0.740234375
vt 0.212890625 0.736328125
vt 0.21484375 0.736328125
vt 0.216796875 0.736328125
vt 0.21484375 0.736328125
vt 0.21484375 0.740234375
vt 0.216796875 0.740234375
vn 0 0 -1
vn 1 0 0
vn 0 0 1
vn -1 0 0
vn 0 1 0
vn 0 -1 0
usemtl m_6efbde36-fe6b-30a1-7d2b-08d2c4687efe
f 545/1633/409 546/1634/409 547/1635/409 548/1636/409
f 549/1637/410 545/1638/410 548/1639/410 550/1640/410
f 551/1641/411 549/1642/411 550/1643/411 552/1644/411
f 546/1645/412 551/1646/412 552/1647/412 547/1648/412
f 552/1649/413 550/1650/413 548/1651/413 547/1652/413
f 546/1653/414 545/1654/414 549/1655/414 551/1656/414
o cube
v -0.5625 -0.1875 0.1875
v -0.625 -0.1875 0.1875
v -0.625 -0.125 0.1875
v -0.5625 -0.125 0.1875
v -0.5625 -0.1875 0.3125
v -0.5625 -0.125 0.3125
v -0.625 -0.1875 0.3125
v -0.625 -0.125 0.3125
vt 0.095703125 0.71875
vt 0.09765625 0.71875
vt 0.09765625 0.720703125
vt 0.095703125 0.720703125
vt 0.091796875 0.71875
vt 0.095703125 0.71875
vt 0.095703125 0.720703125
vt 0.091796875 0.720703125
vt 0.1015625 0.71875
vt 0.103515625 0.71875
vt 0.103515625 0.720703125
vt 0.1015625 0.720703125
vt 0.09765625 0.71875
vt 0.1015625 0.71875
vt 0.1015625 0.720703125
vt 0.09765625 0.720703125
vt 0.09765625 0.724609375
vt 0.095703125 0.724609375
vt 0.095703125 0.720703125
vt 0.09765625 0.720703125
vt 0.099609375 0.720703125
vt 0.09765625 0.720703125
vt 0.09765625 0.724609375
vt 0.099609375 0.724609375
vn 0 0 -1
vn 1 0 0
vn 0 0 1
vn -1 0 0
vn 0 1 0
vn 0 -1 0
usemtl m_6efbde36-fe6b-30a1-7d2b-08d2c4687efe
f 553/1657/415 554/1658/415 555/1659/415 556/1660/415
f 557/1661/416 553/1662/416 556/1663/416 558/1664/416
f 559/1665/417 557/1666/417 558/1667/417 560/1668/417
f 554/1669/418 559/1670/418 560/1671/418 555/1672/418
f 560/1673/419 558/1674/419 556/1675/419 555/1676/419
f 554/1677/420 553/1678/420 557/1679/420 559/1680/420
o cube
v -0.5625 -0.1875 -0.3125
v -0.625 -0.1875 -0.3125
v -0.625 -0.125 -0.3125
v -0.5625 -0.125 -0.3125
v -0.5625 -0.1875 -0.1875
v -0.5625 -0.125 -0.1875
v -0.625 -0.1875 -0.1875
v -0.625 -0.125 -0.1875
vt 0.123046875 0.71875
vt 0.125 0.71875
vt 0.125 0.720703125
vt 0.123046875 0.720703125
vt 0.119140625 0.71875
vt 0.123046875 0.71875
vt 0.123046875 0.720703125
vt 0.119140625 0.720703125
vt 0.12890625 0.71875
vt 0.130859375 0.71875
vt 0.130859375 0.720703125
vt 0.12890625 0.720703125
vt 0.125 0.71875
vt 0.12890625 0.71875
vt 0.12890625 0.720703125
vt 0.125 0.720703125
vt 0.125 0.724609375
vt 0.123046875 0.724609375
vt 0.123046875 0.720703125
vt 0.125 0.720703125
vt 0.126953125 0.720703125
vt 0.125 0.720703125
vt 0.125 0.724609375
vt 0.126953125 0.724609375
vn 0 0 -1
vn 1 0 0
vn 0 0 1
vn -1 0 0
vn 0 1 0
vn 0 -1 0
usemtl m_6efbde36-fe6b-30a1-7d2b-08d2c4687efe
f 561/1681/421 562/1682/421 563/1683/421 564/1684/421
f 565/1685/422 561/1686/422 564/1687/422 566/1688/422
f 567/1689/423 565/1690/423 566/1691/423 568/1692/423
f 562/1693/424 567/1694/424 568/1695/424 563/1696/424
f 568/1697/425 566/1698/425 564/1699/425 563/1700/425
f 562/1701/426 561/1702/426 565/1703/426 567/1704/426
o cube
v -0.8125 -0.1875 -0.3125
v -0.875 -0.1875 -0.3125
v -0.875 -0.125 -0.3125
v -0.8125 -0.125 -0.3125
v -0.8125 -0.1875 -0.1875
v -0.8125 -0.125 -0.1875
v -0.875 -0.1875 -0.1875
v -0.875 -0.125 -0.1875
vt 0.13671875 0.71875
vt 0.138671875 0.71875
vt 0.138671875 0.720703125
vt 0.13671875 0.720703125
vt 0.1328125 0.71875
vt 0.13671875 0.71875
vt 0.13671875 0.720703125
vt 0.1328125 0.720703125
vt 0.142578125 0.71875
vt 0.14453125 0.71875
vt 0.14453125 0.720703125
vt 0.142578125 0.720703125
vt 0.138671875 0.71875
vt 0.142578125 0.71875
vt 0.142578125 0.720703125
vt 0.138671875 0.720703125
vt 0.138671875 0.724609375
vt 0.13671875 0.724609375
vt 0.13671875 0.720703125
vt 0.138671875 0.720703125
vt 0.140625 0.720703125
vt 0.138671875 0.720703125
vt 0.138671875 0.724609375
vt 0.140625 0.724609375
vn 0 0 -1
vn 1 0 0
vn 0 0 1
vn -1 0 0
vn 0 1 0
vn 0 -1 0
usemtl m_6efbde36-fe6b-30a1-7d2b-08d2c4687efe
f 569/1705/427 570/1706/427 571/1707/427 572/1708/427
f 573/1709/428 569/1710/428 572/1711/428 574/1712/428
f 575/1713/429 573/1714/429 574/1715/429 576/1716/429
f 570/1717/430 575/1718/430 576/1719/430 571/1720/430
f 576/1721/431 574/1722/431 572/1723/431 571/1724/431
f 570/1725/432 569/1726/432 573/1727/432 575/1728/432
o cube
v -0.8125 -0.1875 0.1875
v -0.875 -0.1875 0.1875
v -0.875 -0.125 0.1875
v -0.8125 -0.125 0.1875
v -0.8125 -0.1875 0.3125
v -0.8125 -0.125 0.3125
v -0.875 -0.1875 0.3125
v -0.875 -0.125 0.3125
vt 0.109375 0.71875
vt 0.111328125 0.71875
vt 0.111328125 0.720703125
vt 0.109375 0.720703125
vt 0.10546875 0.71875
vt 0.109375 0.71875
vt 0.109375 0.720703125
vt 0.10546875 0.720703125
vt 0.115234375 0.71875
vt 0.1171875 0.71875
vt 0.1171875 0.720703125
vt 0.115234375 0.720703125
vt 0.111328125 0.71875
vt 0.115234375 0.71875
vt 0.115234375 0.720703125
vt 0.111328125 0.720703125
vt 0.111328125 0.724609375
vt 0.109375 0.724609375
vt 0.109375 0.720703125
vt 0.111328125 0.720703125
vt 0.11328125 0.720703125
vt 0.111328125 0.720703125
vt 0.111328125 0.724609375
vt 0.11328125 0.724609375
vn 0 0 -1
vn 1 0 0
vn 0 0 1
vn -1 0 0
vn 0 1 0
vn 0 -1 0
usemtl m_6efbde36-fe6b-30a1-7d2b-08d2c4687efe
f 577/1729/433 578/1730/433 579/1731/433 580/1732/433
f 581/1733/434 577/1734/434 580/1735/434 582/1736/434
f 583/1737/435 581/1738/435 582/1739/435 584/1740/435
f 578/1741/436 583/1742/436 584/1743/436 579/1744/436
f 584/1745/437 582/1746/437 580/1747/437 579/1748/437
f 578/1749/438 577/1750/438 581/1751/438 583/1752/438
o cube
v 0.875 -0.1875 0.1875
v 0.8125 -0.1875 0.1875
v 0.8125 -0.125 0.1875
v 0.875 -0.125 0.1875
v 0.875 -0.1875 0.3125
v 0.875 -0.125 0.3125
v 0.8125 -0.1875 0.3125
v 0.8125 -0.125 0.3125
vt 0.27734375 0.796875
vt 0.279296875 0.796875
vt 0.279296875 0.798828125
vt 0.27734375 0.798828125
vt 0.2734375 0.796875
vt 0.27734375 0.796875
vt 0.27734375 0.798828125
vt 0.2734375 0.798828125
vt 0.283203125 0.796875
vt 0.28515625 0.796875
vt 0.28515625 0.798828125
vt 0.283203125 0.798828125
vt 0.279296875 0.796875
vt 0.283203125 0.796875
vt 0.283203125 0.798828125
vt 0.279296875 0.798828125
vt 0.279296875 0.802734375
vt 0.27734375 0.802734375
vt 0.27734375 0.798828125
vt 0.279296875 0.798828125
vt 0.28125 0.798828125
vt 0.279296875 0.798828125
vt 0.279296875 0.802734375
vt 0.28125 0.802734375
vn 0 0 -1
vn 1 0 0
vn 0 0 1
vn -1 0 0
vn 0 1 0
vn 0 -1 0
usemtl m_6efbde36-fe6b-30a1-7d2b-08d2c4687efe
f 585/1753/439 586/1754/439 587/1755/439 588/1756/439
f 589/1757/440 585/1758/440 588/1759/440 590/1760/440
f 591/1761/441 589/1762/441 590/1763/441 592/1764/441
f 586/1765/442 591/1766/442 592/1767/442 587/1768/442
f 592/1769/443 590/1770/443 588/1771/443 587/1772/443
f 586/1773/444 585/1774/444 589/1775/444 591/1776/444
o cube
v 1.503975 -0.40773250000000005 -0.1875
v -2.371025 -0.40773250000000005 -0.1875
v -2.371025 -0.40773250000000005 -0.1875
v 1.503975 -0.40773250000000005 -0.1875
v 1.503975 -0.40773250000000005 0.75
v 1.503975 -0.40773250000000005 0.75
v -2.371025 -0.40773250000000005 0.75
v -2.371025 -0.40773250000000005 0.75
vt 0.029296875 0.970703125
vt 0.150390625 0.970703125
vt 0.150390625 0.970703125
vt 0.029296875 0.970703125
vt 0 0.970703125
vt 0.029296875 0.970703125
vt 0.029296875 0.970703125
vt 0 0.970703125
vt 0.1796875 0.970703125
vt 0.30078125 0.970703125
vt 0.30078125 0.970703125
vt 0.1796875 0.970703125
vt 0.150390625 0.970703125
vt 0.1796875 0.970703125
vt 0.1796875 0.970703125
vt 0.150390625 0.970703125
vt 0.150390625 1
vt 0.029296875 1
vt 0.029296875 0.970703125
vt 0.150390625 0.970703125
vt 0.271484375 0.970703125
vt 0.150390625 0.970703125
vt 0.150390625 1
vt 0.271484375 1
vn 0 0 0
vn 0 0 0
vn 0 0 0
vn 0 0 0
vn 0 1 0
vn 0 -1 0
usemtl m_6efbde36-fe6b-30a1-7d2b-08d2c4687efe
f 593/1777/445 594/1778/445 595/1779/445 596/1780/445
f 597/1781/446 593/1782/446 596/1783/446 598/1784/446
f 599/1785/447 597/1786/447 598/1787/447 600/1788/447
f 594/1789/448 599/1790/448 600/1791/448 595/1792/448
f 600/1793/449 598/1794/449 596/1795/449 595/1796/449
f 594/1797/450 593/1798/450 597/1799/450 599/1800/450
o cube
v 1.503975 -0.40773250000000005 -0.75
v -1.808525 -0.40773250000000005 -0.75
v -1.808525 -0.40773250000000005 -0.75
v 1.503975 -0.40773250000000005 -0.75
v 1.503975 -0.40773250000000005 0.1875
v 1.503975 -0.40773250000000005 0.1875
v -1.808525 -0.40773250000000005 0.1875
v -1.808525 -0.40773250000000005 0.1875
vt 0.029296875 0.939453125
vt 0.1328125 0.939453125
vt 0.1328125 0.939453125
vt 0.029296875 0.939453125
vt 0 0.939453125
vt 0.029296875 0.939453125
vt 0.029296875 0.939453125
vt 0 0.939453125
vt 0.162109375 0.939453125
vt 0.265625 0.939453125
vt 0.265625 0.939453125
vt 0.162109375 0.939453125
vt 0.1328125 0.939453125
vt 0.162109375 0.939453125
vt 0.162109375 0.939453125
vt 0.1328125 0.939453125
vt 0.1328125 0.96875
vt 0.029296875 0.96875
vt 0.029296875 0.939453125
vt 0.1328125 0.939453125
vt 0.236328125 0.939453125
vt 0.1328125 0.939453125
vt 0.1328125 0.96875
vt 0.236328125 0.96875
vn 0 0 0
vn 0 0 0
vn 0 0 0
vn 0 0 0
vn 0 1 0
vn 0 -1 0
usemtl m_6efbde36-fe6b-30a1-7d2b-08d2c4687efe
f 601/1801/451 602/1802/451 603/1803/451 604/1804/451
f 605/1805/452 601/1806/452 604/1807/452 606/1808/452
f 607/1809/453 605/1810/453 606/1811/453 608/1812/453
f 602/1813/454 607/1814/454 608/1815/454 603/1816/454
f 608/1817/455 606/1818/455 604/1819/455 603/1820/455
f 602/1821/456 601/1822/456 605/1823/456 607/1824/456
o cube
v -1.496025 -0.40773250000000005 -0.1875
v -1.496025 -0.40773250000000005 -0.1875
v -1.496025 -0.40773250000000005 -0.1875
v -1.496025 -0.40773250000000005 -0.1875
v -1.496025 -0.40773250000000005 0.75
v -1.496025 -0.40773250000000005 0.75
v -1.496025 -0.40773250000000005 0.75
v -1.496025 -0.40773250000000005 0.75
vt 0.228515625 0.828125
vt 0.228515625 0.828125
vt 0.228515625 0.828125
vt 0.228515625 0.828125
vt 0.19921875 0.828125
vt 0.228515625 0.828125
vt 0.228515625 0.828125
vt 0.19921875 0.828125
vt 0.2578125 0.828125
vt 0.2578125 0.828125
vt 0.2578125 0.828125
vt 0.2578125 0.828125
vt 0.228515625 0.828125
vt 0.2578125 0.828125
vt 0.2578125 0.828125
vt 0.228515625 0.828125
vt 0.228515625 0.857421875
vt 0.228515625 0.857421875
vt 0.228515625 0.828125
vt 0.228515625 0.828125
vt 0.228515625 0.828125
vt 0.228515625 0.828125
vt 0.228515625 0.857421875
vt 0.228515625 0.857421875
vn 0 0 0
vn 0 0 0
vn 0 0 0
vn 0 0 0
vn 0 0 0
vn 0 0 0
usemtl m_6efbde36-fe6b-30a1-7d2b-08d2c4687efe
f 609/1825/457 610/1826/457 611/1827/457 612/1828/457
f 613/1829/458 609/1830/458 612/1831/458 614/1832/458
f 615/1833/459 613/1834/459 614/1835/459 616/1836/459
f 610/1837/460 615/1838/460 616/1839/460 611/1840/460
f 616/1841/461 614/1842/461 612/1843/461 611/1844/461
f 610/1845/462 609/1846/462 613/1847/462 615/1848/462
o cube
v -1.496025 -0.40773250000000005 -0.75
v -1.8710250000000004 -0.40773250000000005 -0.75
v -1.8710250000000004 -0.40773250000000005 -0.75
v -1.496025 -0.40773250000000005 -0.75
v -1.496025 -0.40773250000000005 0.1875
v -1.496025 -0.40773250000000005 0.1875
v -1.8710250000000004 -0.40773250000000005 0.1875
v -1.8710250000000004 -0.40773250000000005 0.1875
vt 0.197265625 0.796875
vt 0.208984375 0.796875
vt 0.208984375 0.796875
vt 0.197265625 0.796875
vt 0.16796875 0.796875
vt 0.197265625 0.796875
vt 0.197265625 0.796875
vt 0.16796875 0.796875
vt 0.23828125 0.796875
vt 0.25 0.796875
vt 0.25 0.796875
vt 0.23828125 0.796875
vt 0.208984375 0.796875
vt 0.23828125 0.796875
vt 0.23828125 0.796875
vt 0.208984375 0.796875
vt 0.208984375 0.826171875
vt 0.197265625 0.826171875
vt 0.197265625 0.796875
vt 0.208984375 0.796875
vt 0.220703125 0.796875
vt 0.208984375 0.796875
vt 0.208984375 0.826171875
vt 0.220703125 0.826171875
vn 0 0 0
vn 0 0 0
vn 0 0 0
vn 0 0 0
vn 0 1 0
vn 0 -1 0
usemtl m_6efbde36-fe6b-30a1-7d2b-08d2c4687efe
f 617/1849/463 618/1850/463 619/1851/463 620/1852/463
f 621/1853/464 617/1854/464 620/1855/464 622/1856/464
f 623/1857/465 621/1858/465 622/1859/465 624/1860/465
f 618/1861/466 623/1862/466 624/1863/466 619/1864/466
f 624/1865/467 622/1866/467 620/1867/467 619/1868/467
f 618/1869/468 617/1870/468 621/1871/468 623/1872/468
o cube
v 2.1210250000000004 -0.40773250000000005 -0.1875
v 1.496025 -0.40773250000000005 -0.1875
v 1.496025 -0.40773250000000005 -0.1875
v 2.1210250000000004 -0.40773250000000005 -0.1875
v 2.1210250000000004 -0.40773250000000005 0.75
v 2.1210250000000004 -0.40773250000000005 0.75
v 1.496025 -0.40773250000000005 0.75
v 1.496025 -0.40773250000000005 0.75
vt 0.12890625 0.828125
vt 0.1484375 0.828125
vt 0.1484375 0.828125
vt 0.12890625 0.828125
vt 0.099609375 0.828125
vt 0.12890625 0.828125
vt 0.12890625 0.828125
vt 0.099609375 0.828125
vt 0.177734375 0.828125
vt 0.197265625 0.828125
vt 0.197265625 0.828125
vt 0.177734375 0.828125
vt 0.1484375 0.828125
vt 0.177734375 0.828125
vt 0.177734375 0.828125
vt 0.1484375 0.828125
vt 0.1484375 0.857421875
vt 0.12890625 0.857421875
vt 0.12890625 0.828125
vt 0.1484375 0.828125
vt 0.16796875 0.828125
vt 0.1484375 0.828125
vt 0.1484375 0.857421875
vt 0.16796875 0.857421875
vn 0 0 0
vn 0 0 0
vn 0 0 0
vn 0 0 0
vn 0 1 0
vn 0 -1 0
usemtl m_6efbde36-fe6b-30a1-7d2b-08d2c4687efe
f 625/1873/469 626/1874/469 627/1875/469 628/1876/469
f 629/1877/470 625/1878/470 628/1879/470 630/1880/470
f 631/1881/471 629/1882/471 630/1883/471 632/1884/471
f 626/1885/472 631/1886/472 632/1887/472 627/1888/472
f 632/1889/473 630/1890/473 628/1891/473 627/1892/473
f 626/1893/474 625/1894/474 629/1895/474 631/1896/474
o cube
v 2.2460250000000004 -0.40773250000000005 -0.75
v 1.496025 -0.40773250000000005 -0.75
v 1.496025 -0.40773250000000005 -0.75
v 2.2460250000000004 -0.40773250000000005 -0.75
v 2.2460250000000004 -0.40773250000000005 0.1875
v 2.2460250000000004 -0.40773250000000005 0.1875
v 1.496025 -0.40773250000000005 0.1875
v 1.496025 -0.40773250000000005 0.1875
vt 0.12890625 0.859375
vt 0.15234375 0.859375
vt 0.15234375 0.859375
vt 0.12890625 0.859375
vt 0.099609375 0.859375
vt 0.12890625 0.859375
vt 0.12890625 0.859375
vt 0.099609375 0.859375
vt 0.181640625 0.859375
vt 0.205078125 0.859375
vt 0.205078125 0.859375
vt 0.181640625 0.859375
vt 0.15234375 0.859375
vt 0.181640625 0.859375
vt 0.181640625 0.859375
vt 0.15234375 0.859375
vt 0.15234375 0.888671875
vt 0.12890625 0.888671875
vt 0.12890625 0.859375
vt 0.15234375 0.859375
vt 0.17578125 0.859375
vt 0.15234375 0.859375
vt 0.15234375 0.888671875
vt 0.17578125 0.888671875
vn 0 0 0
vn 0 0 0
vn 0 0 0
vn 0 0 0
vn 0 1 0
vn 0 -1 0
usemtl m_6efbde36-fe6b-30a1-7d2b-08d2c4687efe
f 633/1897/475 634/1898/475 635/1899/475 636/1900/475
f 637/1901/476 633/1902/476 636/1903/476 638/1904/476
f 639/1905/477 637/1906/477 638/1907/477 640/1908/477
f 634/1909/478 639/1910/478 640/1911/478 635/1912/478
f 640/1913/479 638/1914/479 636/1915/479 635/1916/479
f 634/1917/480 633/1918/480 637/1919/480 639/1920/480
o cube
v -2.5 -0.5 -0.75
v -2.5625 -0.5 -0.75
v -2.5625 1 -0.75
v -2.5 1 -0.75
v -2.5 -0.5 0.75
v -2.5 1 0.75
v -2.5625 -0.5 0.75
v -2.5625 1 0.75
vt 0.076171875 0.30859375
vt 0.078125 0.30859375
vt 0.078125 0.35546875
vt 0.076171875 0.35546875
vt 0.37109375 0.43359375
vt 0.41796875 0.43359375
vt 0.41796875 0.48046875
vt 0.37109375 0.48046875
vt 0.080078125 0.30859375
vt 0.08203125 0.30859375
vt 0.08203125 0.35546875
vt 0.080078125 0.35546875
vt 0.146484375 0.431640625
vt 0.193359375 0.431640625
vt 0.193359375 0.478515625
vt 0.146484375 0.478515625
vt 0.083984375 0.30859375
vt 0.0859375 0.30859375
vt 0.0859375 0.35546875
vt 0.083984375 0.35546875
vt 0.087890625 0.30859375
vt 0.08984375 0.30859375
vt 0.08984375 0.35546875
vt 0.087890625 0.35546875
vn 0 0 -1
vn 1 0 0
vn 0 0 1
vn -1 0 0
vn 0 1 0
vn 0 -1 0
usemtl m_6efbde36-fe6b-30a1-7d2b-08d2c4687efe
f 641/1921/481 642/1922/481 643/1923/481 644/1924/481
f 645/1925/482 641/1926/482 644/1927/482 646/1928/482
f 647/1929/483 645/1930/483 646/1931/483 648/1932/483
f 642/1933/484 647/1934/484 648/1935/484 643/1936/484
f 648/1937/485 646/1938/485 644/1939/485 643/1940/485
f 642/1941/486 641/1942/486 645/1943/486 647/1944/486
o cube
v -2 -0.5 -0.75
v -2.0625 -0.5 -0.75
v -2.0625 -0.0625 -0.75
v -2 -0.0625 -0.75
v -2 -0.5 0.75
v -2 -0.0625 0.75
v -2.0625 -0.5 0.75
v -2.0625 -0.0625 0.75
vt 0.25 0.556640625
vt 0.251953125 0.556640625
vt 0.251953125 0.5703125
vt 0.25 0.5703125
vt 0.615234375 0.46875
vt 0.662109375 0.46875
vt 0.662109375 0.482421875
vt 0.615234375 0.482421875
vt 0.25390625 0.556640625
vt 0.255859375 0.556640625
vt 0.255859375 0.5703125
vt 0.25390625 0.5703125
vt 0.615234375 0.453125
vt 0.662109375 0.453125
vt 0.662109375 0.466796875
vt 0.615234375 0.466796875
vt 0.287109375 0.30859375
vt 0.2890625 0.30859375
vt 0.2890625 0.35546875
vt 0.287109375 0.35546875
vt 0.091796875 0.3046875
vt 0.09375 0.3046875
vt 0.09375 0.3515625
vt 0.091796875 0.3515625
vn 0 0 -1
vn 1 0 0
vn 0 0 1
vn -1 0 0
vn 0 1 0
vn 0 -1 0
usemtl m_6efbde36-fe6b-30a1-7d2b-08d2c4687efe
f 649/1945/487 650/1946/487 651/1947/487 652/1948/487
f 653/1949/488 649/1950/488 652/1951/488 654/1952/488
f 655/1953/489 653/1954/489 654/1955/489 656/1956/489
f 650/1957/490 655/1958/490 656/1959/490 651/1960/490
f 656/1961/491 654/1962/491 652/1963/491 651/1964/491
f 650/1965/492 649/1966/492 653/1967/492 655/1968/492
o cube
v -1.875 -0.5 -0.75
v -2 -0.5 -0.75
v -2 -0.125 -0.75
v -1.875 -0.125 -0.75
v -1.875 -0.5 0.75
v -1.875 -0.125 0.75
v -2 -0.5 0.75
v -2 -0.125 0.75
vt 0.162109375 0.775390625
vt 0.166015625 0.775390625
vt 0.166015625 0.787109375
vt 0.162109375 0.787109375
vt 0.615234375 0.408203125
vt 0.662109375 0.408203125
vt 0.662109375 0.419921875
vt 0.615234375 0.419921875
vt 0.314453125 0.98828125
vt 0.318359375 0.98828125
vt 0.318359375 1
vt 0.314453125 1
vt 0.615234375 0.39453125
vt 0.662109375 0.39453125
vt 0.662109375 0.40625
vt 0.615234375 0.40625
vt 0.603515625 0.3125
vt 0.607421875 0.3125
vt 0.607421875 0.359375
vt 0.603515625 0.359375
vt 0.609375 0.3125
vt 0.61328125 0.3125
vt 0.61328125 0.359375
vt 0.609375 0.359375
vn 0 0 -1
vn 1 0 0
vn 0 0 1
vn -1 0 0
vn 0 1 0
vn 0 -1 0
usemtl m_6efbde36-fe6b-30a1-7d2b-08d2c4687efe
f 657/1969/493 658/1970/493 659/1971/493 660/1972/493
f 661/1973/494 657/1974/494 660/1975/494 662/1976/494
f 663/1977/495 661/1978/495 662/1979/495 664/1980/495
f 658/1981/496 663/1982/496 664/1983/496 659/1984/496
f 664/1985/497 662/1986/497 660/1987/497 659/1988/497
f 658/1989/498 657/1990/498 661/1991/498 663/1992/498
o cube
v -1.8125 -0.5 -0.75
v -1.875 -0.5 -0.75
v -1.875 -0.1875 -0.75
v -1.8125 -0.1875 -0.75
v -1.8125 -0.5 0.75
v -1.8125 -0.1875 0.75
v -1.875 -0.5 0.75
v -1.875 -0.1875 0.75
vt 0.158203125 0.765625
vt 0.16015625 0.765625
vt 0.16015625 0.775390625
vt 0.158203125 0.775390625
vt 0.615234375 0.369140625
vt 0.662109375 0.369140625
vt 0.662109375 0.37890625
vt 0.615234375 0.37890625
vt 0.27734375 0.74609375
vt 0.279296875 0.74609375
vt 0.279296875 0.755859375
vt 0.27734375 0.755859375
vt 0 0.359375
vt 0.046875 0.359375
vt 0.046875 0.369140625
vt 0 0.369140625
vt 0.095703125 0.3046875
vt 0.09765625 0.3046875
vt 0.09765625 0.3515625
vt 0.095703125 0.3515625
vt 0.099609375 0.3046875
vt 0.1015625 0.3046875
vt 0.1015625 0.3515625
vt 0.099609375 0.3515625
vn 0 0 -1
vn 1 0 0
vn 0 0 1
vn -1 0 0
vn 0 1 0
vn 0 -1 0
usemtl m_6efbde36-fe6b-30a1-7d2b-08d2c4687efe
f 665/1993/499 666/1994/499 667/1995/499 668/1996/499
f 669/1997/500 665/1998/500 668/1999/500 670/2000/500
f 671/2001/501 669/2002/501 670/2003/501 672/2004/501
f 666/2005/502 671/2006/502 672/2007/502 667/2008/502
f 672/2009/503 670/2010/503 668/2011/503 667/2012/503
f 666/2013/504 665/2014/504 669/2015/504 671/2016/504
o cube
v -1.5625 -0.5 -0.75
v -1.6875 -0.5 -0.75
v -1.6875 -0.4375 -0.75
v -1.5625 -0.4375 -0.75
v -1.5625 -0.5 0.75
v -1.5625 -0.4375 0.75
v -1.6875 -0.5 0.75
v -1.6875 -0.4375 0.75
vt 0.26953125 0.859375
vt 0.2734375 0.859375
vt 0.2734375 0.861328125
vt 0.26953125 0.861328125
vt 0.103515625 0.349609375
vt 0.150390625 0.349609375
vt 0.150390625 0.3515625
vt 0.103515625 0.3515625
vt 0.2734375 0.89453125
vt 0.27734375 0.89453125
vt 0.27734375 0.896484375
vt 0.2734375 0.896484375
vt 0.15234375 0.349609375
vt 0.19921875 0.349609375
vt 0.19921875 0.3515625
vt 0.15234375 0.3515625
vt 0 0.310546875
vt 0.00390625 0.310546875
vt 0.00390625 0.357421875
vt 0 0.357421875
vt 0.005859375 0.310546875
vt 0.009765625 0.310546875
vt 0.009765625 0.357421875
vt 0.005859375 0.357421875
vn 0 0 -1
vn 1 0 0
vn 0 0 1
vn -1 0 0
vn 0 1 0
vn 0 -1 0
usemtl m_6efbde36-fe6b-30a1-7d2b-08d2c4687efe
f 673/2017/505 674/2018/505 675/2019/505 676/2020/505
f 677/2021/506 673/2022/506 676/2023/506 678/2024/506
f 679/2025/507 677/2026/507 678/2027/507 680/2028/507
f 674/2029/508 679/2030/508 680/2031/508 675/2032/508
f 680/2033/509 678/2034/509 676/2035/509 675/2036/509
f 674/2037/510 673/2038/510 677/2039/510 679/2040/510
o cube
v -1.75 -0.5 -0.75
v -1.8125 -0.5 -0.75
v -1.8125 -0.25 -0.75
v -1.75 -0.25 -0.75
v -1.75 -0.5 0.75
v -1.75 -0.25 0.75
v -1.8125 -0.5 0.75
v -1.8125 -0.25 0.75
vt 0.162109375 0.765625
vt 0.1640625 0.765625
vt 0.1640625 0.7734375
vt 0.162109375 0.7734375
vt 0.634765625 0.9921875
vt 0.681640625 0.9921875
vt 0.681640625 1
vt 0.634765625 1
vt 0.263671875 0.8671875
vt 0.265625 0.8671875
vt 0.265625 0.875
vt 0.263671875 0.875
vt 0.634765625 0.982421875
vt 0.681640625 0.982421875
vt 0.681640625 0.990234375
vt 0.634765625 0.990234375
vt 0.201171875 0.3046875
vt 0.203125 0.3046875
vt 0.203125 0.3515625
vt 0.201171875 0.3515625
vt 0.205078125 0.3046875
vt 0.20703125 0.3046875
vt 0.20703125 0.3515625
vt 0.205078125 0.3515625
vn 0 0 -1
vn 1 0 0
vn 0 0 1
vn -1 0 0
vn 0 1 0
vn 0 -1 0
usemtl m_6efbde36-fe6b-30a1-7d2b-08d2c4687efe
f 681/2041/511 682/2042/511 683/2043/511 684/2044/511
f 685/2045/512 681/2046/512 684/2047/512 686/2048/512
f 687/2049/513 685/2050/513 686/2051/513 688/2052/513
f 682/2053/514 687/2054/514 688/2055/514 683/2056/514
f 688/2057/515 686/2058/515 684/2059/515 683/2060/515
f 682/2061/516 681/2062/516 685/2063/516 687/2064/516
o cube
v -1.6875 -0.5 -0.75
v -1.75 -0.5 -0.75
v -1.75 -0.375 -0.75
v -1.6875 -0.375 -0.75
v -1.6875 -0.5 0.75
v -1.6875 -0.375 0.75
v -1.75 -0.5 0.75
v -1.75 -0.375 0.75
vt 0.201171875 0.720703125
vt 0.203125 0.720703125
vt 0.203125 0.724609375
vt 0.201171875 0.724609375
vt 0.638671875 0.95703125
vt 0.685546875 0.95703125
vt 0.685546875 0.9609375
vt 0.638671875 0.9609375
vt 0.205078125 0.720703125
vt 0.20703125 0.720703125
vt 0.20703125 0.724609375
vt 0.205078125 0.724609375
vt 0.638671875 0.951171875
vt 0.685546875 0.951171875
vt 0.685546875 0.955078125
vt 0.638671875 0.955078125
vt 0.208984375 0.3046875
vt 0.2109375 0.3046875
vt 0.2109375 0.3515625
vt 0.208984375 0.3515625
vt 0.212890625 0.3046875
vt 0.21484375 0.3046875
vt 0.21484375 0.3515625
vt 0.212890625 0.3515625
vn 0 0 -1
vn 1 0 0
vn 0 0 1
vn -1 0 0
vn 0 1 0
vn 0 -1 0
usemtl m_6efbde36-fe6b-30a1-7d2b-08d2c4687efe
f 689/2065/517 690/2066/517 691/2067/517 692/2068/517
f 693/2069/518 689/2070/518 692/2071/518 694/2072/518
f 695/2073/519 693/2074/519 694/2075/519 696/2076/519
f 690/2077/520 695/2078/520 696/2079/520 691/2080/520
f 696/2081/521 694/2082/521 692/2083/521 691/2084/521
f 690/2085/522 689/2086/522 693/2087/522 695/2088/522
o cube
v -2.0625 -0.5 -0.75
v -2.125 -0.5 -0.75
v -2.125 0 -0.75
v -2.0625 0 -0.75
v -2.0625 -0.5 0.75
v -2.0625 0 0.75
v -2.125 -0.5 0.75
v -2.125 0 0.75
vt 0.3359375 0.970703125
vt 0.337890625 0.970703125
vt 0.337890625 0.986328125
vt 0.3359375 0.986328125
vt 0.615234375 0.537109375
vt 0.662109375 0.537109375
vt 0.662109375 0.552734375
vt 0.615234375 0.552734375
vt 0.189453125 0.5546875
vt 0.19140625 0.5546875
vt 0.19140625 0.5703125
vt 0.189453125 0.5703125
vt 0.615234375 0.51953125
vt 0.662109375 0.51953125
vt 0.662109375 0.53515625
vt 0.615234375 0.53515625
vt 0.216796875 0.3046875
vt 0.21875 0.3046875
vt 0.21875 0.3515625
vt 0.216796875 0.3515625
vt 0.220703125 0.3046875
vt 0.22265625 0.3046875
vt 0.22265625 0.3515625
vt 0.220703125 0.3515625
vn 0 0 -1
vn 1 0 0
vn 0 0 1
vn -1 0 0
vn 0 1 0
vn 0 -1 0
usemtl m_6efbde36-fe6b-30a1-7d2b-08d2c4687efe
f 697/2089/523 698/2090/523 699/2091/523 700/2092/523
f 701/2093/524 697/2094/524 700/2095/524 702/2096/524
f 703/2097/525 701/2098/525 702/2099/525 704/2100/525
f 698/2101/526 703/2102/526 704/2103/526 699/2104/526
f 704/2105/527 702/2106/527 700/2107/527 699/2108/527
f 698/2109/528 697/2110/528 701/2111/528 703/2112/528
o cube
v -2.125 -0.5 -0.75
v -2.1875 -0.5 -0.75
v -2.1875 0.0625 -0.75
v -2.125 0.0625 -0.75
v -2.125 -0.5 0.75
v -2.125 0.0625 0.75
v -2.1875 -0.5 0.75
v -2.1875 0.0625 0.75
vt 0.29296875 0.796875
vt 0.294921875 0.796875
vt 0.294921875 0.814453125
vt 0.29296875 0.814453125
vt 0.615234375 0.61328125
vt 0.662109375 0.61328125
vt 0.662109375 0.630859375
vt 0.615234375 0.630859375
vt 0.40625 0.818359375
vt 0.408203125 0.818359375
vt 0.408203125 0.8359375
vt 0.40625 0.8359375
vt 0.615234375 0.59375
vt 0.662109375 0.59375
vt 0.662109375 0.611328125
vt 0.615234375 0.611328125
vt 0.224609375 0.3046875
vt 0.2265625 0.3046875
vt 0.2265625 0.3515625
vt 0.224609375 0.3515625
vt 0.228515625 0.3046875
vt 0.23046875 0.3046875
vt 0.23046875 0.3515625
vt 0.228515625 0.3515625
vn 0 0 -1
vn 1 0 0
vn 0 0 1
vn -1 0 0
vn 0 1 0
vn 0 -1 0
usemtl m_6efbde36-fe6b-30a1-7d2b-08d2c4687efe
f 705/2113/529 706/2114/529 707/2115/529 708/2116/529
f 709/2117/530 705/2118/530 708/2119/530 710/2120/530
f 711/2121/531 709/2122/531 710/2123/531 712/2124/531
f 706/2125/532 711/2126/532 712/2127/532 707/2128/532
f 712/2129/533 710/2130/533 708/2131/533 707/2132/533
f 706/2133/534 705/2134/534 709/2135/534 711/2136/534
o cube
v -2.1875 -0.5 -0.75
v -2.25 -0.5 -0.75
v -2.25 0.125 -0.75
v -2.1875 0.125 -0.75
v -2.1875 -0.5 0.75
v -2.1875 0.125 0.75
v -2.25 -0.5 0.75
v -2.25 0.125 0.75
vt 0.28515625 0.876953125
vt 0.287109375 0.876953125
vt 0.287109375 0.896484375
vt 0.28515625 0.896484375
vt 0.615234375 0.697265625
vt 0.662109375 0.697265625
vt 0.662109375 0.716796875
vt 0.615234375 0.716796875
vt 0.39453125 0.81640625
vt 0.396484375 0.81640625
vt 0.396484375 0.8359375
vt 0.39453125 0.8359375
vt 0.615234375 0.67578125
vt 0.662109375 0.67578125
vt 0.662109375 0.6953125
vt 0.615234375 0.6953125
vt 0.232421875 0.3046875
vt 0.234375 0.3046875
vt 0.234375 0.3515625
vt 0.232421875 0.3515625
vt 0.236328125 0.3046875
vt 0.23828125 0.3046875
vt 0.23828125 0.3515625
vt 0.236328125 0.3515625
vn 0 0 -1
vn 1 0 0
vn 0 0 1
vn -1 0 0
vn 0 1 0
vn 0 -1 0
usemtl m_6efbde36-fe6b-30a1-7d2b-08d2c4687efe
f 713/2137/535 714/2138/535 715/2139/535 716/2140/535
f 717/2141/536 713/2142/536 716/2143/536 718/2144/536
f 719/2145/537 717/2146/537 718/2147/537 720/2148/537
f 714/2149/538 719/2150/538 720/2151/538 715/2152/538
f 720/2153/539 718/2154/539 716/2155/539 715/2156/539
f 714/2157/540 713/2158/540 717/2159/540 719/2160/540
o cube
v -2.25 -0.5 -0.75
v -2.3125 -0.5 -0.75
v -2.3125 0.25 -0.75
v -2.25 0.25 -0.75
v -2.25 -0.5 0.75
v -2.25 0.25 0.75
v -2.3125 -0.5 0.75
v -2.3125 0.25 0.75
vt 0.3203125 0.9765625
vt 0.322265625 0.9765625
vt 0.322265625 1
vt 0.3203125 1
vt 0.615234375 0.794921875
vt 0.662109375 0.794921875
vt 0.662109375 0.818359375
vt 0.615234375 0.818359375
vt 0.32421875 0.9765625
vt 0.326171875 0.9765625
vt 0.326171875 1
vt 0.32421875 1
vt 0.615234375 0.76953125
vt 0.662109375 0.76953125
vt 0.662109375 0.79296875
vt 0.615234375 0.79296875
vt 0.240234375 0.3046875
vt 0.2421875 0.3046875
vt 0.2421875 0.3515625
vt 0.240234375 0.3515625
vt 0.244140625 0.3046875
vt 0.24609375 0.3046875
vt 0.24609375 0.3515625
vt 0.244140625 0.3515625
vn 0 0 -1
vn 1 0 0
vn 0 0 1
vn -1 0 0
vn 0 1 0
vn 0 -1 0
usemtl m_6efbde36-fe6b-30a1-7d2b-08d2c4687efe
f 721/2161/541 722/2162/541 723/2163/541 724/2164/541
f 725/2165/542 721/2166/542 724/2167/542 726/2168/542
f 727/2169/543 725/2170/543 726/2171/543 728/2172/543
f 722/2173/544 727/2174/544 728/2175/544 723/2176/544
f 728/2177/545 726/2178/545 724/2179/545 723/2180/545
f 722/2181/546 721/2182/546 725/2183/546 727/2184/546
o cube
v -2.3125 -0.5 -0.75
v -2.375 -0.5 -0.75
v -2.375 0.3125 -0.75
v -2.3125 0.3125 -0.75
v -2.3125 -0.5 0.75
v -2.3125 0.3125 0.75
v -2.375 -0.5 0.75
v -2.375 0.3125 0.75
vt 0.2890625 0.943359375
vt 0.291015625 0.943359375
vt 0.291015625 0.96875
vt 0.2890625 0.96875
vt 0.615234375 0.90234375
vt 0.662109375 0.90234375
vt 0.662109375 0.927734375
vt 0.615234375 0.927734375
vt 0.302734375 0.974609375
vt 0.3046875 0.974609375
vt 0.3046875 1
vt 0.302734375 1
vt 0.615234375 0.875
vt 0.662109375 0.875
vt 0.662109375 0.900390625
vt 0.615234375 0.900390625
vt 0.248046875 0.3046875
vt 0.25 0.3046875
vt 0.25 0.3515625
vt 0.248046875 0.3515625
vt 0.251953125 0.3046875
vt 0.25390625 0.3046875
vt 0.25390625 0.3515625
vt 0.251953125 0.3515625
vn 0 0 -1
vn 1 0 0
vn 0 0 1
vn -1 0 0
vn 0 1 0
vn 0 -1 0
usemtl m_6efbde36-fe6b-30a1-7d2b-08d2c4687efe
f 729/2185/547 730/2186/547 731/2187/547 732/2188/547
f 733/2189/548 729/2190/548 732/2191/548 734/2192/548
f 735/2193/549 733/2194/549 734/2195/549 736/2196/549
f 730/2197/550 735/2198/550 736/2199/550 731/2200/550
f 736/2201/551 734/2202/551 732/2203/551 731/2204/551
f 730/2205/552 729/2206/552 733/2207/552 735/2208/552
o cube
v -2.375 -0.5 -0.75
v -2.4375 -0.5 -0.75
v -2.4375 0.5 -0.75
v -2.375 0.5 -0.75
v -2.375 -0.5 0.75
v -2.375 0.5 0.75
v -2.4375 -0.5 0.75
v -2.4375 0.5 0.75
vt 0.2890625 0.759765625
vt 0.291015625 0.759765625
vt 0.291015625 0.791015625
vt 0.2890625 0.791015625
vt 0.29296875 0.359375
vt 0.33984375 0.359375
vt 0.33984375 0.390625
vt 0.29296875 0.390625
vt 0.29296875 0.830078125
vt 0.294921875 0.830078125
vt 0.294921875 0.861328125
vt 0.29296875 0.861328125
vt 0.341796875 0.359375
vt 0.388671875 0.359375
vt 0.388671875 0.390625
vt 0.341796875 0.390625
vt 0.255859375 0.3046875
vt 0.2578125 0.3046875
vt 0.2578125 0.3515625
vt 0.255859375 0.3515625
vt 0.259765625 0.3046875
vt 0.26171875 0.3046875
vt 0.26171875 0.3515625
vt 0.259765625 0.3515625
vn 0 0 -1
vn 1 0 0
vn 0 0 1
vn -1 0 0
vn 0 1 0
vn 0 -1 0
usemtl m_6efbde36-fe6b-30a1-7d2b-08d2c4687efe
f 737/2209/553 738/2210/553 739/2211/553 740/2212/553
f 741/2213/554 737/2214/554 740/2215/554 742/2216/554
f 743/2217/555 741/2218/555 742/2219/555 744/2220/555
f 738/2221/556 743/2222/556 744/2223/556 739/2224/556
f 744/2225/557 742/2226/557 740/2227/557 739/2228/557
f 738/2229/558 737/2230/558 741/2231/558 743/2232/558
o cube
v -2.4375 -0.5 -0.75
v -2.5 -0.5 -0.75
v -2.5 0.75 -0.75
v -2.4375 0.75 -0.75
v -2.4375 -0.5 0.75
v -2.4375 0.75 0.75
v -2.5 -0.5 0.75
v -2.5 0.75 0.75
vt 0.6796875 0.76171875
vt 0.681640625 0.76171875
vt 0.681640625 0.80078125
vt 0.6796875 0.80078125
vt 0.56640625 0.560546875
vt 0.61328125 0.560546875
vt 0.61328125 0.599609375
vt 0.56640625 0.599609375
vt 0.6796875 0.720703125
vt 0.681640625 0.720703125
vt 0.681640625 0.759765625
vt 0.6796875 0.759765625
vt 0.56640625 0.51953125
vt 0.61328125 0.51953125
vt 0.61328125 0.55859375
vt 0.56640625 0.55859375
vt 0.263671875 0.3046875
vt 0.265625 0.3046875
vt 0.265625 0.3515625
vt 0.263671875 0.3515625
vt 0.267578125 0.3046875
vt 0.26953125 0.3046875
vt 0.26953125 0.3515625
vt 0.267578125 0.3515625
vn 0 0 -1
vn 1 0 0
vn 0 0 1
vn -1 0 0
vn 0 1 0
vn 0 -1 0
usemtl m_6efbde36-fe6b-30a1-7d2b-08d2c4687efe
f 745/2233/559 746/2234/559 747/2235/559 748/2236/559
f 749/2237/560 745/2238/560 748/2239/560 750/2240/560
f 751/2241/561 749/2242/561 750/2243/561 752/2244/561
f 746/2245/562 751/2246/562 752/2247/562 747/2248/562
f 752/2249/563 750/2250/563 748/2251/563 747/2252/563
f 746/2253/564 745/2254/564 749/2255/564 751/2256/564
o cube
v -2.5625 -0.5 -0.75
v -2.625 -0.5 -0.75
v -2.625 5.0625 -0.75
v -2.5625 5.0625 -0.75
v -2.5625 -0.5 0.75
v -2.5625 5.0625 0.75
v -2.625 -0.5 0.75
v -2.625 5.0625 0.75
vt 0.537109375 0.216796875
vt 0.5390625 0.216796875
vt 0.5390625 0.390625
vt 0.537109375 0.390625
vt 0.201171875 0.544921875
vt 0.248046875 0.544921875
vt 0.248046875 0.71875
vt 0.201171875 0.71875
vt 0.541015625 0.216796875
vt 0.54296875 0.216796875
vt 0.54296875 0.390625
vt 0.541015625 0.390625
vt 0.2734375 0.544921875
vt 0.3203125 0.544921875
vt 0.3203125 0.71875
vt 0.2734375 0.71875
vt 0.271484375 0.3046875
vt 0.2734375 0.3046875
vt 0.2734375 0.3515625
vt 0.271484375 0.3515625
vt 0.275390625 0.3046875
vt 0.27734375 0.3046875
vt 0.27734375 0.3515625
vt 0.275390625 0.3515625
vn 0 0 -1
vn 1 0 0
vn 0 0 1
vn -1 0 0
vn 0 1 0
vn 0 -1 0
usemtl m_6efbde36-fe6b-30a1-7d2b-08d2c4687efe
f 753/2257/565 754/2258/565 755/2259/565 756/2260/565
f 757/2261/566 753/2262/566 756/2263/566 758/2264/566
f 759/2265/567 757/2266/567 758/2267/567 760/2268/567
f 754/2269/568 759/2270/568 760/2271/568 755/2272/568
f 760/2273/569 758/2274/569 756/2275/569 755/2276/569
f 754/2277/570 753/2278/570 757/2279/570 759/2280/570
o cube
v -2.5 1.6875 -0.75
v -2.5625 1.6875 -0.75
v -2.5625 5.0625 -0.75
v -2.5 5.0625 -0.75
v -2.5 1.6875 0.75
v -2.5 5.0625 0.75
v -2.5625 1.6875 0.75
v -2.5625 5.0625 0.75
vt 0.087890625 0.609375
vt 0.08984375 0.609375
vt 0.08984375 0.71484375
vt 0.087890625 0.71484375
vt 0 0.609375
vt 0.046875 0.609375
vt 0.046875 0.71484375
vt 0 0.71484375
vt 0.26953125 0.5625
vt 0.271484375 0.5625
vt 0.271484375 0.66796875
vt 0.26953125 0.66796875
vt 0.29296875 0.86328125
vt 0.33984375 0.86328125
vt 0.33984375 0.96875
vt 0.29296875 0.96875
vt 0.279296875 0.3046875
vt 0.28125 0.3046875
vt 0.28125 0.3515625
vt 0.279296875 0.3515625
vt 0.283203125 0.3046875
vt 0.28515625 0.3046875
vt 0.28515625 0.3515625
vt 0.283203125 0.3515625
vn 0 0 -1
vn 1 0 0
vn 0 0 1
vn -1 0 0
vn 0 1 0
vn 0 -1 0
usemtl m_6efbde36-fe6b-30a1-7d2b-08d2c4687efe
f 761/2281/571 762/2282/571 763/2283/571 764/2284/571
f 765/2285/572 761/2286/572 764/2287/572 766/2288/572
f 767/2289/573 765/2290/573 766/2291/573 768/2292/573
f 762/2293/574 767/2294/574 768/2295/574 763/2296/574
f 768/2297/575 766/2298/575 764/2299/575 763/2300/575
f 762/2301/576 761/2302/576 765/2303/576 767/2304/576
o cube
v -2.4375 2.0625 -0.75
v -2.5 2.0625 -0.75
v -2.5 5.0625 -0.75
v -2.4375 5.0625 -0.75
v -2.4375 2.0625 0.75
v -2.4375 5.0625 0.75
v -2.5 2.0625 0.75
v -2.5 5.0625 0.75
vt 0.01171875 0.263671875
vt 0.013671875 0.263671875
vt 0.013671875 0.357421875
vt 0.01171875 0.357421875
vt 0.341796875 0.90625
vt 0.388671875 0.90625
vt 0.388671875 1
vt 0.341796875 1
vt 0.015625 0.263671875
vt 0.017578125 0.263671875
vt 0.017578125 0.357421875
vt 0.015625 0.357421875
vt 0.345703125 0.810546875
vt 0.392578125 0.810546875
vt 0.392578125 0.904296875
vt 0.345703125 0.904296875
vt 0.390625 0.3046875
vt 0.392578125 0.3046875
vt 0.392578125 0.3515625
vt 0.390625 0.3515625
vt 0.39453125 0.3046875
vt 0.396484375 0.3046875
vt 0.396484375 0.3515625
vt 0.39453125 0.3515625
vn 0 0 -1
vn 1 0 0
vn 0 0 1
vn -1 0 0
vn 0 1 0
vn 0 -1 0
usemtl m_6efbde36-fe6b-30a1-7d2b-08d2c4687efe
f 769/2305/577 770/2306/577 771/2307/577 772/2308/577
f 773/2309/578 769/2310/578 772/2311/578 774/2312/578
f 775/2313/579 773/2314/579 774/2315/579 776/2316/579
f 770/2317/580 775/2318/580 776/2319/580 771/2320/580
f 776/2321/581 774/2322/581 772/2323/581 771/2324/581
f 770/2325/582 769/2326/582 773/2327/582 775/2328/582
o cube
v -2.375 2.375 -0.75
v -2.4375 2.375 -0.75
v -2.4375 5.0625 -0.75
v -2.375 5.0625 -0.75
v -2.375 2.375 0.75
v -2.375 5.0625 0.75
v -2.4375 2.375 0.75
v -2.4375 5.0625 0.75
vt 0.365234375 0.2734375
vt 0.3671875 0.2734375
vt 0.3671875 0.357421875
vt 0.365234375 0.357421875
vt 0.37109375 0.62890625
vt 0.41796875 0.62890625
vt 0.41796875 0.712890625
vt 0.37109375 0.712890625
vt 0.369140625 0.2734375
vt 0.37109375 0.2734375
vt 0.37109375 0.357421875
vt 0.369140625 0.357421875
vt 0.37109375 0.54296875
vt 0.41796875 0.54296875
vt 0.41796875 0.626953125
vt 0.37109375 0.626953125
vt 0.3984375 0.3046875
vt 0.400390625 0.3046875
vt 0.400390625 0.3515625
vt 0.3984375 0.3515625
vt 0.40234375 0.3046875
vt 0.404296875 0.3046875
vt 0.404296875 0.3515625
vt 0.40234375 0.3515625
vn 0 0 -1
vn 1 0 0
vn 0 0 1
vn -1 0 0
vn 0 1 0
vn 0 -1 0
usemtl m_6efbde36-fe6b-30a1-7d2b-08d2c4687efe
f 777/2329/583 778/2330/583 779/2331/583 780/2332/583
f 781/2333/584 777/2334/584 780/2335/584 782/2336/584
f 783/2337/585 781/2338/585 782/2339/585 784/2340/585
f 778/2341/586 783/2342/586 784/2343/586 779/2344/586
f 784/2345/587 782/2346/587 780/2347/587 779/2348/587
f 778/2349/588 777/2350/588 781/2351/588 783/2352/588
o cube
v -2.3125 2.625 -0.75
v -2.375 2.625 -0.75
v -2.375 5.0625 -0.75
v -2.3125 5.0625 -0.75
v -2.3125 2.625 0.75
v -2.3125 5.0625 0.75
v -2.375 2.625 0.75
v -2.375 5.0625 0.75
vt 0.38671875 0.28125
vt 0.388671875 0.28125
vt 0.388671875 0.357421875
vt 0.38671875 0.357421875
vt 0.39453125 0.837890625
vt 0.44140625 0.837890625
vt 0.44140625 0.9140625
vt 0.39453125 0.9140625
vt 0.451171875 0.28125
vt 0.453125 0.28125
vt 0.453125 0.357421875
vt 0.451171875 0.357421875
vt 0.419921875 0.759765625
vt 0.466796875 0.759765625
vt 0.466796875 0.8359375
vt 0.419921875 0.8359375
vt 0.40625 0.3046875
vt 0.408203125 0.3046875
vt 0.408203125 0.3515625
vt 0.40625 0.3515625
vt 0.41015625 0.3046875
vt 0.412109375 0.3046875
vt 0.412109375 0.3515625
vt 0.41015625 0.3515625
vn 0 0 -1
vn 1 0 0
vn 0 0 1
vn -1 0 0
vn 0 1 0
vn 0 -1 0
usemtl m_6efbde36-fe6b-30a1-7d2b-08d2c4687efe
f 785/2353/589 786/2354/589 787/2355/589 788/2356/589
f 789/2357/590 785/2358/590 788/2359/590 790/2360/590
f 791/2361/591 789/2362/591 790/2363/591 792/2364/591
f 786/2365/592 791/2366/592 792/2367/592 787/2368/592
f 792/2369/593 790/2370/593 788/2371/593 787/2372/593
f 786/2373/594 785/2374/594 789/2375/594 791/2376/594
o cube
v -2.25 2.8125 -0.75
v -2.3125 2.8125 -0.75
v -2.3125 5.0625 -0.75
v -2.25 5.0625 -0.75
v -2.25 2.8125 0.75
v -2.25 5.0625 0.75
v -2.3125 2.8125 0.75
v -2.3125 5.0625 0.75
vt 0.462890625 0.287109375
vt 0.46484375 0.287109375
vt 0.46484375 0.357421875
vt 0.462890625 0.357421875
vt 0.419921875 0.53125
vt 0.466796875 0.53125
vt 0.466796875 0.6015625
vt 0.419921875 0.6015625
vt 0.466796875 0.287109375
vt 0.46875 0.287109375
vt 0.46875 0.357421875
vt 0.466796875 0.357421875
vt 0.439453125 0.9296875
vt 0.486328125 0.9296875
vt 0.486328125 1
vt 0.439453125 1
vt 0.4140625 0.3046875
vt 0.416015625 0.3046875
vt 0.416015625 0.3515625
vt 0.4140625 0.3515625
vt 0.41796875 0.3046875
vt 0.419921875 0.3046875
vt 0.419921875 0.3515625
vt 0.41796875 0.3515625
vn 0 0 -1
vn 1 0 0
vn 0 0 1
vn -1 0 0
vn 0 1 0
vn 0 -1 0
usemtl m_6efbde36-fe6b-30a1-7d2b-08d2c4687efe
f 793/2377/595 794/2378/595 795/2379/595 796/2380/595
f 797/2381/596 793/2382/596 796/2383/596 798/2384/596
f 799/2385/597 797/2386/597 798/2387/597 800/2388/597
f 794/2389/598 799/2390/598 800/2391/598 795/2392/598
f 800/2393/599 798/2394/599 796/2395/599 795/2396/599
f 794/2397/600 793/2398/600 797/2399/600 799/2400/600
o cube
v -2.1875 3.0625 -0.75
v -2.25 3.0625 -0.75
v -2.25 5.0625 -0.75
v -2.1875 5.0625 -0.75
v -2.1875 3.0625 0.75
v -2.1875 5.0625 0.75
v -2.25 3.0625 0.75
v -2.25 5.0625 0.75
vt 0.2890625 0.86328125
vt 0.291015625 0.86328125
vt 0.291015625 0.92578125
vt 0.2890625 0.92578125
vt 0.189453125 0.48046875
vt 0.236328125 0.48046875
vt 0.236328125 0.54296875
vt 0.189453125 0.54296875
vt 0.087890625 0.544921875
vt 0.08984375 0.544921875
vt 0.08984375 0.607421875
vt 0.087890625 0.607421875
vt 0.23828125 0.48046875
vt 0.28515625 0.48046875
vt 0.28515625 0.54296875
vt 0.23828125 0.54296875
vt 0.421875 0.3046875
vt 0.423828125 0.3046875
vt 0.423828125 0.3515625
vt 0.421875 0.3515625
vt 0.42578125 0.3046875
vt 0.427734375 0.3046875
vt 0.427734375 0.3515625
vt 0.42578125 0.3515625
vn 0 0 -1
vn 1 0 0
vn 0 0 1
vn -1 0 0
vn 0 1 0
vn 0 -1 0
usemtl m_6efbde36-fe6b-30a1-7d2b-08d2c4687efe
f 801/2401/601 802/2402/601 803/2403/601 804/2404/601
f 805/2405/602 801/2406/602 804/2407/602 806/2408/602
f 807/2409/603 805/2410/603 806/2411/603 808/2412/603
f 802/2413/604 807/2414/604 808/2415/604 803/2416/604
f 808/2417/605 806/2418/605 804/2419/605 803/2420/605
f 802/2421/606 801/2422/606 805/2423/606 807/2424/606
o cube
v -2.125 3.1875 -0.75
v -2.1875 3.1875 -0.75
v -2.1875 5.0625 -0.75
v -2.125 5.0625 -0.75
v -2.125 3.1875 0.75
v -2.125 5.0625 0.75
v -2.1875 3.1875 0.75
v -2.1875 5.0625 0.75
vt 0.486328125 0.298828125
vt 0.48828125 0.298828125
vt 0.48828125 0.357421875
vt 0.486328125 0.357421875
vt 0.37109375 0.482421875
vt 0.41796875 0.482421875
vt 0.41796875 0.541015625
vt 0.37109375 0.541015625
vt 0.490234375 0.298828125
vt 0.4921875 0.298828125
vt 0.4921875 0.357421875
vt 0.490234375 0.357421875
vt 0.46875 0.796875
vt 0.515625 0.796875
vt 0.515625 0.85546875
vt 0.46875 0.85546875
vt 0.4296875 0.3046875
vt 0.431640625 0.3046875
vt 0.431640625 0.3515625
vt 0.4296875 0.3515625
vt 0.43359375 0.3046875
vt 0.435546875 0.3046875
vt 0.435546875 0.3515625
vt 0.43359375 0.3515625
vn 0 0 -1
vn 1 0 0
vn 0 0 1
vn -1 0 0
vn 0 1 0
vn 0 -1 0
usemtl m_6efbde36-fe6b-30a1-7d2b-08d2c4687efe
f 809/2425/607 810/2426/607 811/2427/607 812/2428/607
f 813/2429/608 809/2430/608 812/2431/608 814/2432/608
f 815/2433/609 813/2434/609 814/2435/609 816/2436/609
f 810/2437/610 815/2438/610 816/2439/610 811/2440/610
f 816/2441/611 814/2442/611 812/2443/611 811/2444/611
f 810/2445/612 809/2446/612 813/2447/612 815/2448/612
o cube
v -2.0625 3.3125 -0.75
v -2.125 3.3125 -0.75
v -2.125 5.0625 -0.75
v -2.0625 5.0625 -0.75
v -2.0625 3.3125 0.75
v -2.0625 5.0625 0.75
v -2.125 3.3125 0.75
v -2.125 5.0625 0.75
vt 0.501953125 0.302734375
vt 0.50390625 0.302734375
vt 0.50390625 0.357421875
vt 0.501953125 0.357421875
vt 0.46875 0.619140625
vt 0.515625 0.619140625
vt 0.515625 0.673828125
vt 0.46875 0.673828125
vt 0.505859375 0.302734375
vt 0.5078125 0.302734375
vt 0.5078125 0.357421875
vt 0.505859375 0.357421875
vt 0.46875 0.5625
vt 0.515625 0.5625
vt 0.515625 0.6171875
vt 0.46875 0.6171875
vt 0.552734375 0.3046875
vt 0.5546875 0.3046875
vt 0.5546875 0.3515625
vt 0.552734375 0.3515625
vt 0.556640625 0.3046875
vt 0.55859375 0.3046875
vt 0.55859375 0.3515625
vt 0.556640625 0.3515625
vn 0 0 -1
vn 1 0 0
vn 0 0 1
vn -1 0 0
vn 0 1 0
vn 0 -1 0
usemtl m_6efbde36-fe6b-30a1-7d2b-08d2c4687efe
f 817/2449/613 818/2450/613 819/2451/613 820/2452/613
f 821/2453/614 817/2454/614 820/2455/614 822/2456/614
f 823/2457/615 821/2458/615 822/2459/615 824/2460/615
f 818/2461/616 823/2462/616 824/2463/616 819/2464/616
f 824/2465/617 822/2466/617 820/2467/617 819/2468/617
f 818/2469/618 817/2470/618 821/2471/618 823/2472/618
o cube
v -2 3.375 -0.75
v -2.0625 3.375 -0.75
v -2.0625 5.0625 -0.75
v -2 5.0625 -0.75
v -2 3.375 0.75
v -2 5.0625 0.75
v -2.0625 3.375 0.75
v -2.0625 5.0625 0.75
vt 0.517578125 0.3046875
vt 0.51953125 0.3046875
vt 0.51953125 0.357421875
vt 0.517578125 0.357421875
vt 0 0.46875
vt 0.046875 0.46875
vt 0.046875 0.521484375
vt 0 0.521484375
vt 0.521484375 0.3046875
vt 0.5234375 0.3046875
vt 0.5234375 0.357421875
vt 0.521484375 0.357421875
vt 0.48828125 0.947265625
vt 0.53515625 0.947265625
vt 0.53515625 1
vt 0.48828125 1
vt 0.615234375 0.3046875
vt 0.6171875 0.3046875
vt 0.6171875 0.3515625
vt 0.615234375 0.3515625
vt 0.619140625 0.3046875
vt 0.62109375 0.3046875
vt 0.62109375 0.3515625
vt 0.619140625 0.3515625
vn 0 0 -1
vn 1 0 0
vn 0 0 1
vn -1 0 0
vn 0 1 0
vn 0 -1 0
usemtl m_6efbde36-fe6b-30a1-7d2b-08d2c4687efe
f 825/2473/619 826/2474/619 827/2475/619 828/2476/619
f 829/2477/620 825/2478/620 828/2479/620 830/2480/620
f 831/2481/621 829/2482/621 830/2483/621 832/2484/621
f 826/2485/622 831/2486/622 832/2487/622 827/2488/622
f 832/2489/623 830/2490/623 828/2491/623 827/2492/623
f 826/2493/624 825/2494/624 829/2495/624 831/2496/624
o cube
v -1.9375 3.4375 -0.75
v -2 3.4375 -0.75
v -2 5.0625 -0.75
v -1.9375 5.0625 -0.75
v -1.9375 3.4375 0.75
v -1.9375 5.0625 0.75
v -2 3.4375 0.75
v -2 5.0625 0.75
vt 0.533203125 0.306640625
vt 0.53515625 0.306640625
vt 0.53515625 0.357421875
vt 0.533203125 0.357421875
vt 0.517578125 0.83984375
vt 0.564453125 0.83984375
vt 0.564453125 0.890625
vt 0.517578125 0.890625
vt 0.048828125 0.3046875
vt 0.05078125 0.3046875
vt 0.05078125 0.35546875
vt 0.048828125 0.35546875
vt 0.517578125 0.787109375
vt 0.564453125 0.787109375
vt 0.564453125 0.837890625
vt 0.517578125 0.837890625
vt 0.623046875 0.3046875
vt 0.625 0.3046875
vt 0.625 0.3515625
vt 0.623046875 0.3515625
vt 0.626953125 0.3046875
vt 0.62890625 0.3046875
vt 0.62890625 0.3515625
vt 0.626953125 0.3515625
vn 0 0 -1
vn 1 0 0
vn 0 0 1
vn -1 0 0
vn 0 1 0
vn 0 -1 0
usemtl m_6efbde36-fe6b-30a1-7d2b-08d2c4687efe
f 833/2497/625 834/2498/625 835/2499/625 836/2500/625
f 837/2501/626 833/2502/626 836/2503/626 838/2504/626
f 839/2505/627 837/2506/627 838/2507/627 840/2508/627
f 834/2509/628 839/2510/628 840/2511/628 835/2512/628
f 840/2513/629 838/2514/629 836/2515/629 835/2516/629
f 834/2517/630 833/2518/630 837/2519/630 839/2520/630
o cube
v -1.875 3.5 -0.75
v -1.9375 3.5 -0.75
v -1.9375 5.0625 -0.75
v -1.875 5.0625 -0.75
v -1.875 3.5 0.75
v -1.875 5.0625 0.75
v -1.9375 3.5 0.75
v -1.9375 5.0625 0.75
vt 0.060546875 0.306640625
vt 0.0625 0.306640625
vt 0.0625 0.35546875
vt 0.060546875 0.35546875
vt 0.517578125 0.630859375
vt 0.564453125 0.630859375
vt 0.564453125 0.6796875
vt 0.517578125 0.6796875
vt 0.064453125 0.306640625
vt 0.06640625 0.306640625
vt 0.06640625 0.35546875
vt 0.064453125 0.35546875
vt 0.517578125 0.580078125
vt 0.564453125 0.580078125
vt 0.564453125 0.62890625
vt 0.517578125 0.62890625
vt 0.630859375 0.3046875
vt 0.6328125 0.3046875
vt 0.6328125 0.3515625
vt 0.630859375 0.3515625
vt 0.634765625 0.3046875
vt 0.63671875 0.3046875
vt 0.63671875 0.3515625
vt 0.634765625 0.3515625
vn 0 0 -1
vn 1 0 0
vn 0 0 1
vn -1 0 0
vn 0 1 0
vn 0 -1 0
usemtl m_6efbde36-fe6b-30a1-7d2b-08d2c4687efe
f 841/2521/631 842/2522/631 843/2523/631 844/2524/631
f 845/2525/632 841/2526/632 844/2527/632 846/2528/632
f 847/2529/633 845/2530/633 846/2531/633 848/2532/633
f 842/2533/634 847/2534/634 848/2535/634 843/2536/634
f 848/2537/635 846/2538/635 844/2539/635 843/2540/635
f 842/2541/636 841/2542/636 845/2543/636 847/2544/636
o cube
v -1.75 3.5625 -0.75
v -1.875 3.5625 -0.75
v -1.875 5.0625 -0.75
v -1.75 5.0625 -0.75
v -1.75 3.5625 0.75
v -1.75 5.0625 0.75
v -1.875 3.5625 0.75
v -1.875 5.0625 0.75
vt 0.01953125 0.310546875
vt 0.0234375 0.310546875
vt 0.0234375 0.357421875
vt 0.01953125 0.357421875
vt 0.1953125 0.431640625
vt 0.2421875 0.431640625
vt 0.2421875 0.478515625
vt 0.1953125 0.478515625
vt 0.025390625 0.310546875
vt 0.029296875 0.310546875
vt 0.029296875 0.357421875
vt 0.025390625 0.357421875
vt 0.244140625 0.431640625
vt 0.291015625 0.431640625
vt 0.291015625 0.478515625
vt 0.244140625 0.478515625
vt 0.03125 0.310546875
vt 0.03515625 0.310546875
vt 0.03515625 0.357421875
vt 0.03125 0.357421875
vt 0.037109375 0.310546875
vt 0.041015625 0.310546875
vt 0.041015625 0.357421875
vt 0.037109375 0.357421875
vn 0 0 -1
vn 1 0 0
vn 0 0 1
vn -1 0 0
vn 0 1 0
vn 0 -1 0
usemtl m_6efbde36-fe6b-30a1-7d2b-08d2c4687efe
f 849/2545/637 850/2546/637 851/2547/637 852/2548/637
f 853/2549/638 849/2550/638 852/2551/638 854/2552/638
f 855/2553/639 853/2554/639 854/2555/639 856/2556/639
f 850/2557/640 855/2558/640 856/2559/640 851/2560/640
f 856/2561/641 854/2562/641 852/2563/641 851/2564/641
f 850/2565/642 849/2566/642 853/2567/642 855/2568/642
o cube
v -1.6875 3.625 -0.75
v -1.75 3.625 -0.75
v -1.75 5.0625 -0.75
v -1.6875 5.0625 -0.75
v -1.6875 3.625 0.75
v -1.6875 5.0625 0.75
v -1.75 3.625 0.75
v -1.75 5.0625 0.75
vt 0.67578125 0.689453125
vt 0.677734375 0.689453125
vt 0.677734375 0.734375
vt 0.67578125 0.734375
vt 0.419921875 0.427734375
vt 0.466796875 0.427734375
vt 0.466796875 0.47265625
vt 0.419921875 0.47265625
vt 0.67578125 0.642578125
vt 0.677734375 0.642578125
vt 0.677734375 0.6875
vt 0.67578125 0.6875
vt 0 0.421875
vt 0.046875 0.421875
vt 0.046875 0.466796875
vt 0 0.466796875
vt 0.638671875 0.3046875
vt 0.640625 0.3046875
vt 0.640625 0.3515625
vt 0.638671875 0.3515625
vt 0.642578125 0.3046875
vt 0.64453125 0.3046875
vt 0.64453125 0.3515625
vt 0.642578125 0.3515625
vn 0 0 -1
vn 1 0 0
vn 0 0 1
vn -1 0 0
vn 0 1 0
vn 0 -1 0
usemtl m_6efbde36-fe6b-30a1-7d2b-08d2c4687efe
f 857/2569/643 858/2570/643 859/2571/643 860/2572/643
f 861/2573/644 857/2574/644 860/2575/644 862/2576/644
f 863/2577/645 861/2578/645 862/2579/645 864/2580/645
f 858/2581/646 863/2582/646 864/2583/646 859/2584/646
f 864/2585/647 862/2586/647 860/2587/647 859/2588/647
f 858/2589/648 857/2590/648 861/2591/648 863/2592/648
o cube
v -1.625 3.6875 -0.75
v -1.6875 3.6875 -0.75
v -1.6875 5.0625 -0.75
v -1.625 5.0625 -0.75
v -1.625 3.6875 0.75
v -1.625 5.0625 0.75
v -1.6875 3.6875 0.75
v -1.6875 5.0625 0.75
vt 0.67578125 0.50390625
vt 0.677734375 0.50390625
vt 0.677734375 0.546875
vt 0.67578125 0.546875
vt 0.46875 0.40625
vt 0.515625 0.40625
vt 0.515625 0.44921875
vt 0.46875 0.44921875
vt 0.67578125 0.458984375
vt 0.677734375 0.458984375
vt 0.677734375 0.501953125
vt 0.67578125 0.501953125
vt 0.56640625 0.86328125
vt 0.61328125 0.86328125
vt 0.61328125 0.90625
vt 0.56640625 0.90625
vt 0.646484375 0.3046875
vt 0.6484375 0.3046875
vt 0.6484375 0.3515625
vt 0.646484375 0.3515625
vt 0.650390625 0.3046875
vt 0.65234375 0.3046875
vt 0.65234375 0.3515625
vt 0.650390625 0.3515625
vn 0 0 -1
vn 1 0 0
vn 0 0 1
vn -1 0 0
vn 0 1 0
vn 0 -1 0
usemtl m_6efbde36-fe6b-30a1-7d2b-08d2c4687efe
f 865/2593/649 866/2594/649 867/2595/649 868/2596/649
f 869/2597/650 865/2598/650 868/2599/650 870/2600/650
f 871/2601/651 869/2602/651 870/2603/651 872/2604/651
f 866/2605/652 871/2606/652 872/2607/652 867/2608/652
f 872/2609/653 870/2610/653 868/2611/653 867/2612/653
f 866/2613/654 865/2614/654 869/2615/654 871/2616/654
o cube
v -1.5625 3.75 -0.75
v -1.625 3.75 -0.75
v -1.625 5.0625 -0.75
v -1.5625 5.0625 -0.75
v -1.5625 3.75 0.75
v -1.5625 5.0625 0.75
v -1.625 3.75 0.75
v -1.625 5.0625 0.75
vt 0.341796875 0.86328125
vt 0.34375 0.86328125
vt 0.34375 0.904296875
vt 0.341796875 0.904296875
vt 0.56640625 0.73046875
vt 0.61328125 0.73046875
vt 0.61328125 0.771484375
vt 0.56640625 0.771484375
vt 0.6796875 0.888671875
vt 0.681640625 0.888671875
vt 0.681640625 0.9296875
vt 0.6796875 0.9296875
vt 0.56640625 0.6875
vt 0.61328125 0.6875
vt 0.61328125 0.728515625
vt 0.56640625 0.728515625
vt 0.103515625 0.30078125
vt 0.10546875 0.30078125
vt 0.10546875 0.34765625
vt 0.103515625 0.34765625
vt 0.107421875 0.30078125
vt 0.109375 0.30078125
vt 0.109375 0.34765625
vt 0.107421875 0.34765625
vn 0 0 -1
vn 1 0 0
vn 0 0 1
vn -1 0 0
vn 0 1 0
vn 0 -1 0
usemtl m_6efbde36-fe6b-30a1-7d2b-08d2c4687efe
f 873/2617/655 874/2618/655 875/2619/655 876/2620/655
f 877/2621/656 873/2622/656 876/2623/656 878/2624/656
f 879/2625/657 877/2626/657 878/2627/657 880/2628/657
f 874/2629/658 879/2630/658 880/2631/658 875/2632/658
f 880/2633/659 878/2634/659 876/2635/659 875/2636/659
f 874/2637/660 873/2638/660 877/2639/660 879/2640/660
o cube
v -1.4375 3.8125 -0.75
v -1.5625 3.8125 -0.75
v -1.5625 5.0625 -0.75
v -1.4375 5.0625 -0.75
v -1.4375 3.8125 0.75
v -1.4375 5.0625 0.75
v -1.5625 3.8125 0.75
v -1.5625 5.0625 0.75
vt 0.365234375 0.439453125
vt 0.369140625 0.439453125
vt 0.369140625 0.478515625
vt 0.365234375 0.478515625
vt 0.56640625 0.478515625
vt 0.61328125 0.478515625
vt 0.61328125 0.517578125
vt 0.56640625 0.517578125
vt 0.380859375 0.318359375
vt 0.384765625 0.318359375
vt 0.384765625 0.357421875
vt 0.380859375 0.357421875
vt 0.56640625 0.4375
vt 0.61328125 0.4375
vt 0.61328125 0.4765625
vt 0.56640625 0.4765625
vt 0.04296875 0.310546875
vt 0.046875 0.310546875
vt 0.046875 0.357421875
vt 0.04296875 0.357421875
vt 0.29296875 0.310546875
vt 0.296875 0.310546875
vt 0.296875 0.357421875
vt 0.29296875 0.357421875
vn 0 0 -1
vn 1 0 0
vn 0 0 1
vn -1 0 0
vn 0 1 0
vn 0 -1 0
usemtl m_6efbde36-fe6b-30a1-7d2b-08d2c4687efe
f 881/2641/661 882/2642/661 883/2643/661 884/2644/661
f 885/2645/662 881/2646/662 884/2647/662 886/2648/662
f 887/2649/663 885/2650/663 886/2651/663 888/2652/663
f 882/2653/664 887/2654/664 888/2655/664 883/2656/664
f 888/2657/665 886/2658/665 884/2659/665 883/2660/665
f 882/2661/666 881/2662/666 885/2663/666 887/2664/666
o cube
v -1.25 3.875 -0.75
v -1.4375 3.875 -0.75
v -1.4375 5.0625 -0.75
v -1.25 5.0625 -0.75
v -1.25 3.875 0.75
v -1.25 5.0625 0.75
v -1.4375 3.875 0.75
v -1.4375 5.0625 0.75
vt 0.341796875 0.44140625
vt 0.34765625 0.44140625
vt 0.34765625 0.478515625
vt 0.341796875 0.478515625
vt 0.244140625 0.392578125
vt 0.291015625 0.392578125
vt 0.291015625 0.4296875
vt 0.244140625 0.4296875
vt 0.349609375 0.44140625
vt 0.35546875 0.44140625
vt 0.35546875 0.478515625
vt 0.349609375 0.478515625
vt 0.29296875 0.392578125
vt 0.33984375 0.392578125
vt 0.33984375 0.4296875
vt 0.29296875 0.4296875
vt 0.259765625 0.572265625
vt 0.265625 0.572265625
vt 0.265625 0.619140625
vt 0.259765625 0.619140625
vt 0.287109375 0.49609375
vt 0.29296875 0.49609375
vt 0.29296875 0.54296875
vt 0.287109375 0.54296875
vn 0 0 -1
vn 1 0 0
vn 0 0 1
vn -1 0 0
vn 0 1 0
vn 0 -1 0
usemtl m_6efbde36-fe6b-30a1-7d2b-08d2c4687efe
f 889/2665/667 890/2666/667 891/2667/667 892/2668/667
f 893/2669/668 889/2670/668 892/2671/668 894/2672/668
f 895/2673/669 893/2674/669 894/2675/669 896/2676/669
f 890/2677/670 895/2678/670 896/2679/670 891/2680/670
f 896/2681/671 894/2682/671 892/2683/671 891/2684/671
f 890/2685/672 889/2686/672 893/2687/672 895/2688/672
o cube
v 1.25 3.9375 -0.75
v 1 3.9375 -0.75
v 1 5.0625 -0.75
v 1.25 5.0625 -0.75
v 1.25 3.9375 0.75
v 1.25 5.0625 0.75
v 1 3.9375 0.75
v 1 5.0625 0.75
vt 0.294921875 0.5078125
vt 0.302734375 0.5078125
vt 0.302734375 0.54296875
vt 0.294921875 0.54296875
vt 0.517578125 0.392578125
vt 0.564453125 0.392578125
vt 0.564453125 0.427734375
vt 0.517578125 0.427734375
vt 0.3046875 0.5078125
vt 0.3125 0.5078125
vt 0.3125 0.54296875
vt 0.3046875 0.54296875
vt 0.390625 0.390625
vt 0.4375 0.390625
vt 0.4375 0.42578125
vt 0.390625 0.42578125
vt 0.26171875 0.669921875
vt 0.26953125 0.669921875
vt 0.26953125 0.716796875
vt 0.26171875 0.716796875
vt 0.189453125 0.62109375
vt 0.197265625 0.62109375
vt 0.197265625 0.66796875
vt 0.189453125 0.66796875
vn 0 0 -1
vn 1 0 0
vn 0 0 1
vn -1 0 0
vn 0 1 0
vn 0 -1 0
usemtl m_6efbde36-fe6b-30a1-7d2b-08d2c4687efe
f 897/2689/673 898/2690/673 899/2691/673 900/2692/673
f 901/2693/674 897/2694/674 900/2695/674 902/2696/674
f 903/2697/675 901/2698/675 902/2699/675 904/2700/675
f 898/2701/676 903/2702/676 904/2703/676 899/2704/676
f 904/2705/677 902/2706/677 900/2707/677 899/2708/677
f 898/2709/678 897/2710/678 901/2711/678 903/2712/678
o cube
v 2.0625 -0.5 -0.75
v 2 -0.5 -0.75
v 2 -0.0625 -0.75
v 2.0625 -0.0625 -0.75
v 2.0625 -0.5 0.75
v 2.0625 -0.0625 0.75
v 2 -0.5 0.75
v 2 -0.0625 0.75
vt 0.2578125 0.556640625
vt 0.259765625 0.556640625
vt 0.259765625 0.5703125
vt 0.2578125 0.5703125
vt 0.615234375 0.4375
vt 0.662109375 0.4375
vt 0.662109375 0.451171875
vt 0.615234375 0.451171875
vt 0.26171875 0.556640625
vt 0.263671875 0.556640625
vt 0.263671875 0.5703125
vt 0.26171875 0.5703125
vt 0.615234375 0.421875
vt 0.662109375 0.421875
vt 0.662109375 0.435546875
vt 0.615234375 0.435546875
vt 0.111328125 0.30078125
vt 0.11328125 0.30078125
vt 0.11328125 0.34765625
vt 0.111328125 0.34765625
vt 0.115234375 0.30078125
vt 0.1171875 0.30078125
vt 0.1171875 0.34765625
vt 0.115234375 0.34765625
vn 0 0 -1
vn 1 0 0
vn 0 0 1
vn -1 0 0
vn 0 1 0
vn 0 -1 0
usemtl m_6efbde36-fe6b-30a1-7d2b-08d2c4687efe
f 905/2713/679 906/2714/679 907/2715/679 908/2716/679
f 909/2717/680 905/2718/680 908/2719/680 910/2720/680
f 911/2721/681 909/2722/681 910/2723/681 912/2724/681
f 906/2725/682 911/2726/682 912/2727/682 907/2728/682
f 912/2729/683 910/2730/683 908/2731/683 907/2732/683
f 906/2733/684 905/2734/684 909/2735/684 911/2736/684
o cube
v 2.125 -0.5 -0.75
v 2.0625 -0.5 -0.75
v 2.0625 0 -0.75
v 2.125 0 -0.75
v 2.125 -0.5 0.75
v 2.125 0 0.75
v 2.0625 -0.5 0.75
v 2.0625 0 0.75
vt 0.193359375 0.5546875
vt 0.1953125 0.5546875
vt 0.1953125 0.5703125
vt 0.193359375 0.5703125
vt 0.615234375 0.501953125
vt 0.662109375 0.501953125
vt 0.662109375 0.517578125
vt 0.615234375 0.517578125
vt 0.197265625 0.5546875
vt 0.19921875 0.5546875
vt 0.19921875 0.5703125
vt 0.197265625 0.5703125
vt 0.615234375 0.484375
vt 0.662109375 0.484375
vt 0.662109375 0.5
vt 0.615234375 0.5
vt 0.119140625 0.30078125
vt 0.12109375 0.30078125
vt 0.12109375 0.34765625
vt 0.119140625 0.34765625
vt 0.123046875 0.30078125
vt 0.125 0.30078125
vt 0.125 0.34765625
vt 0.123046875 0.34765625
vn 0 0 -1
vn 1 0 0
vn 0 0 1
vn -1 0 0
vn 0 1 0
vn 0 -1 0
usemtl m_6efbde36-fe6b-30a1-7d2b-08d2c4687efe
f 913/2737/685 914/2738/685 915/2739/685 916/2740/685
f 917/2741/686 913/2742/686 916/2743/686 918/2744/686
f 919/2745/687 917/2746/687 918/2747/687 920/2748/687
f 914/2749/688 919/2750/688 920/2751/688 915/2752/688
f 920/2753/689 918/2754/689 916/2755/689 915/2756/689
f 914/2757/690 913/2758/690 917/2759/690 919/2760/690
o cube
v 2.1875 -0.5 -0.75
v 2.125 -0.5 -0.75
v 2.125 0.0625 -0.75
v 2.1875 0.0625 -0.75
v 2.1875 -0.5 0.75
v 2.1875 0.0625 0.75
v 2.125 -0.5 0.75
v 2.125 0.0625 0.75
vt 0.41015625 0.818359375
vt 0.412109375 0.818359375
vt 0.412109375 0.8359375
vt 0.41015625 0.8359375
vt 0.615234375 0.57421875
vt 0.662109375 0.57421875
vt 0.662109375 0.591796875
vt 0.615234375 0.591796875
vt 0.4140625 0.818359375
vt 0.416015625 0.818359375
vt 0.416015625 0.8359375
vt 0.4140625 0.8359375
vt 0.615234375 0.5546875
vt 0.662109375 0.5546875
vt 0.662109375 0.572265625
vt 0.615234375 0.572265625
vt 0.126953125 0.30078125
vt 0.12890625 0.30078125
vt 0.12890625 0.34765625
vt 0.126953125 0.34765625
vt 0.130859375 0.30078125
vt 0.1328125 0.30078125
vt 0.1328125 0.34765625
vt 0.130859375 0.34765625
vn 0 0 -1
vn 1 0 0
vn 0 0 1
vn -1 0 0
vn 0 1 0
vn 0 -1 0
usemtl m_6efbde36-fe6b-30a1-7d2b-08d2c4687efe
f 921/2761/691 922/2762/691 923/2763/691 924/2764/691
f 925/2765/692 921/2766/692 924/2767/692 926/2768/692
f 927/2769/693 925/2770/693 926/2771/693 928/2772/693
f 922/2773/694 927/2774/694 928/2775/694 923/2776/694
f 928/2777/695 926/2778/695 924/2779/695 923/2780/695
f 922/2781/696 921/2782/696 925/2783/696 927/2784/696
o cube
v 2.25 -0.5 -0.75
v 2.1875 -0.5 -0.75
v 2.1875 0.125 -0.75
v 2.25 0.125 -0.75
v 2.25 -0.5 0.75
v 2.25 0.125 0.75
v 2.1875 -0.5 0.75
v 2.1875 0.125 0.75
vt 0.3984375 0.81640625
vt 0.400390625 0.81640625
vt 0.400390625 0.8359375
vt 0.3984375 0.8359375
vt 0.615234375 0.654296875
vt 0.662109375 0.654296875
vt 0.662109375 0.673828125
vt 0.615234375 0.673828125
vt 0.40234375 0.81640625
vt 0.404296875 0.81640625
vt 0.404296875 0.8359375
vt 0.40234375 0.8359375
vt 0.615234375 0.6328125
vt 0.662109375 0.6328125
vt 0.662109375 0.65234375
vt 0.615234375 0.65234375
vt 0.134765625 0.30078125
vt 0.13671875 0.30078125
vt 0.13671875 0.34765625
vt 0.134765625 0.34765625
vt 0.138671875 0.30078125
vt 0.140625 0.30078125
vt 0.140625 0.34765625
vt 0.138671875 0.34765625
vn 0 0 -1
vn 1 0 0
vn 0 0 1
vn -1 0 0
vn 0 1 0
vn 0 -1 0
usemtl m_6efbde36-fe6b-30a1-7d2b-08d2c4687efe
f 929/2785/697 930/2786/697 931/2787/697 932/2788/697
f 933/2789/698 929/2790/698 932/2791/698 934/2792/698
f 935/2793/699 933/2794/699 934/2795/699 936/2796/699
f 930/2797/700 935/2798/700 936/2799/700 931/2800/700
f 936/2801/701 934/2802/701 932/2803/701 931/2804/701
f 930/2805/702 929/2806/702 933/2807/702 935/2808/702
o cube
v 2.3125 -0.5 -0.75
v 2.25 -0.5 -0.75
v 2.25 0.25 -0.75
v 2.3125 0.25 -0.75
v 2.3125 -0.5 0.75
v 2.3125 0.25 0.75
v 2.25 -0.5 0.75
v 2.25 0.25 0.75
vt 0.328125 0.9765625
vt 0.330078125 0.9765625
vt 0.330078125 1
vt 0.328125 1
vt 0.615234375 0.744140625
vt 0.662109375 0.744140625
vt 0.662109375 0.767578125
vt 0.615234375 0.767578125
vt 0.33203125 0.9765625
vt 0.333984375 0.9765625
vt 0.333984375 1
vt 0.33203125 1
vt 0.615234375 0.71875
vt 0.662109375 0.71875
vt 0.662109375 0.7421875
vt 0.615234375 0.7421875
vt 0.142578125 0.30078125
vt 0.14453125 0.30078125
vt 0.14453125 0.34765625
vt 0.142578125 0.34765625
vt 0.146484375 0.30078125
vt 0.1484375 0.30078125
vt 0.1484375 0.34765625
vt 0.146484375 0.34765625
vn 0 0 -1
vn 1 0 0
vn 0 0 1
vn -1 0 0
vn 0 1 0
vn 0 -1 0
usemtl m_6efbde36-fe6b-30a1-7d2b-08d2c4687efe
f 937/2809/703 938/2810/703 939/2811/703 940/2812/703
f 941/2813/704 937/2814/704 940/2815/704 942/2816/704
f 943/2817/705 941/2818/705 942/2819/705 944/2820/705
f 938/2821/706 943/2822/706 944/2823/706 939/2824/706
f 944/2825/707 942/2826/707 940/2827/707 939/2828/707
f 938/2829/708 937/2830/708 941/2831/708 943/2832/708
o cube
v 2.375 -0.5 0.75
v 2.375 -0.5 -0.75
v 2.3125 -0.5 -0.75
v 2.3125 0.3125 -0.75
v 2.375 0.3125 -0.75
v 2.375 0.3125 0.75
v 2.3125 -0.5 0.75
v 2.3125 0.3125 0.75
vt 0.306640625 0.974609375
vt 0.30859375 0.974609375
vt 0.30859375 1
vt 0.306640625 1
vt 0.615234375 0.84765625
vt 0.662109375 0.84765625
vt 0.662109375 0.873046875
vt 0.615234375 0.873046875
vt 0.310546875 0.974609375
vt 0.3125 0.974609375
vt 0.3125 1
vt 0.310546875 1
vt 0.615234375 0.8203125
vt 0.662109375 0.8203125
vt 0.662109375 0.845703125
vt 0.615234375 0.845703125
vt 0.150390625 0.30078125
vt 0.15234375 0.30078125
vt 0.15234375 0.34765625
vt 0.150390625 0.34765625
vt 0.154296875 0.30078125
vt 0.15625 0.30078125
vt 0.15625 0.34765625
vt 0.154296875 0.34765625
vn 0 0 -1
vn 1 0 0
vn 0 0 1
vn -1 0 0
vn 0 1 0
vn 0 -1 0
usemtl m_6efbde36-fe6b-30a1-7d2b-08d2c4687efe
f 946/2833/709 947/2834/709 948/2835/709 949/2836/709
f 945/2837/710 946/2838/710 949/2839/710 950/2840/710
f 951/2841/711 945/2842/711 950/2843/711 952/2844/711
f 947/2845/712 951/2846/712 952/2847/712 948/2848/712
f 952/2849/713 950/2850/713 949/2851/713 948/2852/713
f 947/2853/714 946/2854/714 945/2855/714 951/2856/714
o cube
v 2.4375 -0.5 -0.75
v 2.375 -0.5 -0.75
v 2.375 0.5 -0.75
v 2.4375 0.5 -0.75
v 2.4375 -0.5 0.75
v 2.4375 0.5 0.75
v 2.375 -0.5 0.75
v 2.375 0.5 0.75
vt 0.29296875 0.759765625
vt 0.294921875 0.759765625
vt 0.294921875 0.791015625
vt 0.29296875 0.791015625
vt 0.48828125 0.359375
vt 0.53515625 0.359375
vt 0.53515625 0.390625
vt 0.48828125 0.390625
vt 0.318359375 0.72265625
vt 0.3203125 0.72265625
vt 0.3203125 0.75390625
vt 0.318359375 0.75390625
vt 0.048828125 0.357421875
vt 0.095703125 0.357421875
vt 0.095703125 0.388671875
vt 0.048828125 0.388671875
vt 0.158203125 0.30078125
vt 0.16015625 0.30078125
vt 0.16015625 0.34765625
vt 0.158203125 0.34765625
vt 0.162109375 0.30078125
vt 0.1640625 0.30078125
vt 0.1640625 0.34765625
vt 0.162109375 0.34765625
vn 0 0 -1
vn 1 0 0
vn 0 0 1
vn -1 0 0
vn 0 1 0
vn 0 -1 0
usemtl m_6efbde36-fe6b-30a1-7d2b-08d2c4687efe
f 953/2857/715 954/2858/715 955/2859/715 956/2860/715
f 957/2861/716 953/2862/716 956/2863/716 958/2864/716
f 959/2865/717 957/2866/717 958/2867/717 960/2868/717
f 954/2869/718 959/2870/718 960/2871/718 955/2872/718
f 960/2873/719 958/2874/719 956/2875/719 955/2876/719
f 954/2877/720 953/2878/720 957/2879/720 959/2880/720
o cube
v 2.5 -0.5 -0.75
v 2.4375 -0.5 -0.75
v 2.4375 0.75 -0.75
v 2.5 0.75 -0.75
v 2.5 -0.5 0.75
v 2.5 0.75 0.75
v 2.4375 -0.5 0.75
v 2.4375 0.75 0.75
vt 0.6796875 0.6796875
vt 0.681640625 0.6796875
vt 0.681640625 0.71875
vt 0.6796875 0.71875
vt 0.56640625 0.396484375
vt 0.61328125 0.396484375
vt 0.61328125 0.435546875
vt 0.56640625 0.435546875
vt 0.6796875 0.638671875
vt 0.681640625 0.638671875
vt 0.681640625 0.677734375
vt 0.6796875 0.677734375
vt 0.341796875 0.392578125
vt 0.388671875 0.392578125
vt 0.388671875 0.431640625
vt 0.341796875 0.431640625
vt 0.166015625 0.30078125
vt 0.16796875 0.30078125
vt 0.16796875 0.34765625
vt 0.166015625 0.34765625
vt 0.169921875 0.30078125
vt 0.171875 0.30078125
vt 0.171875 0.34765625
vt 0.169921875 0.34765625
vn 0 0 -1
vn 1 0 0
vn 0 0 1
vn -1 0 0
vn 0 1 0
vn 0 -1 0
usemtl m_6efbde36-fe6b-30a1-7d2b-08d2c4687efe
f 961/2881/721 962/2882/721 963/2883/721 964/2884/721
f 965/2885/722 961/2886/722 964/2887/722 966/2888/722
f 967/2889/723 965/2890/723 966/2891/723 968/2892/723
f 962/2893/724 967/2894/724 968/2895/724 963/2896/724
f 968/2897/725 966/2898/725 964/2899/725 963/2900/725
f 962/2901/726 961/2902/726 965/2903/726 967/2904/726
o cube
v 2 -0.5 -0.75
v 1.875 -0.5 -0.75
v 1.875 -0.125 -0.75
v 2 -0.125 -0.75
v 2 -0.5 0.75
v 2 -0.125 0.75
v 1.875 -0.5 0.75
v 1.875 -0.125 0.75
vt 0.314453125 0.974609375
vt 0.318359375 0.974609375
vt 0.318359375 0.986328125
vt 0.314453125 0.986328125
vt 0.615234375 0.380859375
vt 0.662109375 0.380859375
vt 0.662109375 0.392578125
vt 0.615234375 0.392578125
vt 0.3359375 0.98828125
vt 0.33984375 0.98828125
vt 0.33984375 1
vt 0.3359375 1
vt 0 0.37109375
vt 0.046875 0.37109375
vt 0.046875 0.3828125
vt 0 0.3828125
vt 0.298828125 0.310546875
vt 0.302734375 0.310546875
vt 0.302734375 0.357421875
vt 0.298828125 0.357421875
vt 0.3046875 0.310546875
vt 0.30859375 0.310546875
vt 0.30859375 0.357421875
vt 0.3046875 0.357421875
vn 0 0 -1
vn 1 0 0
vn 0 0 1
vn -1 0 0
vn 0 1 0
vn 0 -1 0
usemtl m_6efbde36-fe6b-30a1-7d2b-08d2c4687efe
f 969/2905/727 970/2906/727 971/2907/727 972/2908/727
f 973/2909/728 969/2910/728 972/2911/728 974/2912/728
f 975/2913/729 973/2914/729 974/2915/729 976/2916/729
f 970/2917/730 975/2918/730 976/2919/730 971/2920/730
f 976/2921/731 974/2922/731 972/2923/731 971/2924/731
f 970/2925/732 969/2926/732 973/2927/732 975/2928/732
o cube
v 1.875 -0.5 -0.75
v 1.8125 -0.5 -0.75
v 1.8125 -0.1875 -0.75
v 1.875 -0.1875 -0.75
v 1.875 -0.5 0.75
v 1.875 -0.1875 0.75
v 1.8125 -0.5 0.75
v 1.8125 -0.1875 0.75
vt 0.28125 0.74609375
vt 0.283203125 0.74609375
vt 0.283203125 0.755859375
vt 0.28125 0.755859375
vt 0.439453125 0.359375
vt 0.486328125 0.359375
vt 0.486328125 0.369140625
vt 0.439453125 0.369140625
vt 0.265625 0.560546875
vt 0.267578125 0.560546875
vt 0.267578125 0.5703125
vt 0.265625 0.5703125
vt 0.615234375 0.357421875
vt 0.662109375 0.357421875
vt 0.662109375 0.3671875
vt 0.615234375 0.3671875
vt 0.173828125 0.30078125
vt 0.17578125 0.30078125
vt 0.17578125 0.34765625
vt 0.173828125 0.34765625
vt 0.177734375 0.30078125
vt 0.1796875 0.30078125
vt 0.1796875 0.34765625
vt 0.177734375 0.34765625
vn 0 0 -1
vn 1 0 0
vn 0 0 1
vn -1 0 0
vn 0 1 0
vn 0 -1 0
usemtl m_6efbde36-fe6b-30a1-7d2b-08d2c4687efe
f 977/2929/733 978/2930/733 979/2931/733 980/2932/733
f 981/2933/734 977/2934/734 980/2935/734 982/2936/734
f 983/2937/735 981/2938/735 982/2939/735 984/2940/735
f 978/2941/736 983/2942/736 984/2943/736 979/2944/736
f 984/2945/737 982/2946/737 980/2947/737 979/2948/737
f 978/2949/738 977/2950/738 981/2951/738 983/2952/738
o cube
v 1.6875 -0.5 -0.75
v 1.5625 -0.5 -0.75
v 1.5625 -0.4375 -0.75
v 1.6875 -0.4375 -0.75
v 1.6875 -0.5 0.75
v 1.6875 -0.4375 0.75
v 1.5625 -0.5 0.75
v 1.5625 -0.4375 0.75
vt 0.275390625 0.859375
vt 0.279296875 0.859375
vt 0.279296875 0.861328125
vt 0.275390625 0.861328125
vt 0.654296875 0.349609375
vt 0.701171875 0.349609375
vt 0.701171875 0.3515625
vt 0.654296875 0.3515625
vt 0.279296875 0.89453125
vt 0.283203125 0.89453125
vt 0.283203125 0.896484375
vt 0.279296875 0.896484375
vt 0.654296875 0.345703125
vt 0.701171875 0.345703125
vt 0.701171875 0.34765625
vt 0.654296875 0.34765625
vt 0.310546875 0.310546875
vt 0.314453125 0.310546875
vt 0.314453125 0.357421875
vt 0.310546875 0.357421875
vt 0.31640625 0.310546875
vt 0.3203125 0.310546875
vt 0.3203125 0.357421875
vt 0.31640625 0.357421875
vn 0 0 -1
vn 1 0 0
vn 0 0 1
vn -1 0 0
vn 0 1 0
vn 0 -1 0
usemtl m_6efbde36-fe6b-30a1-7d2b-08d2c4687efe
f 985/2953/739 986/2954/739 987/2955/739 988/2956/739
f 989/2957/740 985/2958/740 988/2959/740 990/2960/740
f 991/2961/741 989/2962/741 990/2963/741 992/2964/741
f 986/2965/742 991/2966/742 992/2967/742 987/2968/742
f 992/2969/743 990/2970/743 988/2971/743 987/2972/743
f 986/2973/744 985/2974/744 989/2975/744 991/2976/744
o cube
v 1.75 -0.5 -0.75
v 1.6875 -0.5 -0.75
v 1.6875 -0.375 -0.75
v 1.75 -0.375 -0.75
v 1.75 -0.5 0.75
v 1.75 -0.375 0.75
v 1.6875 -0.5 0.75
v 1.6875 -0.375 0.75
vt 0.287109375 0.798828125
vt 0.2890625 0.798828125
vt 0.2890625 0.802734375
vt 0.287109375 0.802734375
vt 0.638671875 0.9453125
vt 0.685546875 0.9453125
vt 0.685546875 0.94921875
vt 0.638671875 0.94921875
vt 0.3203125 0.970703125
vt 0.322265625 0.970703125
vt 0.322265625 0.974609375
vt 0.3203125 0.974609375
vt 0.638671875 0.939453125
vt 0.685546875 0.939453125
vt 0.685546875 0.943359375
vt 0.638671875 0.943359375
vt 0.181640625 0.30078125
vt 0.18359375 0.30078125
vt 0.18359375 0.34765625
vt 0.181640625 0.34765625
vt 0.185546875 0.30078125
vt 0.1875 0.30078125
vt 0.1875 0.34765625
vt 0.185546875 0.34765625
vn 0 0 -1
vn 1 0 0
vn 0 0 1
vn -1 0 0
vn 0 1 0
vn 0 -1 0
usemtl m_6efbde36-fe6b-30a1-7d2b-08d2c4687efe
f 993/2977/745 994/2978/745 995/2979/745 996/2980/745
f 997/2981/746 993/2982/746 996/2983/746 998/2984/746
f 999/2985/747 997/2986/747 998/2987/747 1000/2988/747
f 994/2989/748 999/2990/748 1000/2991/748 995/2992/748
f 1000/2993/749 998/2994/749 996/2995/749 995/2996/749
f 994/2997/750 993/2998/750 997/2999/750 999/3000/750
o cube
v 1.8125 -0.5 -0.75
v 1.75 -0.5 -0.75
v 1.75 -0.25 -0.75
v 1.8125 -0.25 -0.75
v 1.8125 -0.5 0.75
v 1.8125 -0.25 0.75
v 1.75 -0.5 0.75
v 1.75 -0.25 0.75
vt 0.390625 0.90625
vt 0.392578125 0.90625
vt 0.392578125 0.9140625
vt 0.390625 0.9140625
vt 0.634765625 0.97265625
vt 0.681640625 0.97265625
vt 0.681640625 0.98046875
vt 0.634765625 0.98046875
vt 0.439453125 0.919921875
vt 0.44140625 0.919921875
vt 0.44140625 0.927734375
vt 0.439453125 0.927734375
vt 0.638671875 0.962890625
vt 0.685546875 0.962890625
vt 0.685546875 0.970703125
vt 0.638671875 0.970703125
vt 0.189453125 0.30078125
vt 0.19140625 0.30078125
vt 0.19140625 0.34765625
vt 0.189453125 0.34765625
vt 0.193359375 0.30078125
vt 0.1953125 0.30078125
vt 0.1953125 0.34765625
vt 0.193359375 0.34765625
vn 0 0 -1
vn 1 0 0
vn 0 0 1
vn -1 0 0
vn 0 1 0
vn 0 -1 0
usemtl m_6efbde36-fe6b-30a1-7d2b-08d2c4687efe
f 1001/3001/751 1002/3002/751 1003/3003/751 1004/3004/751
f 1005/3005/752 1001/3006/752 1004/3007/752 1006/3008/752
f 1007/3009/753 1005/3010/753 1006/3011/753 1008/3012/753
f 1002/3013/754 1007/3014/754 1008/3015/754 1003/3016/754
f 1008/3017/755 1006/3018/755 1004/3019/755 1003/3020/755
f 1002/3021/756 1001/3022/756 1005/3023/756 1007/3024/756
o cube
v 1.4375 3.875 -0.75
v 1.25 3.875 -0.75
v 1.25 5.0625 -0.75
v 1.4375 5.0625 -0.75
v 1.4375 3.875 0.75
v 1.4375 5.0625 0.75
v 1.25 3.875 0.75
v 1.25 5.0625 0.75
vt 0.357421875 0.44140625
vt 0.36328125 0.44140625
vt 0.36328125 0.478515625
vt 0.357421875 0.478515625
vt 0.048828125 0.390625
vt 0.095703125 0.390625
vt 0.095703125 0.427734375
vt 0.048828125 0.427734375
vt 0.552734375 0.353515625
vt 0.55859375 0.353515625
vt 0.55859375 0.390625
vt 0.552734375 0.390625
vt 0.09765625 0.390625
vt 0.14453125 0.390625
vt 0.14453125 0.427734375
vt 0.09765625 0.427734375
vt 0.314453125 0.49609375
vt 0.3203125 0.49609375
vt 0.3203125 0.54296875
vt 0.314453125 0.54296875
vt 0.146484375 0.494140625
vt 0.15234375 0.494140625
vt 0.15234375 0.541015625
vt 0.146484375 0.541015625
vn 0 0 -1
vn 1 0 0
vn 0 0 1
vn -1 0 0
vn 0 1 0
vn 0 -1 0
usemtl m_6efbde36-fe6b-30a1-7d2b-08d2c4687efe
f 1009/3025/757 1010/3026/757 1011/3027/757 1012/3028/757
f 1013/3029/758 1009/3030/758 1012/3031/758 1014/3032/758
f 1015/3033/759 1013/3034/759 1014/3035/759 1016/3036/759
f 1010/3037/760 1015/3038/760 1016/3039/760 1011/3040/760
f 1016/3041/761 1014/3042/761 1012/3043/761 1011/3044/761
f 1010/3045/762 1009/3046/762 1013/3047/762 1015/3048/762
o cube
v 1.5625 3.8125 -0.75
v 1.4375 3.8125 -0.75
v 1.4375 5.0625 -0.75
v 1.5625 5.0625 -0.75
v 1.5625 3.8125 0.75
v 1.5625 5.0625 0.75
v 1.4375 3.8125 0.75
v 1.4375 5.0625 0.75
vt 0.439453125 0.318359375
vt 0.443359375 0.318359375
vt 0.443359375 0.357421875
vt 0.439453125 0.357421875
vt 0.146484375 0.390625
vt 0.193359375 0.390625
vt 0.193359375 0.4296875
vt 0.146484375 0.4296875
vt 0.4453125 0.318359375
vt 0.44921875 0.318359375
vt 0.44921875 0.357421875
vt 0.4453125 0.357421875
vt 0.1953125 0.390625
vt 0.2421875 0.390625
vt 0.2421875 0.4296875
vt 0.1953125 0.4296875
vt 0.322265625 0.310546875
vt 0.326171875 0.310546875
vt 0.326171875 0.357421875
vt 0.322265625 0.357421875
vt 0.328125 0.310546875
vt 0.33203125 0.310546875
vt 0.33203125 0.357421875
vt 0.328125 0.357421875
vn 0 0 -1
vn 1 0 0
vn 0 0 1
vn -1 0 0
vn 0 1 0
vn 0 -1 0
usemtl m_6efbde36-fe6b-30a1-7d2b-08d2c4687efe
f 1017/3049/763 1018/3050/763 1019/3051/763 1020/3052/763
f 1021/3053/764 1017/3054/764 1020/3055/764 1022/3056/764
f 1023/3057/765 1021/3058/765 1022/3059/765 1024/3060/765
f 1018/3061/766 1023/3062/766 1024/3063/766 1019/3064/766
f 1024/3065/767 1022/3066/767 1020/3067/767 1019/3068/767
f 1018/3069/768 1017/3070/768 1021/3071/768 1023/3072/768
o cube
v 1.625 3.75 -0.75
v 1.5625 3.75 -0.75
v 1.5625 5.0625 -0.75
v 1.625 5.0625 -0.75
v 1.625 3.75 0.75
v 1.625 5.0625 0.75
v 1.5625 3.75 0.75
v 1.5625 5.0625 0.75
vt 0.6796875 0.845703125
vt 0.681640625 0.845703125
vt 0.681640625 0.88671875
vt 0.6796875 0.88671875
vt 0.56640625 0.64453125
vt 0.61328125 0.64453125
vt 0.61328125 0.685546875
vt 0.56640625 0.685546875
vt 0.6796875 0.802734375
vt 0.681640625 0.802734375
vt 0.681640625 0.84375
vt 0.6796875 0.84375
vt 0.56640625 0.6015625
vt 0.61328125 0.6015625
vt 0.61328125 0.642578125
vt 0.56640625 0.642578125
vt 0.197265625 0.30078125
vt 0.19921875 0.30078125
vt 0.19921875 0.34765625
vt 0.197265625 0.34765625
vt 0.654296875 0.296875
vt 0.65625 0.296875
vt 0.65625 0.34375
vt 0.654296875 0.34375
vn 0 0 -1
vn 1 0 0
vn 0 0 1
vn -1 0 0
vn 0 1 0
vn 0 -1 0
usemtl m_6efbde36-fe6b-30a1-7d2b-08d2c4687efe
f 1025/3073/769 1026/3074/769 1027/3075/769 1028/3076/769
f 1029/3077/770 1025/3078/770 1028/3079/770 1030/3080/770
f 1031/3081/771 1029/3082/771 1030/3083/771 1032/3084/771
f 1026/3085/772 1031/3086/772 1032/3087/772 1027/3088/772
f 1032/3089/773 1030/3090/773 1028/3091/773 1027/3092/773
f 1026/3093/774 1025/3094/774 1029/3095/774 1031/3096/774
o cube
v 1.6875 3.6875 -0.75
v 1.625 3.6875 -0.75
v 1.625 5.0625 -0.75
v 1.6875 5.0625 -0.75
v 1.6875 3.6875 0.75
v 1.6875 5.0625 0.75
v 1.625 3.6875 0.75
v 1.625 5.0625 0.75
vt 0.67578125 0.4140625
vt 0.677734375 0.4140625
vt 0.677734375 0.45703125
vt 0.67578125 0.45703125
vt 0.56640625 0.818359375
vt 0.61328125 0.818359375
vt 0.61328125 0.861328125
vt 0.56640625 0.861328125
vt 0.677734375 0.30078125
vt 0.6796875 0.30078125
vt 0.6796875 0.34375
vt 0.677734375 0.34375
vt 0.56640625 0.7734375
vt 0.61328125 0.7734375
vt 0.61328125 0.81640625
vt 0.56640625 0.81640625
vt 0.658203125 0.296875
vt 0.66015625 0.296875
vt 0.66015625 0.34375
vt 0.658203125 0.34375
vt 0.662109375 0.296875
vt 0.6640625 0.296875
vt 0.6640625 0.34375
vt 0.662109375 0.34375
vn 0 0 -1
vn 1 0 0
vn 0 0 1
vn -1 0 0
vn 0 1 0
vn 0 -1 0
usemtl m_6efbde36-fe6b-30a1-7d2b-08d2c4687efe
f 1033/3097/775 1034/3098/775 1035/3099/775 1036/3100/775
f 1037/3101/776 1033/3102/776 1036/3103/776 1038/3104/776
f 1039/3105/777 1037/3106/777 1038/3107/777 1040/3108/777
f 1034/3109/778 1039/3110/778 1040/3111/778 1035/3112/778
f 1040/3113/779 1038/3114/779 1036/3115/779 1035/3116/779
f 1034/3117/780 1033/3118/780 1037/3119/780 1039/3120/780
o cube
v 1.75 3.625 -0.75
v 1.6875 3.625 -0.75
v 1.6875 5.0625 -0.75
v 1.75 5.0625 -0.75
v 1.75 3.625 0.75
v 1.75 5.0625 0.75
v 1.6875 3.625 0.75
v 1.6875 5.0625 0.75
vt 0.67578125 0.595703125
vt 0.677734375 0.595703125
vt 0.677734375 0.640625
vt 0.67578125 0.640625
vt 0.537109375 0.955078125
vt 0.583984375 0.955078125
vt 0.583984375 1
vt 0.537109375 1
vt 0.67578125 0.548828125
vt 0.677734375 0.548828125
vt 0.677734375 0.59375
vt 0.67578125 0.59375
vt 0.541015625 0.908203125
vt 0.587890625 0.908203125
vt 0.587890625 0.953125
vt 0.541015625 0.953125
vt 0.6640625 0.8828125
vt 0.666015625 0.8828125
vt 0.666015625 0.9296875
vt 0.6640625 0.9296875
vt 0.6640625 0.833984375
vt 0.666015625 0.833984375
vt 0.666015625 0.880859375
vt 0.6640625 0.880859375
vn 0 0 -1
vn 1 0 0
vn 0 0 1
vn -1 0 0
vn 0 1 0
vn 0 -1 0
usemtl m_6efbde36-fe6b-30a1-7d2b-08d2c4687efe
f 1041/3121/781 1042/3122/781 1043/3123/781 1044/3124/781
f 1045/3125/782 1041/3126/782 1044/3127/782 1046/3128/782
f 1047/3129/783 1045/3130/783 1046/3131/783 1048/3132/783
f 1042/3133/784 1047/3134/784 1048/3135/784 1043/3136/784
f 1048/3137/785 1046/3138/785 1044/3139/785 1043/3140/785
f 1042/3141/786 1041/3142/786 1045/3143/786 1047/3144/786
o cube
v 1.875 3.5625 -0.75
v 1.75 3.5625 -0.75
v 1.75 5.0625 -0.75
v 1.875 5.0625 -0.75
v 1.875 3.5625 0.75
v 1.875 5.0625 0.75
v 1.75 3.5625 0.75
v 1.75 5.0625 0.75
vt 0.333984375 0.310546875
vt 0.337890625 0.310546875
vt 0.337890625 0.357421875
vt 0.333984375 0.357421875
vt 0.29296875 0.431640625
vt 0.33984375 0.431640625
vt 0.33984375 0.478515625
vt 0.29296875 0.478515625
vt 0.33984375 0.310546875
vt 0.34375 0.310546875
vt 0.34375 0.357421875
vt 0.33984375 0.357421875
vt 0.048828125 0.4296875
vt 0.095703125 0.4296875
vt 0.095703125 0.4765625
vt 0.048828125 0.4765625
vt 0.345703125 0.310546875
vt 0.349609375 0.310546875
vt 0.349609375 0.357421875
vt 0.345703125 0.357421875
vt 0.3515625 0.310546875
vt 0.35546875 0.310546875
vt 0.35546875 0.357421875
vt 0.3515625 0.357421875
vn 0 0 -1
vn 1 0 0
vn 0 0 1
vn -1 0 0
vn 0 1 0
vn 0 -1 0
usemtl m_6efbde36-fe6b-30a1-7d2b-08d2c4687efe
f 1049/3145/787 1050/3146/787 1051/3147/787 1052/3148/787
f 1053/3149/788 1049/3150/788 1052/3151/788 1054/3152/788
f 1055/3153/789 1053/3154/789 1054/3155/789 1056/3156/789
f 1050/3157/790 1055/3158/790 1056/3159/790 1051/3160/790
f 1056/3161/791 1054/3162/791 1052/3163/791 1051/3164/791
f 1050/3165/792 1049/3166/792 1053/3167/792 1055/3168/792
o cube
v 1.9375 3.5 -0.75
v 1.875 3.5 -0.75
v 1.875 5.0625 -0.75
v 1.9375 5.0625 -0.75
v 1.9375 3.5 0.75
v 1.9375 5.0625 0.75
v 1.875 3.5 0.75
v 1.875 5.0625 0.75
vt 0.068359375 0.306640625
vt 0.0703125 0.306640625
vt 0.0703125 0.35546875
vt 0.068359375 0.35546875
vt 0.517578125 0.529296875
vt 0.564453125 0.529296875
vt 0.564453125 0.578125
vt 0.517578125 0.578125
vt 0.072265625 0.306640625
vt 0.07421875 0.306640625
vt 0.07421875 0.35546875
vt 0.072265625 0.35546875
vt 0.517578125 0.478515625
vt 0.564453125 0.478515625
vt 0.564453125 0.52734375
vt 0.517578125 0.52734375
vt 0.6640625 0.78515625
vt 0.666015625 0.78515625
vt 0.666015625 0.83203125
vt 0.6640625 0.83203125
vt 0.6640625 0.736328125
vt 0.666015625 0.736328125
vt 0.666015625 0.783203125
vt 0.6640625 0.783203125
vn 0 0 -1
vn 1 0 0
vn 0 0 1
vn -1 0 0
vn 0 1 0
vn 0 -1 0
usemtl m_6efbde36-fe6b-30a1-7d2b-08d2c4687efe
f 1057/3169/793 1058/3170/793 1059/3171/793 1060/3172/793
f 1061/3173/794 1057/3174/794 1060/3175/794 1062/3176/794
f 1063/3177/795 1061/3178/795 1062/3179/795 1064/3180/795
f 1058/3181/796 1063/3182/796 1064/3183/796 1059/3184/796
f 1064/3185/797 1062/3186/797 1060/3187/797 1059/3188/797
f 1058/3189/798 1057/3190/798 1061/3191/798 1063/3192/798
o cube
v 2 3.4375 -0.75
v 1.9375 3.4375 -0.75
v 1.9375 5.0625 -0.75
v 2 5.0625 -0.75
v 2 3.4375 0.75
v 2 5.0625 0.75
v 1.9375 3.4375 0.75
v 1.9375 5.0625 0.75
vt 0.052734375 0.3046875
vt 0.0546875 0.3046875
vt 0.0546875 0.35546875
vt 0.052734375 0.35546875
vt 0.517578125 0.734375
vt 0.564453125 0.734375
vt 0.564453125 0.78515625
vt 0.517578125 0.78515625
vt 0.056640625 0.3046875
vt 0.05859375 0.3046875
vt 0.05859375 0.35546875
vt 0.056640625 0.35546875
vt 0.517578125 0.681640625
vt 0.564453125 0.681640625
vt 0.564453125 0.732421875
vt 0.517578125 0.732421875
vt 0.6640625 0.6875
vt 0.666015625 0.6875
vt 0.666015625 0.734375
vt 0.6640625 0.734375
vt 0.6640625 0.638671875
vt 0.666015625 0.638671875
vt 0.666015625 0.685546875
vt 0.6640625 0.685546875
vn 0 0 -1
vn 1 0 0
vn 0 0 1
vn -1 0 0
vn 0 1 0
vn 0 -1 0
usemtl m_6efbde36-fe6b-30a1-7d2b-08d2c4687efe
f 1065/3193/799 1066/3194/799 1067/3195/799 1068/3196/799
f 1069/3197/800 1065/3198/800 1068/3199/800 1070/3200/800
f 1071/3201/801 1069/3202/801 1070/3203/801 1072/3204/801
f 1066/3205/802 1071/3206/802 1072/3207/802 1067/3208/802
f 1072/3209/803 1070/3210/803 1068/3211/803 1067/3212/803
f 1066/3213/804 1065/3214/804 1069/3215/804 1071/3216/804
o cube
v 2.0625 3.375 -0.75
v 2 3.375 -0.75
v 2 5.0625 -0.75
v 2.0625 5.0625 -0.75
v 2.0625 3.375 0.75
v 2.0625 5.0625 0.75
v 2 3.375 0.75
v 2 5.0625 0.75
vt 0.525390625 0.3046875
vt 0.52734375 0.3046875
vt 0.52734375 0.357421875
vt 0.525390625 0.357421875
vt 0.4921875 0.892578125
vt 0.5390625 0.892578125
vt 0.5390625 0.9453125
vt 0.4921875 0.9453125
vt 0.529296875 0.3046875
vt 0.53125 0.3046875
vt 0.53125 0.357421875
vt 0.529296875 0.357421875
vt 0.46875 0.451171875
vt 0.515625 0.451171875
vt 0.515625 0.50390625
vt 0.46875 0.50390625
vt 0.6640625 0.58984375
vt 0.666015625 0.58984375
vt 0.666015625 0.63671875
vt 0.6640625 0.63671875
vt 0.6640625 0.541015625
vt 0.666015625 0.541015625
vt 0.666015625 0.587890625
vt 0.6640625 0.587890625
vn 0 0 -1
vn 1 0 0
vn 0 0 1
vn -1 0 0
vn 0 1 0
vn 0 -1 0
usemtl m_6efbde36-fe6b-30a1-7d2b-08d2c4687efe
f 1073/3217/805 1074/3218/805 1075/3219/805 1076/3220/805
f 1077/3221/806 1073/3222/806 1076/3223/806 1078/3224/806
f 1079/3225/807 1077/3226/807 1078/3227/807 1080/3228/807
f 1074/3229/808 1079/3230/808 1080/3231/808 1075/3232/808
f 1080/3233/809 1078/3234/809 1076/3235/809 1075/3236/809
f 1074/3237/810 1073/3238/810 1077/3239/810 1079/3240/810
o cube
v 2.25 3.0625 -0.75
v 2.1875 3.0625 -0.75
v 2.1875 5.0625 -0.75
v 2.25 5.0625 -0.75
v 2.25 3.0625 0.75
v 2.25 5.0625 0.75
v 2.1875 3.0625 0.75
v 2.1875 5.0625 0.75
vt 0.478515625 0.294921875
vt 0.48046875 0.294921875
vt 0.48046875 0.357421875
vt 0.478515625 0.357421875
vt 0.048828125 0.478515625
vt 0.095703125 0.478515625
vt 0.095703125 0.541015625
vt 0.048828125 0.541015625
vt 0.482421875 0.294921875
vt 0.484375 0.294921875
vt 0.484375 0.357421875
vt 0.482421875 0.357421875
vt 0.09765625 0.478515625
vt 0.14453125 0.478515625
vt 0.14453125 0.541015625
vt 0.09765625 0.541015625
vt 0.6640625 0.4921875
vt 0.666015625 0.4921875
vt 0.666015625 0.5390625
vt 0.6640625 0.5390625
vt 0.6640625 0.443359375
vt 0.666015625 0.443359375
vt 0.666015625 0.490234375
vt 0.6640625 0.490234375
vn 0 0 -1
vn 1 0 0
vn 0 0 1
vn -1 0 0
vn 0 1 0
vn 0 -1 0
usemtl m_6efbde36-fe6b-30a1-7d2b-08d2c4687efe
f 1081/3241/811 1082/3242/811 1083/3243/811 1084/3244/811
f 1085/3245/812 1081/3246/812 1084/3247/812 1086/3248/812
f 1087/3249/813 1085/3250/813 1086/3251/813 1088/3252/813
f 1082/3253/814 1087/3254/814 1088/3255/814 1083/3256/814
f 1088/3257/815 1086/3258/815 1084/3259/815 1083/3260/815
f 1082/3261/816 1081/3262/816 1085/3263/816 1087/3264/816
o cube
v 2.1875 3.1875 -0.75
v 2.125 3.1875 -0.75
v 2.125 5.0625 -0.75
v 2.1875 5.0625 -0.75
v 2.1875 3.1875 0.75
v 2.1875 5.0625 0.75
v 2.125 3.1875 0.75
v 2.125 5.0625 0.75
vt 0.494140625 0.298828125
vt 0.49609375 0.298828125
vt 0.49609375 0.357421875
vt 0.494140625 0.357421875
vt 0.46875 0.736328125
vt 0.515625 0.736328125
vt 0.515625 0.794921875
vt 0.46875 0.794921875
vt 0.498046875 0.298828125
vt 0.5 0.298828125
vt 0.5 0.357421875
vt 0.498046875 0.357421875
vt 0.46875 0.67578125
vt 0.515625 0.67578125
vt 0.515625 0.734375
vt 0.46875 0.734375
vt 0.6640625 0.39453125
vt 0.666015625 0.39453125
vt 0.666015625 0.44140625
vt 0.6640625 0.44140625
vt 0.666015625 0.296875
vt 0.66796875 0.296875
vt 0.66796875 0.34375
vt 0.666015625 0.34375
vn 0 0 -1
vn 1 0 0
vn 0 0 1
vn -1 0 0
vn 0 1 0
vn 0 -1 0
usemtl m_6efbde36-fe6b-30a1-7d2b-08d2c4687efe
f 1089/3265/817 1090/3266/817 1091/3267/817 1092/3268/817
f 1093/3269/818 1089/3270/818 1092/3271/818 1094/3272/818
f 1095/3273/819 1093/3274/819 1094/3275/819 1096/3276/819
f 1090/3277/820 1095/3278/820 1096/3279/820 1091/3280/820
f 1096/3281/821 1094/3282/821 1092/3283/821 1091/3284/821
f 1090/3285/822 1089/3286/822 1093/3287/822 1095/3288/822
o cube
v 2.125 3.3125 -0.75
v 2.0625 3.3125 -0.75
v 2.0625 5.0625 -0.75
v 2.125 5.0625 -0.75
v 2.125 3.3125 0.75
v 2.125 5.0625 0.75
v 2.0625 3.3125 0.75
v 2.0625 5.0625 0.75
vt 0.509765625 0.302734375
vt 0.51171875 0.302734375
vt 0.51171875 0.357421875
vt 0.509765625 0.357421875
vt 0.46875 0.505859375
vt 0.515625 0.505859375
vt 0.515625 0.560546875
vt 0.46875 0.560546875
vt 0.513671875 0.302734375
vt 0.515625 0.302734375
vt 0.515625 0.357421875
vt 0.513671875 0.357421875
vt 0.419921875 0.474609375
vt 0.466796875 0.474609375
vt 0.466796875 0.529296875
vt 0.419921875 0.529296875
vt 0.66796875 0.8828125
vt 0.669921875 0.8828125
vt 0.669921875 0.9296875
vt 0.66796875 0.9296875
vt 0.66796875 0.833984375
vt 0.669921875 0.833984375
vt 0.669921875 0.880859375
vt 0.66796875 0.880859375
vn 0 0 -1
vn 1 0 0
vn 0 0 1
vn -1 0 0
vn 0 1 0
vn 0 -1 0
usemtl m_6efbde36-fe6b-30a1-7d2b-08d2c4687efe
f 1097/3289/823 1098/3290/823 1099/3291/823 1100/3292/823
f 1101/3293/824 1097/3294/824 1100/3295/824 1102/3296/824
f 1103/3297/825 1101/3298/825 1102/3299/825 1104/3300/825
f 1098/3301/826 1103/3302/826 1104/3303/826 1099/3304/826
f 1104/3305/827 1102/3306/827 1100/3307/827 1099/3308/827
f 1098/3309/828 1097/3310/828 1101/3311/828 1103/3312/828
o cube
v 2.3125 2.8125 -0.75
v 2.25 2.8125 -0.75
v 2.25 5.0625 -0.75
v 2.3125 5.0625 -0.75
v 2.3125 2.8125 0.75
v 2.3125 5.0625 0.75
v 2.25 2.8125 0.75
v 2.25 5.0625 0.75
vt 0.470703125 0.287109375
vt 0.47265625 0.287109375
vt 0.47265625 0.357421875
vt 0.470703125 0.357421875
vt 0.443359375 0.857421875
vt 0.490234375 0.857421875
vt 0.490234375 0.927734375
vt 0.443359375 0.927734375
vt 0.474609375 0.287109375
vt 0.4765625 0.287109375
vt 0.4765625 0.357421875
vt 0.474609375 0.357421875
vt 0.322265625 0.48046875
vt 0.369140625 0.48046875
vt 0.369140625 0.55078125
vt 0.322265625 0.55078125
vt 0.66796875 0.78515625
vt 0.669921875 0.78515625
vt 0.669921875 0.83203125
vt 0.66796875 0.83203125
vt 0.66796875 0.736328125
vt 0.669921875 0.736328125
vt 0.669921875 0.783203125
vt 0.66796875 0.783203125
vn 0 0 -1
vn 1 0 0
vn 0 0 1
vn -1 0 0
vn 0 1 0
vn 0 -1 0
usemtl m_6efbde36-fe6b-30a1-7d2b-08d2c4687efe
f 1105/3313/829 1106/3314/829 1107/3315/829 1108/3316/829
f 1109/3317/830 1105/3318/830 1108/3319/830 1110/3320/830
f 1111/3321/831 1109/3322/831 1110/3323/831 1112/3324/831
f 1106/3325/832 1111/3326/832 1112/3327/832 1107/3328/832
f 1112/3329/833 1110/3330/833 1108/3331/833 1107/3332/833
f 1106/3333/834 1105/3334/834 1109/3335/834 1111/3336/834
o cube
v 2.375 2.625 -0.75
v 2.3125 2.625 -0.75
v 2.3125 5.0625 -0.75
v 2.375 5.0625 -0.75
v 2.375 2.625 0.75
v 2.375 5.0625 0.75
v 2.3125 2.625 0.75
v 2.3125 5.0625 0.75
vt 0.455078125 0.28125
vt 0.45703125 0.28125
vt 0.45703125 0.357421875
vt 0.455078125 0.357421875
vt 0.419921875 0.681640625
vt 0.466796875 0.681640625
vt 0.466796875 0.7578125
vt 0.419921875 0.7578125
vt 0.458984375 0.28125
vt 0.4609375 0.28125
vt 0.4609375 0.357421875
vt 0.458984375 0.357421875
vt 0.419921875 0.603515625
vt 0.466796875 0.603515625
vt 0.466796875 0.6796875
vt 0.419921875 0.6796875
vt 0.66796875 0.6875
vt 0.669921875 0.6875
vt 0.669921875 0.734375
vt 0.66796875 0.734375
vt 0.66796875 0.638671875
vt 0.669921875 0.638671875
vt 0.669921875 0.685546875
vt 0.66796875 0.685546875
vn 0 0 -1
vn 1 0 0
vn 0 0 1
vn -1 0 0
vn 0 1 0
vn 0 -1 0
usemtl m_6efbde36-fe6b-30a1-7d2b-08d2c4687efe
f 1113/3337/835 1114/3338/835 1115/3339/835 1116/3340/835
f 1117/3341/836 1113/3342/836 1116/3343/836 1118/3344/836
f 1119/3345/837 1117/3346/837 1118/3347/837 1120/3348/837
f 1114/3349/838 1119/3350/838 1120/3351/838 1115/3352/838
f 1120/3353/839 1118/3354/839 1116/3355/839 1115/3356/839
f 1114/3357/840 1113/3358/840 1117/3359/840 1119/3360/840
o cube
v 2.4375 2.375 -0.75
v 2.375 2.375 -0.75
v 2.375 5.0625 -0.75
v 2.4375 5.0625 -0.75
v 2.4375 2.375 0.75
v 2.4375 5.0625 0.75
v 2.375 2.375 0.75
v 2.375 5.0625 0.75
vt 0.373046875 0.2734375
vt 0.375 0.2734375
vt 0.375 0.357421875
vt 0.373046875 0.357421875
vt 0.390625 0.916015625
vt 0.4375 0.916015625
vt 0.4375 1
vt 0.390625 1
vt 0.376953125 0.2734375
vt 0.37890625 0.2734375
vt 0.37890625 0.357421875
vt 0.376953125 0.357421875
vt 0 0.5234375
vt 0.046875 0.5234375
vt 0.046875 0.607421875
vt 0 0.607421875
vt 0.66796875 0.58984375
vt 0.669921875 0.58984375
vt 0.669921875 0.63671875
vt 0.66796875 0.63671875
vt 0.66796875 0.541015625
vt 0.669921875 0.541015625
vt 0.669921875 0.587890625
vt 0.66796875 0.587890625
vn 0 0 -1
vn 1 0 0
vn 0 0 1
vn -1 0 0
vn 0 1 0
vn 0 -1 0
usemtl m_6efbde36-fe6b-30a1-7d2b-08d2c4687efe
f 1121/3361/841 1122/3362/841 1123/3363/841 1124/3364/841
f 1125/3365/842 1121/3366/842 1124/3367/842 1126/3368/842
f 1127/3369/843 1125/3370/843 1126/3371/843 1128/3372/843
f 1122/3373/844 1127/3374/844 1128/3375/844 1123/3376/844
f 1128/3377/845 1126/3378/845 1124/3379/845 1123/3380/845
f 1122/3381/846 1121/3382/846 1125/3383/846 1127/3384/846
o cube
v 2.5 2.0625 0.75
v 2.5 2.0625 -0.75
v 2.4375 2.0625 -0.75
v 2.4375 5.0625 -0.75
v 2.5 5.0625 -0.75
v 2.5 5.0625 0.75
v 2.4375 2.0625 0.75
v 2.4375 5.0625 0.75
vt 0.357421875 0.263671875
vt 0.359375 0.263671875
vt 0.359375 0.357421875
vt 0.357421875 0.357421875
vt 0.322265625 0.552734375
vt 0.369140625 0.552734375
vt 0.369140625 0.646484375
vt 0.322265625 0.646484375
vt 0.361328125 0.263671875
vt 0.36328125 0.263671875
vt 0.36328125 0.357421875
vt 0.361328125 0.357421875
vt 0.37109375 0.71484375
vt 0.41796875 0.71484375
vt 0.41796875 0.80859375
vt 0.37109375 0.80859375
vt 0.66796875 0.4921875
vt 0.669921875 0.4921875
vt 0.669921875 0.5390625
vt 0.66796875 0.5390625
vt 0.66796875 0.443359375
vt 0.669921875 0.443359375
vt 0.669921875 0.490234375
vt 0.66796875 0.490234375
vn 0 0 -1
vn 1 0 0
vn 0 0 1
vn -1 0 0
vn 0 1 0
vn 0 -1 0
usemtl m_6efbde36-fe6b-30a1-7d2b-08d2c4687efe
f 1130/3385/847 1131/3386/847 1132/3387/847 1133/3388/847
f 1129/3389/848 1130/3390/848 1133/3391/848 1134/3392/848
f 1135/3393/849 1129/3394/849 1134/3395/849 1136/3396/849
f 1131/3397/850 1135/3398/850 1136/3399/850 1132/3400/850
f 1136/3401/851 1134/3402/851 1133/3403/851 1132/3404/851
f 1131/3405/852 1130/3406/852 1129/3407/852 1135/3408/852
o cube
v 2.5625 1.6875 -0.75
v 2.5 1.6875 -0.75
v 2.5 5.0625 -0.75
v 2.5625 5.0625 -0.75
v 2.5625 1.6875 0.75
v 2.5625 5.0625 0.75
v 2.5 1.6875 0.75
v 2.5 5.0625 0.75
vt 0.560546875 0.28515625
vt 0.5625 0.28515625
vt 0.5625 0.390625
vt 0.560546875 0.390625
vt 0.296875 0.755859375
vt 0.34375 0.755859375
vt 0.34375 0.861328125
vt 0.296875 0.861328125
vt 0.564453125 0.25390625
vt 0.56640625 0.25390625
vt 0.56640625 0.359375
vt 0.564453125 0.359375
vt 0.322265625 0.6484375
vt 0.369140625 0.6484375
vt 0.369140625 0.75390625
vt 0.322265625 0.75390625
vt 0.66796875 0.39453125
vt 0.669921875 0.39453125
vt 0.669921875 0.44140625
vt 0.66796875 0.44140625
vt 0.669921875 0.296875
vt 0.671875 0.296875
vt 0.671875 0.34375
vt 0.669921875 0.34375
vn 0 0 -1
vn 1 0 0
vn 0 0 1
vn -1 0 0
vn 0 1 0
vn 0 -1 0
usemtl m_6efbde36-fe6b-30a1-7d2b-08d2c4687efe
f 1137/3409/853 1138/3410/853 1139/3411/853 1140/3412/853
f 1141/3413/854 1137/3414/854 1140/3415/854 1142/3416/854
f 1143/3417/855 1141/3418/855 1142/3419/855 1144/3420/855
f 1138/3421/856 1143/3422/856 1144/3423/856 1139/3424/856
f 1144/3425/857 1142/3426/857 1140/3427/857 1139/3428/857
f 1138/3429/858 1137/3430/858 1141/3431/858 1143/3432/858
o cube
v 2.5625 -0.5 -0.75
v 2.5 -0.5 -0.75
v 2.5 1 -0.75
v 2.5625 1 -0.75
v 2.5625 -0.5 0.75
v 2.5625 1 0.75
v 2.5 -0.5 0.75
v 2.5 1 0.75
vt 0.671875 0.8828125
vt 0.673828125 0.8828125
vt 0.673828125 0.9296875
vt 0.671875 0.9296875
vt 0.09765625 0.4296875
vt 0.14453125 0.4296875
vt 0.14453125 0.4765625
vt 0.09765625 0.4765625
vt 0.671875 0.833984375
vt 0.673828125 0.833984375
vt 0.673828125 0.880859375
vt 0.671875 0.880859375
vt 0.517578125 0.4296875
vt 0.564453125 0.4296875
vt 0.564453125 0.4765625
vt 0.517578125 0.4765625
vt 0.671875 0.78515625
vt 0.673828125 0.78515625
vt 0.673828125 0.83203125
vt 0.671875 0.83203125
vt 0.671875 0.736328125
vt 0.673828125 0.736328125
vt 0.673828125 0.783203125
vt 0.671875 0.783203125
vn 0 0 -1
vn 1 0 0
vn 0 0 1
vn -1 0 0
vn 0 1 0
vn 0 -1 0
usemtl m_6efbde36-fe6b-30a1-7d2b-08d2c4687efe
f 1145/3433/859 1146/3434/859 1147/3435/859 1148/3436/859
f 1149/3437/860 1145/3438/860 1148/3439/860 1150/3440/860
f 1151/3441/861 1149/3442/861 1150/3443/861 1152/3444/861
f 1146/3445/862 1151/3446/862 1152/3447/862 1147/3448/862
f 1152/3449/863 1150/3450/863 1148/3451/863 1147/3452/863
f 1146/3453/864 1145/3454/864 1149/3455/864 1151/3456/864
o cube
v -1 3.9375 -0.75
v -1.25 3.9375 -0.75
v -1.25 5.0625 -0.75
v -1 5.0625 -0.75
v -1 3.9375 0.75
v -1 5.0625 0.75
v -1.25 3.9375 0.75
v -1.25 5.0625 0.75
vt 0.154296875 0.505859375
vt 0.162109375 0.505859375
vt 0.162109375 0.541015625
vt 0.154296875 0.541015625
vt 0 0.384765625
vt 0.046875 0.384765625
vt 0.046875 0.419921875
vt 0 0.419921875
vt 0.1640625 0.505859375
vt 0.171875 0.505859375
vt 0.171875 0.541015625
vt 0.1640625 0.541015625
vt 0.5859375 0.96484375
vt 0.6328125 0.96484375
vt 0.6328125 1
vt 0.5859375 1
vt 0.25 0.62109375
vt 0.2578125 0.62109375
vt 0.2578125 0.66796875
vt 0.25 0.66796875
vt 0.259765625 0.62109375
vt 0.267578125 0.62109375
vt 0.267578125 0.66796875
vt 0.259765625 0.66796875
vn 0 0 -1
vn 1 0 0
vn 0 0 1
vn -1 0 0
vn 0 1 0
vn 0 -1 0
usemtl m_6efbde36-fe6b-30a1-7d2b-08d2c4687efe
f 1153/3457/865 1154/3458/865 1155/3459/865 1156/3460/865
f 1157/3461/866 1153/3462/866 1156/3463/866 1158/3464/866
f 1159/3465/867 1157/3466/867 1158/3467/867 1160/3468/867
f 1154/3469/868 1159/3470/868 1160/3471/868 1155/3472/868
f 1160/3473/869 1158/3474/869 1156/3475/869 1155/3476/869
f 1154/3477/870 1153/3478/870 1157/3479/870 1159/3480/870
o cube
v -0.75 4 -0.75
v -1 4 -0.75
v -1 5.0625 -0.75
v -0.75 5.0625 -0.75
v -0.75 4 0.75
v -0.75 5.0625 0.75
v -1 4 0.75
v -1 5.0625 0.75
vt 0.298828125 0.720703125
vt 0.306640625 0.720703125
vt 0.306640625 0.75390625
vt 0.298828125 0.75390625
vt 0.58984375 0.9296875
vt 0.63671875 0.9296875
vt 0.63671875 0.962890625
vt 0.58984375 0.962890625
vt 0.30859375 0.720703125
vt 0.31640625 0.720703125
vt 0.31640625 0.75390625
vt 0.30859375 0.75390625
vt 0.439453125 0.37109375
vt 0.486328125 0.37109375
vt 0.486328125 0.404296875
vt 0.439453125 0.404296875
vt 0.345703125 0.76171875
vt 0.353515625 0.76171875
vt 0.353515625 0.80859375
vt 0.345703125 0.80859375
vt 0.35546875 0.76171875
vt 0.36328125 0.76171875
vt 0.36328125 0.80859375
vt 0.35546875 0.80859375
vn 0 0 -1
vn 1 0 0
vn 0 0 1
vn -1 0 0
vn 0 1 0
vn 0 -1 0
usemtl m_6efbde36-fe6b-30a1-7d2b-08d2c4687efe
f 1161/3481/871 1162/3482/871 1163/3483/871 1164/3484/871
f 1165/3485/872 1161/3486/872 1164/3487/872 1166/3488/872
f 1167/3489/873 1165/3490/873 1166/3491/873 1168/3492/873
f 1162/3493/874 1167/3494/874 1168/3495/874 1163/3496/874
f 1168/3497/875 1166/3498/875 1164/3499/875 1163/3500/875
f 1162/3501/876 1161/3502/876 1165/3503/876 1167/3504/876
o cube
v 1 4 -0.75
v 0.75 4 -0.75
v 0.75 5.0625 -0.75
v 1 5.0625 -0.75
v 1 4 0.75
v 1 5.0625 0.75
v 0.75 4 0.75
v 0.75 5.0625 0.75
vt 0.173828125 0.5078125
vt 0.181640625 0.5078125
vt 0.181640625 0.541015625
vt 0.173828125 0.541015625
vt 0.56640625 0.361328125
vt 0.61328125 0.361328125
vt 0.61328125 0.39453125
vt 0.56640625 0.39453125
vt 0.4921875 0.857421875
vt 0.5 0.857421875
vt 0.5 0.890625
vt 0.4921875 0.890625
vt 0.244140625 0.357421875
vt 0.291015625 0.357421875
vt 0.291015625 0.390625
vt 0.244140625 0.390625
vt 0.189453125 0.572265625
vt 0.197265625 0.572265625
vt 0.197265625 0.619140625
vt 0.189453125 0.619140625
vt 0.25 0.572265625
vt 0.2578125 0.572265625
vt 0.2578125 0.619140625
vt 0.25 0.619140625
vn 0 0 -1
vn 1 0 0
vn 0 0 1
vn -1 0 0
vn 0 1 0
vn 0 -1 0
usemtl m_6efbde36-fe6b-30a1-7d2b-08d2c4687efe
f 1169/3505/877 1170/3506/877 1171/3507/877 1172/3508/877
f 1173/3509/878 1169/3510/878 1172/3511/878 1174/3512/878
f 1175/3513/879 1173/3514/879 1174/3515/879 1176/3516/879
f 1170/3517/880 1175/3518/880 1176/3519/880 1171/3520/880
f 1176/3521/881 1174/3522/881 1172/3523/881 1171/3524/881
f 1170/3525/882 1169/3526/882 1173/3527/882 1175/3528/882
o cube
v 0.75 4.0625 -0.75
v 0.4375 4.0625 -0.75
v 0.4375 5.0625 -0.75
v 0.75 5.0625 -0.75
v 0.75 4.0625 0.75
v 0.75 5.0625 0.75
v 0.4375 4.0625 0.75
v 0.4375 5.0625 0.75
vt 0.28125 0.830078125
vt 0.291015625 0.830078125
vt 0.291015625 0.861328125
vt 0.28125 0.861328125
vt 0.09765625 0.357421875
vt 0.14453125 0.357421875
vt 0.14453125 0.388671875
vt 0.09765625 0.388671875
vt 0.287109375 0.72265625
vt 0.296875 0.72265625
vt 0.296875 0.75390625
vt 0.287109375 0.75390625
vt 0.146484375 0.357421875
vt 0.193359375 0.357421875
vt 0.193359375 0.388671875
vt 0.146484375 0.388671875
vt 0.189453125 0.669921875
vt 0.19921875 0.669921875
vt 0.19921875 0.716796875
vt 0.189453125 0.716796875
vt 0.25 0.669921875
vt 0.259765625 0.669921875
vt 0.259765625 0.716796875
vt 0.25 0.716796875
vn 0 0 -1
vn 1 0 0
vn 0 0 1
vn -1 0 0
vn 0 1 0
vn 0 -1 0
usemtl m_6efbde36-fe6b-30a1-7d2b-08d2c4687efe
f 1177/3529/883 1178/3530/883 1179/3531/883 1180/3532/883
f 1181/3533/884 1177/3534/884 1180/3535/884 1182/3536/884
f 1183/3537/885 1181/3538/885 1182/3539/885 1184/3540/885
f 1178/3541/886 1183/3542/886 1184/3543/886 1179/3544/886
f 1184/3545/887 1182/3546/887 1180/3547/887 1179/3548/887
f 1178/3549/888 1177/3550/888 1181/3551/888 1183/3552/888
o cube
v 0.4375 4.0625 -0.75
v -0.75 4.0625 -0.75
v -0.75 5.0625 -0.75
v 0.4375 5.0625 -0.75
v 0.4375 4.0625 0.75
v 0.4375 5.0625 0.75
v -0.75 4.0625 0.75
v -0.75 5.0625 0.75
vt 0.048828125 0.5859375
vt 0.0859375 0.5859375
vt 0.0859375 0.6171875
vt 0.048828125 0.6171875
vt 0.1953125 0.357421875
vt 0.2421875 0.357421875
vt 0.2421875 0.388671875
vt 0.1953125 0.388671875
vt 0.048828125 0.552734375
vt 0.0859375 0.552734375
vt 0.0859375 0.583984375
vt 0.048828125 0.583984375
vt 0.390625 0.357421875
vt 0.4375 0.357421875
vt 0.4375 0.388671875
vt 0.390625 0.388671875
vt 0.048828125 0.66796875
vt 0.0859375 0.66796875
vt 0.0859375 0.71484375
vt 0.048828125 0.71484375
vt 0.048828125 0.619140625
vt 0.0859375 0.619140625
vt 0.0859375 0.666015625
vt 0.048828125 0.666015625
vn 0 0 -1
vn 1 0 0
vn 0 0 1
vn -1 0 0
vn 0 1 0
vn 0 -1 0
usemtl m_6efbde36-fe6b-30a1-7d2b-08d2c4687efe
f 1185/3553/889 1186/3554/889 1187/3555/889 1188/3556/889
f 1189/3557/890 1185/3558/890 1188/3559/890 1190/3560/890
f 1191/3561/891 1189/3562/891 1190/3563/891 1192/3564/891
f 1186/3565/892 1191/3566/892 1192/3567/892 1187/3568/892
f 1192/3569/893 1190/3570/893 1188/3571/893 1187/3572/893
f 1186/3573/894 1185/3574/894 1189/3575/894 1191/3576/894
o cube
v 2.625 -0.5 -0.75
v 2.5625 -0.5 -0.75
v 2.5625 5.0625 -0.75
v 2.625 5.0625 -0.75
v 2.625 -0.5 0.75
v 2.625 5.0625 0.75
v 2.5625 -0.5 0.75
v 2.5625 5.0625 0.75
vt 0.544921875 0.216796875
vt 0.546875 0.216796875
vt 0.546875 0.390625
vt 0.544921875 0.390625
vt 0.091796875 0.54296875
vt 0.138671875 0.54296875
vt 0.138671875 0.716796875
vt 0.091796875 0.716796875
vt 0.548828125 0.216796875
vt 0.55078125 0.216796875
vt 0.55078125 0.390625
vt 0.548828125 0.390625
vt 0.140625 0.54296875
vt 0.1875 0.54296875
vt 0.1875 0.716796875
vt 0.140625 0.716796875
vt 0.671875 0.6875
vt 0.673828125 0.6875
vt 0.673828125 0.734375
vt 0.671875 0.734375
vt 0.671875 0.638671875
vt 0.673828125 0.638671875
vt 0.673828125 0.685546875
vt 0.671875 0.685546875
vn 0 0 -1
vn 1 0 0
vn 0 0 1
vn -1 0 0
vn 0 1 0
vn 0 -1 0
usemtl m_6efbde36-fe6b-30a1-7d2b-08d2c4687efe
f 1193/3577/895 1194/3578/895 1195/3579/895 1196/3580/895
f 1197/3581/896 1193/3582/896 1196/3583/896 1198/3584/896
f 1199/3585/897 1197/3586/897 1198/3587/897 1200/3588/897
f 1194/3589/898 1199/3590/898 1200/3591/898 1195/3592/898
f 1200/3593/899 1198/3594/899 1196/3595/899 1195/3596/899
f 1194/3597/900 1193/3598/900 1197/3599/900 1199/3600/900
o cube
v 2.5 1 0.75
v 2.5 0.9375 -0.75
v 2.4375 0.9375 -0.75
v 2.4375 1 -0.75
v 2.5 1 -0.75
v 2.5 0.9375 0.75
v 2.4375 0.9375 0.75
v 2.4375 1 0.75
vt 0.05078125 0.716796875
vt 0.052734375 0.716796875
vt 0.052734375 0.71875
vt 0.05078125 0.71875
vt 0.6640625 0.359375
vt 0.7109375 0.359375
vt 0.7109375 0.361328125
vt 0.6640625 0.361328125
vt 0.0546875 0.716796875
vt 0.056640625 0.716796875
vt 0.056640625 0.71875
vt 0.0546875 0.71875
vt 0.6640625 0.35546875
vt 0.7109375 0.35546875
vt 0.7109375 0.357421875
vt 0.6640625 0.357421875
vt 0.67578125 0.78515625
vt 0.677734375 0.78515625
vt 0.677734375 0.83203125
vt 0.67578125 0.83203125
vt 0.67578125 0.736328125
vt 0.677734375 0.736328125
vt 0.677734375 0.783203125
vt 0.67578125 0.783203125
vn 0 0 -1
vn 1 0 0
vn 0 0 1
vn -1 0 0
vn 0 1 0
vn 0 -1 0
usemtl m_6efbde36-fe6b-30a1-7d2b-08d2c4687efe
f 1202/3601/901 1203/3602/901 1204/3603/901 1205/3604/901
f 1206/3605/902 1202/3606/902 1205/3607/902 1201/3608/902
f 1207/3609/903 1206/3610/903 1201/3611/903 1208/3612/903
f 1203/3613/904 1207/3614/904 1208/3615/904 1204/3616/904
f 1208/3617/905 1201/3618/905 1205/3619/905 1204/3620/905
f 1203/3621/906 1202/3622/906 1206/3623/906 1207/3624/906
o cube
v 0.875 -0.125 -0.3125
v 0.8125 -0.125 -0.3125
v 0.8125 -0.0625 -0.3125
v 0.875 -0.0625 -0.3125
v 0.875 -0.125 -0.1875
v 0.875 -0.0625 -0.1875
v 0.8125 -0.125 -0.1875
v 0.8125 -0.0625 -0.1875
vt 0.19140625 0.71875
vt 0.193359375 0.71875
vt 0.193359375 0.720703125
vt 0.19140625 0.720703125
vt 0.1875 0.71875
vt 0.19140625 0.71875
vt 0.19140625 0.720703125
vt 0.1875 0.720703125
vt 0.197265625 0.71875
vt 0.19921875 0.71875
vt 0.19921875 0.720703125
vt 0.197265625 0.720703125
vt 0.193359375 0.71875
vt 0.197265625 0.71875
vt 0.197265625 0.720703125
vt 0.193359375 0.720703125
vt 0.193359375 0.724609375
vt 0.19140625 0.724609375
vt 0.19140625 0.720703125
vt 0.193359375 0.720703125
vt 0.1953125 0.720703125
vt 0.193359375 0.720703125
vt 0.193359375 0.724609375
vt 0.1953125 0.724609375
vn 0 0 -1
vn 1 0 0
vn 0 0 1
vn -1 0 0
vn 0 1 0
vn 0 -1 0
usemtl m_6efbde36-fe6b-30a1-7d2b-08d2c4687efe
f 1209/3625/907 1210/3626/907 1211/3627/907 1212/3628/907
f 1213/3629/908 1209/3630/908 1212/3631/908 1214/3632/908
f 1215/3633/909 1213/3634/909 1214/3635/909 1216/3636/909
f 1210/3637/910 1215/3638/910 1216/3639/910 1211/3640/910
f 1216/3641/911 1214/3642/911 1212/3643/911 1211/3644/911
f 1210/3645/912 1209/3646/912 1213/3647/912 1215/3648/912